0.000000 0.000000 0.800000 0.000000 0.500000 0.000000 0.000000 0.000000
0.000010 0.005001 0.800000 0.002085 0.500246 0.000000 0.000000 0.000000
0.000042 0.010005 0.800000 0.004173 0.500483 0.000000 0.000000 0.000000
0.000094 0.015011 0.800000 0.006264 0.500711 0.000000 0.000000 0.000000
0.000167 0.020019 0.800000 0.008358 0.500930 0.000000 0.000000 0.000000
0.000261 0.025029 0.800000 0.010455 0.501141 0.000000 0.000000 0.000000
0.000376 0.030042 0.800000 0.012555 0.501343 0.000000 0.000000 0.000000
0.000512 0.035056 0.800000 0.014658 0.501536 0.000000 0.000000 0.000000
0.000669 0.040073 0.800000 0.016764 0.501720 0.000000 0.000000 0.000000
0.000847 0.045091 0.800000 0.018872 0.501895 0.000000 0.000000 0.000000
0.001047 0.050110 0.800000 0.020984 0.502062 0.000000 0.000000 0.000000
0.001267 0.055132 0.800000 0.023098 0.502219 0.000000 0.000000 0.000000
0.001509 0.060155 0.800000 0.025215 0.502368 0.000000 0.000000 0.000000
0.001771 0.065179 0.800000 0.027335 0.502507 0.000000 0.000000 0.000000
0.002055 0.070205 0.800000 0.029457 0.502638 0.000000 0.000000 0.000000
0.002361 0.075232 0.800000 0.031582 0.502759 0.000000 0.000000 0.000000
0.002687 0.080260 0.800000 0.033709 0.502871 0.000000 0.000000 0.000000
0.003035 0.085289 0.800000 0.035839 0.502975 0.000000 0.000000 0.000000
0.003404 0.090320 0.800000 0.037972 0.503069 0.000000 0.000000 0.000000
0.003794 0.095351 0.800000 0.040107 0.503154 0.000000 0.000000 0.000000
0.004206 0.100383 0.800000 0.042244 0.503230 0.000000 0.000000 0.000000
0.004639 0.105415 0.800000 0.044384 0.503297 0.000000 0.000000 0.000000
0.005094 0.110448 0.800000 0.046526 0.503354 0.000000 0.000000 0.000000
0.005570 0.115482 0.800000 0.048671 0.503403 0.000000 0.000000 0.000000
0.006067 0.120516 0.800000 0.050818 0.503442 0.000000 0.000000 0.000000
0.006586 0.125551 0.800000 0.052967 0.503472 0.000000 0.000000 0.000000
0.007126 0.130586 0.800000 0.055118 0.503492 0.000000 0.000000 0.000000
0.007688 0.135621 0.800000 0.057272 0.503503 0.000000 0.000000 0.000000
0.008272 0.140656 0.800000 0.059427 0.503505 0.000000 0.000000 0.000000
0.008877 0.145691 0.800000 0.061585 0.503498 0.000000 0.000000 0.000000
0.009504 0.150726 0.800000 0.063744 0.503481 0.000000 0.000000 0.000000
0.010152 0.155761 0.800000 0.065906 0.503455 0.000000 0.000000 0.000000
0.010822 0.160795 0.800000 0.068070 0.503419 0.000000 0.000000 0.000000
0.011513 0.165829 0.800000 0.070235 0.503374 0.000000 0.000000 0.000000
0.012226 0.170862 0.800000 0.072403 0.503319 0.000000 0.000000 0.000000
0.012961 0.175895 0.800000 0.074572 0.503255 0.000000 0.000000 0.000000
0.013718 0.180927 0.800000 0.076743 0.503181 0.000000 0.000000 0.000000
0.014496 0.185959 0.800000 0.078916 0.503098 0.000000 0.000000 0.000000
0.015296 0.190989 0.800000 0.081091 0.503005 0.000000 0.000000 0.000000
0.016118 0.196019 0.800000 0.083267 0.502903 0.000000 0.000000 0.000000
0.016962 0.201047 0.800000 0.085445 0.502791 0.000000 0.000000 0.000000
0.017827 0.206075 0.800000 0.087625 0.502670 0.000000 0.000000 0.000000
0.018714 0.211101 0.800000 0.089806 0.502539 0.000000 0.000000 0.000000
0.019623 0.216125 0.800000 0.091988 0.502398 0.000000 0.000000 0.000000
0.020554 0.221149 0.800000 0.094172 0.502247 0.000000 0.000000 0.000000
0.021506 0.226170 0.800000 0.096358 0.502087 0.000000 0.000000 0.000000
0.022481 0.231190 0.800000 0.098545 0.501917 0.000000 0.000000 0.000000
0.023477 0.236209 0.800000 0.100733 0.501738 0.000000 0.000000 0.000000
0.024496 0.241225 0.800000 0.102923 0.501549 0.000000 0.000000 0.000000
0.025536 0.246240 0.800000 0.105114 0.501349 0.000000 0.000000 0.000000
0.026598 0.251252 0.800000 0.107306 0.501140 0.000000 0.000000 0.000000
0.027682 0.256262 0.800000 0.109499 0.500922 0.000000 0.000000 0.000000
0.028788 0.261270 0.800000 0.111693 0.500693 0.000000 0.000000 0.000000
0.029916 0.266276 0.800000 0.113889 0.500455 0.000000 0.000000 0.000000
0.031066 0.271280 0.800000 0.116085 0.500206 0.000000 0.000000 0.000000
0.032238 0.276280 0.800000 0.118283 0.499948 0.000000 0.000000 0.000000
0.033431 0.281278 0.800000 0.120481 0.499680 0.000000 0.000000 0.000000
0.034647 0.286274 0.800000 0.122680 0.499402 0.000000 0.000000 0.000000
0.035885 0.291266 0.800000 0.124880 0.499114 0.000000 0.000000 0.000000
0.037145 0.296256 0.800000 0.127082 0.498816 0.000000 0.000000 0.000000
0.038427 0.301243 0.800000 0.129283 0.498509 0.000000 0.000000 0.000000
0.039730 0.306226 0.800000 0.131486 0.498191 0.000000 0.000000 0.000000
0.041056 0.311207 0.800000 0.133689 0.497863 0.000000 0.000000 0.000000
0.042404 0.316183 0.800000 0.135893 0.497525 0.000000 0.000000 0.000000
0.043774 0.321157 0.800000 0.138098 0.497177 0.000000 0.000000 0.000000
0.045166 0.326127 0.800000 0.140303 0.496819 0.000000 0.000000 0.000000
0.046580 0.331093 0.800000 0.142508 0.496451 0.000000 0.000000 0.000000
0.048016 0.336056 0.800000 0.144714 0.496073 0.000000 0.000000 0.000000
0.049475 0.341015 0.800000 0.146921 0.495685 0.000000 0.000000 0.000000
0.050955 0.345970 0.800000 0.149127 0.495286 0.000000 0.000000 0.000000
0.052457 0.350920 0.800000 0.151334 0.494878 0.000000 0.000000 0.000000
0.053981 0.355867 0.800000 0.153542 0.494459 0.000000 0.000000 0.000000
0.055528 0.360810 0.800000 0.155749 0.494030 0.000000 0.000000 0.000000
0.057096 0.365748 0.800000 0.157957 0.493591 0.000000 0.000000 0.000000
0.058687 0.370681 0.800000 0.160165 0.493142 0.000000 0.000000 0.000000
0.060300 0.375611 0.800000 0.162373 0.492683 0.000000 0.000000 0.000000
0.061935 0.380535 0.800000 0.164581 0.492213 0.000000 0.000000 0.000000
0.063591 0.385455 0.800000 0.166790 0.491733 0.000000 0.000000 0.000000
0.065270 0.390370 0.800000 0.168998 0.491243 0.000000 0.000000 0.000000
0.066971 0.395280 0.800000 0.171205 0.490743 0.000000 0.000000 0.000000
0.068694 0.400185 0.800000 0.173413 0.490232 0.000000 0.000000 0.000000
0.070440 0.405084 0.800000 0.175621 0.489712 0.000000 0.000000 0.000000
0.072207 0.409979 0.800000 0.177828 0.489180 0.000000 0.000000 0.000000
0.073996 0.414868 0.800000 0.180035 0.488639 0.000000 0.000000 0.000000
0.075808 0.419751 0.800000 0.182242 0.488087 0.000000 0.000000 0.000000
0.077641 0.424630 0.800000 0.184448 0.487525 0.000000 0.000000 0.000000
0.079496 0.429502 0.800000 0.186654 0.486952 0.000000 0.000000 0.000000
0.081374 0.434369 0.800000 0.188860 0.486369 0.000000 0.000000 0.000000
0.083274 0.439229 0.800000 0.191065 0.485776 0.000000 0.000000 0.000000
0.085195 0.444084 0.800000 0.193269 0.485172 0.000000 0.000000 0.000000
0.087139 0.448933 0.800000 0.195473 0.484558 0.000000 0.000000 0.000000
0.089105 0.453775 0.800000 0.197676 0.483934 0.000000 0.000000 0.000000
0.091093 0.458611 0.800000 0.199878 0.483299 0.000000 0.000000 0.000000
0.093102 0.463441 0.800000 0.202080 0.482653 0.000000 0.000000 0.000000
0.095134 0.468264 0.800000 0.204280 0.481998 0.000000 0.000000 0.000000
0.097188 0.473081 0.800000 0.206480 0.481331 0.000000 0.000000 0.000000
0.099264 0.477891 0.800000 0.208679 0.480655 0.000000 0.000000 0.000000
0.101362 0.482694 0.800000 0.210877 0.479968 0.000000 0.000000 0.000000
0.103481 0.487490 0.800000 0.213074 0.479270 0.000000 0.000000 0.000000
0.105623 0.492279 0.800000 0.215270 0.478562 0.000000 0.000000 0.000000
0.107787 0.497061 0.800000 0.217464 0.477843 0.000000 0.000000 0.000000
0.109972 0.501836 0.800000 0.219658 0.477114 0.000000 0.000000 0.000000
0.112180 0.506604 0.800000 0.221850 0.476375 0.000000 0.000000 0.000000
0.114409 0.511364 0.800000 0.224041 0.475624 0.000000 0.000000 0.000000
0.116661 0.516116 0.800000 0.226231 0.474864 0.000000 0.000000 0.000000
0.118934 0.520861 0.800000 0.228419 0.474093 0.000000 0.000000 0.000000
0.121229 0.525598 0.800000 0.230606 0.473311 0.000000 0.000000 0.000000
0.123546 0.530327 0.800000 0.232792 0.472518 0.000000 0.000000 0.000000
0.125885 0.535048 0.800000 0.234975 0.471716 0.000000 0.000000 0.000000
0.128246 0.539761 0.800000 0.237158 0.470902 0.000000 0.000000 0.000000
0.130628 0.544466 0.800000 0.239338 0.470078 0.000000 0.000000 0.000000
0.133032 0.549163 0.800000 0.241517 0.469244 0.000000 0.000000 0.000000
0.135458 0.553851 0.800000 0.243695 0.468398 0.000000 0.000000 0.000000
0.137906 0.558531 0.800000 0.245870 0.467543 0.000000 0.000000 0.000000
0.140376 0.563202 0.800000 0.248044 0.466676 0.000000 0.000000 0.000000
0.142867 0.567864 0.800000 0.250215 0.465799 0.000000 0.000000 0.000000
0.145380 0.572518 0.800000 0.252385 0.464912 0.000000 0.000000 0.000000
0.147915 0.577163 0.800000 0.254553 0.464013 0.000000 0.000000 0.000000
0.150471 0.581798 0.800000 0.256718 0.463105 0.000000 0.000000 0.000000
0.153049 0.586425 0.800000 0.258882 0.462185 0.000000 0.000000 0.000000
0.155649 0.591042 0.800000 0.261043 0.461255 0.000000 0.000000 0.000000
0.158270 0.595650 0.800000 0.263203 0.460314 0.000000 0.000000 0.000000
0.160913 0.600248 0.800000 0.265360 0.459363 0.000000 0.000000 0.000000
0.163577 0.604837 0.800000 0.267514 0.458401 0.000000 0.000000 0.000000
0.166263 0.609416 0.800000 0.269667 0.457429 0.000000 0.000000 0.000000
0.168970 0.613985 0.800000 0.271816 0.456445 0.000000 0.000000 0.000000
0.171699 0.618545 0.800000 0.273964 0.455451 0.000000 0.000000 0.000000
0.174450 0.623094 0.800000 0.276109 0.454447 0.000000 0.000000 0.000000
0.177222 0.627634 0.800000 0.278251 0.453432 0.000000 0.000000 0.000000
0.180015 0.632163 0.800000 0.280391 0.452406 0.000000 0.000000 0.000000
0.182829 0.636682 0.800000 0.282528 0.451369 0.000000 0.000000 0.000000
0.185665 0.641190 0.800000 0.284662 0.450322 0.000000 0.000000 0.000000
0.188523 0.645688 0.800000 0.286793 0.449265 0.000000 0.000000 0.000000
0.191401 0.650176 0.800000 0.288922 0.448196 0.000000 0.000000 0.000000
0.194301 0.654652 0.800000 0.291047 0.447117 0.000000 0.000000 0.000000
0.197222 0.659118 0.800000 0.293170 0.446027 0.000000 0.000000 0.000000
0.200164 0.663573 0.800000 0.295290 0.444927 0.000000 0.000000 0.000000
0.203128 0.668016 0.800000 0.297406 0.443816 0.000000 0.000000 0.000000
0.206113 0.672449 0.800000 0.299520 0.442694 0.000000 0.000000 0.000000
0.209118 0.676870 0.800000 0.301630 0.441562 0.000000 0.000000 0.000000
0.212145 0.681280 0.800000 0.303737 0.440419 0.000000 0.000000 0.000000
0.215193 0.685679 0.800000 0.305841 0.439265 0.000000 0.000000 0.000000
0.218262 0.690065 0.800000 0.307942 0.438101 0.000000 0.000000 0.000000
0.221352 0.694441 0.800000 0.310039 0.436926 0.000000 0.000000 0.000000
0.224463 0.698804 0.800000 0.312132 0.435740 0.000000 0.000000 0.000000
0.227594 0.703155 0.800000 0.314223 0.434544 0.000000 0.000000 0.000000
0.230747 0.707495 0.800000 0.316309 0.433337 0.000000 0.000000 0.000000
0.233921 0.711822 0.800000 0.318392 0.432119 0.000000 0.000000 0.000000
0.237115 0.716137 0.800000 0.320471 0.430891 0.000000 0.000000 0.000000
0.240330 0.720440 0.800000 0.322547 0.429652 0.000000 0.000000 0.000000
0.243566 0.724730 0.800000 0.324619 0.428403 0.000000 0.000000 0.000000
0.246822 0.729008 0.800000 0.326687 0.427143 0.000000 0.000000 0.000000
0.250100 0.733273 0.800000 0.328751 0.425872 0.000000 0.000000 0.000000
0.253397 0.737525 0.800000 0.330811 0.424591 0.000000 0.000000 0.000000
0.256716 0.741765 0.800000 0.332867 0.423299 0.000000 0.000000 0.000000
0.260055 0.745991 0.800000 0.334919 0.421996 0.000000 0.000000 0.000000
0.263414 0.750205 0.800000 0.336967 0.420683 0.000000 0.000000 0.000000
0.266794 0.754405 0.800000 0.339011 0.419359 0.000000 0.000000 0.000000
0.270194 0.758592 0.800000 0.341050 0.418025 0.000000 0.000000 0.000000
0.273615 0.762765 0.800000 0.343085 0.416680 0.000000 0.000000 0.000000
0.277056 0.766925 0.800000 0.345116 0.415325 0.000000 0.000000 0.000000
0.280517 0.771072 0.800000 0.347143 0.413959 0.000000 0.000000 0.000000
0.283999 0.775204 0.800000 0.349165 0.412582 0.000000 0.000000 0.000000
0.287501 0.779323 0.800000 0.351183 0.411195 0.000000 0.000000 0.000000
0.291023 0.783428 0.800000 0.353196 0.409797 0.000000 0.000000 0.000000
0.294565 0.787519 0.800000 0.355204 0.408389 0.000000 0.000000 0.000000
0.298127 0.791596 0.800000 0.357208 0.406970 0.000000 0.000000 0.000000
0.301709 0.795659 0.800000 0.359207 0.405541 0.000000 0.000000 0.000000
0.305311 0.799707 0.800000 0.361201 0.404101 0.000000 0.000000 0.000000
0.308933 0.803741 0.800000 0.363190 0.402651 0.000000 0.000000 0.000000
0.312575 0.807760 0.800000 0.365175 0.401190 0.000000 0.000000 0.000000
0.316236 0.811764 0.800000 0.367154 0.399719 0.000000 0.000000 0.000000
0.319918 0.815754 0.800000 0.369129 0.398237 0.000000 0.000000 0.000000
0.323619 0.819729 0.800000 0.371098 0.396745 0.000000 0.000000 0.000000
0.327340 0.823689 0.800000 0.373063 0.395242 0.000000 0.000000 0.000000
0.331080 0.827634 0.800000 0.375022 0.393729 0.000000 0.000000 0.000000
0.334840 0.831564 0.800000 0.376976 0.392206 0.000000 0.000000 0.000000
0.338619 0.835478 0.800000 0.378924 0.390672 0.000000 0.000000 0.000000
0.342418 0.839377 0.800000 0.380867 0.389128 0.000000 0.000000 0.000000
0.346237 0.843261 0.800000 0.382805 0.387573 0.000000 0.000000 0.000000
0.350075 0.847128 0.800000 0.384738 0.386008 0.000000 0.000000 0.000000
0.353932 0.850981 0.800000 0.386664 0.384432 0.000000 0.000000 0.000000
0.357808 0.854817 0.800000 0.388586 0.382847 0.000000 0.000000 0.000000
0.361703 0.858638 0.800000 0.390501 0.381250 0.000000 0.000000 0.000000
0.365618 0.862442 0.800000 0.392411 0.379644 0.000000 0.000000 0.000000
0.369551 0.866230 0.800000 0.394315 0.378027 0.000000 0.000000 0.000000
0.373504 0.870003 0.800000 0.396214 0.376400 0.000000 0.000000 0.000000
0.377476 0.873758 0.800000 0.398106 0.374763 0.000000 0.000000 0.000000
0.381466 0.877498 0.800000 0.399993 0.373115 0.000000 0.000000 0.000000
0.385476 0.881221 0.800000 0.401873 0.371457 0.000000 0.000000 0.000000
0.389504 0.884927 0.800000 0.403748 0.369789 0.000000 0.000000 0.000000
0.393550 0.888616 0.800000 0.405616 0.368111 0.000000 0.000000 0.000000
0.397616 0.892289 0.800000 0.407479 0.366422 0.000000 0.000000 0.000000
0.401700 0.895945 0.800000 0.409335 0.364723 0.000000 0.000000 0.000000
0.405803 0.899584 0.800000 0.411185 0.363014 0.000000 0.000000 0.000000
0.409924 0.903205 0.800000 0.413028 0.361295 0.000000 0.000000 0.000000
0.414063 0.906809 0.800000 0.414865 0.359566 0.000000 0.000000 0.000000
0.418221 0.910396 0.800000 0.416696 0.357827 0.000000 0.000000 0.000000
0.422397 0.913966 0.800000 0.418520 0.356077 0.000000 0.000000 0.000000
0.426591 0.917518 0.800000 0.420338 0.354318 0.000000 0.000000 0.000000
0.430804 0.921052 0.800000 0.422149 0.352548 0.000000 0.000000 0.000000
0.435034 0.924569 0.800000 0.423953 0.350769 0.000000 0.000000 0.000000
0.439283 0.928068 0.800000 0.425751 0.348979 0.000000 0.000000 0.000000
0.443549 0.931548 0.800000 0.427542 0.347179 0.000000 0.000000 0.000000
0.447834 0.935011 0.800000 0.429326 0.345370 0.000000 0.000000 0.000000
0.452136 0.938456 0.800000 0.431103 0.343550 0.000000 0.000000 0.000000
0.456456 0.941882 0.800000 0.432873 0.341721 0.000000 0.000000 0.000000
0.460793 0.945290 0.800000 0.434637 0.339881 0.000000 0.000000 0.000000
0.465148 0.948680 0.800000 0.436393 0.338032 0.000000 0.000000 0.000000
0.469521 0.952051 0.800000 0.438142 0.336172 0.000000 0.000000 0.000000
0.473911 0.955403 0.800000 0.439883 0.334303 0.000000 0.000000 0.000000
0.478319 0.958737 0.800000 0.441618 0.332424 0.000000 0.000000 0.000000
0.482744 0.962052 0.800000 0.443345 0.330536 0.000000 0.000000 0.000000
0.487186 0.965347 0.800000 0.445065 0.328637 0.000000 0.000000 0.000000
0.491645 0.968624 0.800000 0.446778 0.326729 0.000000 0.000000 0.000000
0.496121 0.971882 0.800000 0.448483 0.324811 0.000000 0.000000 0.000000
0.500614 0.975120 0.800000 0.450181 0.322883 0.000000 0.000000 0.000000
0.505125 0.978340 0.800000 0.451871 0.320946 0.000000 0.000000 0.000000
0.509652 0.981539 0.800000 0.453553 0.318998 0.000000 0.000000 0.000000
0.514196 0.984720 0.800000 0.455228 0.317042 0.000000 0.000000 0.000000
0.518756 0.987880 0.800000 0.456895 0.315075 0.000000 0.000000 0.000000
0.523334 0.991021 0.800000 0.458554 0.313099 0.000000 0.000000 0.000000
0.527927 0.994142 0.800000 0.460205 0.311114 0.000000 0.000000 0.000000
0.532538 0.997243 0.800000 0.461848 0.309118 0.000000 0.000000 0.000000
0.537164 1.000324 0.800000 0.463484 0.307114 0.000000 0.000000 0.000000
0.541807 1.003385 0.800000 0.465111 0.305100 0.000000 0.000000 0.000000
0.546467 1.006426 0.800000 0.466730 0.303076 0.000000 0.000000 0.000000
0.551142 1.009447 0.800000 0.468341 0.301043 0.000000 0.000000 0.000000
0.555833 1.012447 0.800000 0.469944 0.299001 0.000000 0.000000 0.000000
0.560541 1.015427 0.800000 0.471539 0.296949 0.000000 0.000000 0.000000
0.565264 1.018386 0.800000 0.473125 0.294888 0.000000 0.000000 0.000000
0.570003 1.021325 0.800000 0.474703 0.292817 0.000000 0.000000 0.000000
0.574758 1.024242 0.800000 0.476273 0.290737 0.000000 0.000000 0.000000
0.579529 1.027139 0.800000 0.477834 0.288648 0.000000 0.000000 0.000000
0.584315 1.030015 0.800000 0.479386 0.286550 0.000000 0.000000 0.000000
0.589116 1.032870 0.800000 0.480930 0.284443 0.000000 0.000000 0.000000
0.593933 1.035704 0.800000 0.482466 0.282326 0.000000 0.000000 0.000000
0.598766 1.038517 0.800000 0.483992 0.280200 0.000000 0.000000 0.000000
0.603613 1.041308 0.800000 0.485510 0.278065 0.000000 0.000000 0.000000
0.608476 1.044078 0.800000 0.487019 0.275921 0.000000 0.000000 0.000000
0.613354 1.046827 0.800000 0.488519 0.273768 0.000000 0.000000 0.000000
0.618246 1.049553 0.800000 0.490010 0.271606 0.000000 0.000000 0.000000
0.623154 1.052259 0.800000 0.491492 0.269435 0.000000 0.000000 0.000000
0.628076 1.054942 0.800000 0.492966 0.267255 0.000000 0.000000 0.000000
0.633013 1.057604 0.800000 0.494430 0.265066 0.000000 0.000000 0.000000
0.637965 1.060243 0.800000 0.495885 0.262869 0.000000 0.000000 0.000000
0.642931 1.062861 0.800000 0.497330 0.260662 0.000000 0.000000 0.000000
0.647911 1.065457 0.800000 0.498767 0.258447 0.000000 0.000000 0.000000
0.652906 1.068030 0.800000 0.500194 0.256222 0.000000 0.000000 0.000000
0.657915 1.070581 0.800000 0.501612 0.253989 0.000000 0.000000 0.000000
0.662938 1.073110 0.800000 0.503020 0.251748 0.000000 0.000000 0.000000
0.667975 1.075616 0.800000 0.504419 0.249497 0.000000 0.000000 0.000000
0.673026 1.078100 0.800000 0.505808 0.247238 0.000000 0.000000 0.000000
0.678091 1.080561 0.800000 0.507188 0.244971 0.000000 0.000000 0.000000
0.683170 1.082999 0.800000 0.508558 0.242695 0.000000 0.000000 0.000000
0.688263 1.085415 0.800000 0.509919 0.240410 0.000000 0.000000 0.000000
0.693369 1.087807 0.800000 0.511269 0.238117 0.000000 0.000000 0.000000
0.698488 1.090177 0.800000 0.512610 0.235815 0.000000 0.000000 0.000000
0.703621 1.092524 0.800000 0.513941 0.233505 0.000000 0.000000 0.000000
0.708767 1.094847 0.800000 0.515262 0.231187 0.000000 0.000000 0.000000
0.713926 1.097147 0.800000 0.516573 0.228860 0.000000 0.000000 0.000000
0.719098 1.099424 0.800000 0.517875 0.226525 0.000000 0.000000 0.000000
0.724283 1.101678 0.800000 0.519166 0.224181 0.000000 0.000000 0.000000
0.729481 1.103908 0.800000 0.520447 0.221830 0.000000 0.000000 0.000000
0.734692 1.106114 0.800000 0.521717 0.219470 0.000000 0.000000 0.000000
0.739916 1.108297 0.800000 0.522978 0.217102 0.000000 0.000000 0.000000
0.745152 1.110456 0.800000 0.524228 0.214726 0.000000 0.000000 0.000000
0.750400 1.112592 0.800000 0.525468 0.212342 0.000000 0.000000 0.000000
0.755661 1.114703 0.800000 0.526697 0.209950 0.000000 0.000000 0.000000
0.760934 1.116791 0.800000 0.527916 0.207550 0.000000 0.000000 0.000000
0.766219 1.118854 0.800000 0.529125 0.205142 0.000000 0.000000 0.000000
0.771517 1.120893 0.800000 0.530323 0.202726 0.000000 0.000000 0.000000
0.776826 1.122909 0.800000 0.531510 0.200302 0.000000 0.000000 0.000000
0.782147 1.124899 0.800000 0.532687 0.197871 0.000000 0.000000 0.000000
0.787480 1.126866 0.800000 0.533853 0.195432 0.000000 0.000000 0.000000
0.792824 1.128808 0.800000 0.535008 0.192985 0.000000 0.000000 0.000000
0.798180 1.130726 0.800000 0.536152 0.190530 0.000000 0.000000 0.000000
0.803547 1.132619 0.800000 0.537286 0.188067 0.000000 0.000000 0.000000
0.808925 1.134487 0.800000 0.538409 0.185598 0.000000 0.000000 0.000000
0.814315 1.136331 0.800000 0.539520 0.183120 0.000000 0.000000 0.000000
0.819716 1.138149 0.800000 0.540621 0.180635 0.000000 0.000000 0.000000
0.825127 1.139943 0.800000 0.541711 0.178143 0.000000 0.000000 0.000000
0.830550 1.141712 0.800000 0.542789 0.175643 0.000000 0.000000 0.000000
0.835983 1.143456 0.800000 0.543856 0.173136 0.000000 0.000000 0.000000
0.841427 1.145175 0.800000 0.544912 0.170621 0.000000 0.000000 0.000000
0.846881 1.146868 0.800000 0.545957 0.168099 0.000000 0.000000 0.000000
0.852346 1.148537 0.800000 0.546991 0.165570 0.000000 0.000000 0.000000
0.857821 1.150180 0.800000 0.548013 0.163034 0.000000 0.000000 0.000000
0.863306 1.151797 0.800000 0.549023 0.160491 0.000000 0.000000 0.000000
0.868802 1.153390 0.800000 0.550023 0.157940 0.000000 0.000000 0.000000
0.874307 1.154956 0.800000 0.551010 0.155383 0.000000 0.000000 0.000000
0.879822 1.156497 0.800000 0.551986 0.152818 0.000000 0.000000 0.000000
0.885346 1.158013 0.800000 0.552951 0.150247 0.000000 0.000000 0.000000
0.890881 1.159502 0.800000 0.553904 0.147669 0.000000 0.000000 0.000000
0.896424 1.160966 0.800000 0.554845 0.145084 0.000000 0.000000 0.000000
0.901978 1.162404 0.800000 0.555774 0.142492 0.000000 0.000000 0.000000
0.907540 1.163816 0.800000 0.556692 0.139893 0.000000 0.000000 0.000000
0.913111 1.165202 0.800000 0.557598 0.137288 0.000000 0.000000 0.000000
0.918692 1.166561 0.800000 0.558491 0.134676 0.000000 0.000000 0.000000
0.924281 1.167895 0.800000 0.559373 0.132058 0.000000 0.000000 0.000000
0.929879 1.169203 0.800000 0.560243 0.129433 0.000000 0.000000 0.000000
0.935486 1.170484 0.800000 0.561101 0.126801 0.000000 0.000000 0.000000
0.941101 1.171739 0.800000 0.561946 0.124164 0.000000 0.000000 0.000000
0.946725 1.172967 0.800000 0.562780 0.121519 0.000000 0.000000 0.000000
0.952357 1.174169 0.800000 0.563601 0.118869 0.000000 0.000000 0.000000
0.957997 1.175344 0.800000 0.564410 0.116212 0.000000 0.000000 0.000000
0.963645 1.176493 0.800000 0.565207 0.113549 0.000000 0.000000 0.000000
0.969301 1.177615 0.800000 0.565991 0.110880 0.000000 0.000000 0.000000
0.974965 1.178711 0.800000 0.566763 0.108204 0.000000 0.000000 0.000000
0.980636 1.179779 0.800000 0.567523 0.105523 0.000000 0.000000 0.000000
0.986315 1.180821 0.800000 0.568270 0.102836 0.000000 0.000000 0.000000
0.992002 1.181836 0.800000 0.569005 0.100143 0.000000 0.000000 0.000000
0.997695 1.182824 0.800000 0.569727 0.097443 0.000000 0.000000 0.000000
1.003396 1.183785 0.800000 0.570436 0.094739 0.000000 0.000000 0.000000
1.009104 1.184719 0.800000 0.571133 0.092028 0.000000 0.000000 0.000000
1.014819 1.185626 0.800000 0.571817 0.089311 0.000000 0.000000 0.000000
1.020540 1.186505 0.800000 0.572489 0.086589 0.000000 0.000000 0.000000
1.026268 1.187357 0.800000 0.573147 0.083862 0.000000 0.000000 0.000000
1.032003 1.188182 0.800000 0.573793 0.081129 0.000000 0.000000 0.000000
1.037744 1.188980 0.800000 0.574426 0.078390 0.000000 0.000000 0.000000
1.043492 1.189750 0.800000 0.575046 0.075646 0.000000 0.000000 0.000000
1.049245 1.190493 0.800000 0.575653 0.072896 0.000000 0.000000 0.000000
1.055005 1.191208 0.800000 0.576247 0.070142 0.000000 0.000000 0.000000
1.060770 1.191896 0.800000 0.576828 0.067382 0.000000 0.000000 0.000000
1.066541 1.192556 0.800000 0.577396 0.064616 0.000000 0.000000 0.000000
1.072318 1.193188 0.800000 0.577950 0.061846 0.000000 0.000000 0.000000
1.078100 1.193792 0.800000 0.578492 0.059071 0.000000 0.000000 0.000000
1.083888 1.194369 0.800000 0.579020 0.056290 0.000000 0.000000 0.000000
1.089680 1.194918 0.800000 0.579535 0.053505 0.000000 0.000000 0.000000
1.095478 1.195439 0.800000 0.580037 0.050715 0.000000 0.000000 0.000000
1.101281 1.195933 0.800000 0.580526 0.047920 0.000000 0.000000 0.000000
1.107089 1.196398 0.800000 0.581001 0.045120 0.000000 0.000000 0.000000
1.112901 1.196835 0.800000 0.581462 0.042316 0.000000 0.000000 0.000000
1.118718 1.197244 0.800000 0.581910 0.039506 0.000000 0.000000 0.000000
1.124539 1.197625 0.800000 0.582345 0.036693 0.000000 0.000000 0.000000
1.130365 1.197978 0.800000 0.582766 0.033875 0.000000 0.000000 0.000000
1.136195 1.198302 0.800000 0.583174 0.031052 0.000000 0.000000 0.000000
1.142028 1.198599 0.800000 0.583568 0.028225 0.000000 0.000000 0.000000
1.147866 1.198867 0.800000 0.583948 0.025394 0.000000 0.000000 0.000000
1.153707 1.199107 0.800000 0.584315 0.022558 0.000000 0.000000 0.000000
1.159552 1.199318 0.800000 0.584668 0.019718 0.000000 0.000000 0.000000
1.165400 1.199501 0.800000 0.585007 0.016874 0.000000 0.000000 0.000000
1.171252 1.199656 0.800000 0.585332 0.014027 0.000000 0.000000 0.000000
1.177107 1.199782 0.800000 0.585643 0.011175 0.000000 0.000000 0.000000
1.182965 1.199879 0.800000 0.585941 0.008319 0.000000 0.000000 0.000000
1.188826 1.199948 0.800000 0.586225 0.005459 0.000000 0.000000 0.000000
1.194689 1.199988 0.800000 0.586494 0.002596 0.000000 0.000000 0.000000
1.200556 1.200000 0.800000 0.586750 -0.000272 0.000000 0.000000 0.000000
1.206424 1.199983 0.800000 0.586992 -0.003143 0.000000 0.000000 0.000000
1.212295 1.199937 0.800000 0.587219 -0.006017 0.000000 0.000000 0.000000
1.218169 1.199862 0.800000 0.587433 -0.008895 0.000000 0.000000 0.000000
1.224044 1.199759 0.800000 0.587632 -0.011777 0.000000 0.000000 0.000000
1.229921 1.199627 0.800000 0.587817 -0.014661 0.000000 0.000000 0.000000
1.235800 1.199466 0.800000 0.587988 -0.017550 0.000000 0.000000 0.000000
1.241681 1.199276 0.800000 0.588145 -0.020441 0.000000 0.000000 0.000000
1.247563 1.199057 0.800000 0.588287 -0.023336 0.000000 0.000000 0.000000
1.253447 1.198809 0.800000 0.588416 -0.026233 0.000000 0.000000 0.000000
1.259331 1.198532 0.800000 0.588529 -0.029134 0.000000 0.000000 0.000000
1.265217 1.198226 0.800000 0.588629 -0.032038 0.000000 0.000000 0.000000
1.271104 1.197892 0.800000 0.588714 -0.034945 0.000000 0.000000 0.000000
1.276991 1.197528 0.800000 0.588784 -0.037854 0.000000 0.000000 0.000000
1.282880 1.197134 0.800000 0.588841 -0.040766 0.000000 0.000000 0.000000
1.288768 1.196712 0.800000 0.588882 -0.043681 0.000000 0.000000 0.000000
1.294657 1.196261 0.800000 0.588909 -0.046599 0.000000 0.000000 0.000000
1.300546 1.195780 0.800000 0.588922 -0.049519 0.000000 0.000000 0.000000
1.306436 1.195270 0.800000 0.588920 -0.052442 0.000000 0.000000 0.000000
1.312325 1.194731 0.800000 0.588903 -0.055367 0.000000 0.000000 0.000000
1.318214 1.194163 0.800000 0.588872 -0.058294 0.000000 0.000000 0.000000
1.324102 1.193566 0.800000 0.588826 -0.061224 0.000000 0.000000 0.000000
1.329990 1.192939 0.800000 0.588765 -0.064156 0.000000 0.000000 0.000000
1.335877 1.192282 0.800000 0.588689 -0.067089 0.000000 0.000000 0.000000
1.341764 1.191597 0.800000 0.588599 -0.070025 0.000000 0.000000 0.000000
1.347649 1.190882 0.800000 0.588494 -0.072963 0.000000 0.000000 0.000000
1.353534 1.190138 0.800000 0.588374 -0.075903 0.000000 0.000000 0.000000
1.359417 1.189364 0.800000 0.588240 -0.078845 0.000000 0.000000 0.000000
1.365298 1.188561 0.800000 0.588090 -0.081788 0.000000 0.000000 0.000000
1.371178 1.187728 0.800000 0.587925 -0.084733 0.000000 0.000000 0.000000
1.377057 1.186866 0.800000 0.587746 -0.087680 0.000000 0.000000 0.000000
1.382933 1.185974 0.800000 0.587552 -0.090628 0.000000 0.000000 0.000000
1.388808 1.185053 0.800000 0.587342 -0.093578 0.000000 0.000000 0.000000
1.394680 1.184103 0.800000 0.587118 -0.096529 0.000000 0.000000 0.000000
1.400550 1.183123 0.800000 0.586878 -0.099481 0.000000 0.000000 0.000000
1.406418 1.182113 0.800000 0.586624 -0.102435 0.000000 0.000000 0.000000
1.412283 1.181074 0.800000 0.586354 -0.105389 0.000000 0.000000 0.000000
1.418145 1.180005 0.800000 0.586069 -0.108345 0.000000 0.000000 0.000000
1.424004 1.178907 0.800000 0.585770 -0.111302 0.000000 0.000000 0.000000
1.429860 1.177779 0.800000 0.585455 -0.114260 0.000000 0.000000 0.000000
1.435713 1.176622 0.800000 0.585124 -0.117218 0.000000 0.000000 0.000000
1.441562 1.175435 0.800000 0.584779 -0.120177 0.000000 0.000000 0.000000
1.447408 1.174218 0.800000 0.584418 -0.123137 0.000000 0.000000 0.000000
1.453251 1.172972 0.800000 0.584042 -0.126098 0.000000 0.000000 0.000000
1.459089 1.171697 0.800000 0.583651 -0.129059 0.000000 0.000000 0.000000
1.464924 1.170391 0.800000 0.583245 -0.132020 0.000000 0.000000 0.000000
1.470754 1.169056 0.800000 0.582823 -0.134982 0.000000 0.000000 0.000000
1.476580 1.167691 0.800000 0.582386 -0.137944 0.000000 0.000000 0.000000
1.482402 1.166297 0.800000 0.581934 -0.140907 0.000000 0.000000 0.000000
1.488219 1.164873 0.800000 0.581466 -0.143869 0.000000 0.000000 0.000000
1.494031 1.163420 0.800000 0.580983 -0.146832 0.000000 0.000000 0.000000
1.499838 1.161937 0.800000 0.580484 -0.149794 0.000000 0.000000 0.000000
1.505641 1.160424 0.800000 0.579970 -0.152757 0.000000 0.000000 0.000000
1.511438 1.158882 0.800000 0.579441 -0.155719 0.000000 0.000000 0.000000
1.517229 1.157310 0.800000 0.578896 -0.158681 0.000000 0.000000 0.000000
1.523016 1.155708 0.800000 0.578336 -0.161642 0.000000 0.000000 0.000000
1.528796 1.154077 0.800000 0.577760 -0.164604 0.000000 0.000000 0.000000
1.534571 1.152416 0.800000 0.577168 -0.167564 0.000000 0.000000 0.000000
1.540339 1.150725 0.800000 0.576561 -0.170524 0.000000 0.000000 0.000000
1.546102 1.149005 0.800000 0.575939 -0.173484 0.000000 0.000000 0.000000
1.551858 1.147256 0.800000 0.575301 -0.176442 0.000000 0.000000 0.000000
1.557608 1.145477 0.800000 0.574647 -0.179400 0.000000 0.000000 0.000000
1.563351 1.143668 0.800000 0.573978 -0.182357 0.000000 0.000000 0.000000
1.569087 1.141829 0.800000 0.573294 -0.185313 0.000000 0.000000 0.000000
1.574817 1.139962 0.800000 0.572593 -0.188267 0.000000 0.000000 0.000000
1.580539 1.138064 0.800000 0.571877 -0.191221 0.000000 0.000000 0.000000
1.586254 1.136137 0.800000 0.571146 -0.194173 0.000000 0.000000 0.000000
1.591962 1.134181 0.800000 0.570398 -0.197124 0.000000 0.000000 0.000000
1.597662 1.132195 0.800000 0.569635 -0.200074 0.000000 0.000000 0.000000
1.603355 1.130179 0.800000 0.568857 -0.203022 0.000000 0.000000 0.000000
1.609039 1.128134 0.800000 0.568063 -0.205968 0.000000 0.000000 0.000000
1.614716 1.126060 0.800000 0.567253 -0.208913 0.000000 0.000000 0.000000
1.620384 1.123956 0.800000 0.566427 -0.211856 0.000000 0.000000 0.000000
1.626044 1.121823 0.800000 0.565586 -0.214797 0.000000 0.000000 0.000000
1.631696 1.119660 0.800000 0.564729 -0.217737 0.000000 0.000000 0.000000
1.637339 1.117468 0.800000 0.563856 -0.220674 0.000000 0.000000 0.000000
1.642973 1.115247 0.800000 0.562967 -0.223609 0.000000 0.000000 0.000000
1.648598 1.112996 0.800000 0.562063 -0.226542 0.000000 0.000000 0.000000
1.654214 1.110716 0.800000 0.561143 -0.229473 0.000000 0.000000 0.000000
1.659821 1.108406 0.800000 0.560207 -0.232401 0.000000 0.000000 0.000000
1.665418 1.106068 0.800000 0.559255 -0.235327 0.000000 0.000000 0.000000
1.671006 1.103700 0.800000 0.558288 -0.238251 0.000000 0.000000 0.000000
1.676584 1.101303 0.800000 0.557305 -0.241171 0.000000 0.000000 0.000000
1.682152 1.098876 0.800000 0.556306 -0.244090 0.000000 0.000000 0.000000
1.687710 1.096421 0.800000 0.555292 -0.247005 0.000000 0.000000 0.000000
1.693258 1.093936 0.800000 0.554261 -0.249917 0.000000 0.000000 0.000000
1.698795 1.091423 0.800000 0.553215 -0.252827 0.000000 0.000000 0.000000
1.704322 1.088880 0.800000 0.552153 -0.255733 0.000000 0.000000 0.000000
1.709838 1.086308 0.800000 0.551075 -0.258637 0.000000 0.000000 0.000000
1.715344 1.083707 0.800000 0.549981 -0.261537 0.000000 0.000000 0.000000
1.720838 1.081077 0.800000 0.548872 -0.264434 0.000000 0.000000 0.000000
1.726321 1.078418 0.800000 0.547747 -0.267327 0.000000 0.000000 0.000000
1.731793 1.075731 0.800000 0.546606 -0.270217 0.000000 0.000000 0.000000
1.737253 1.073014 0.800000 0.545449 -0.273104 0.000000 0.000000 0.000000
1.742702 1.070269 0.800000 0.544276 -0.275986 0.000000 0.000000 0.000000
1.748139 1.067494 0.800000 0.543088 -0.278865 0.000000 0.000000 0.000000
1.753563 1.064691 0.800000 0.541884 -0.281741 0.000000 0.000000 0.000000
1.758976 1.061860 0.800000 0.540663 -0.284612 0.000000 0.000000 0.000000
1.764377 1.058999 0.800000 0.539428 -0.287479 0.000000 0.000000 0.000000
1.769765 1.056110 0.800000 0.538176 -0.290343 0.000000 0.000000 0.000000
1.775140 1.053192 0.800000 0.536909 -0.293202 0.000000 0.000000 0.000000
1.780503 1.050246 0.800000 0.535625 -0.296056 0.000000 0.000000 0.000000
1.785853 1.047271 0.800000 0.534326 -0.298907 0.000000 0.000000 0.000000
1.791189 1.044268 0.800000 0.533012 -0.301753 0.000000 0.000000 0.000000
1.796513 1.041236 0.800000 0.531681 -0.304594 0.000000 0.000000 0.000000
1.801823 1.038176 0.800000 0.530335 -0.307431 0.000000 0.000000 0.000000
1.807119 1.035087 0.800000 0.528973 -0.310263 0.000000 0.000000 0.000000
1.812402 1.031971 0.800000 0.527595 -0.313091 0.000000 0.000000 0.000000
1.817671 1.028826 0.800000 0.526201 -0.315913 0.000000 0.000000 0.000000
1.822926 1.025652 0.800000 0.524792 -0.318731 0.000000 0.000000 0.000000
1.828167 1.022451 0.800000 0.523367 -0.321543 0.000000 0.000000 0.000000
1.833393 1.019222 0.800000 0.521926 -0.324350 0.000000 0.000000 0.000000
1.838605 1.015964 0.800000 0.520470 -0.327152 0.000000 0.000000 0.000000
1.843803 1.012679 0.800000 0.518998 -0.329949 0.000000 0.000000 0.000000
1.848985 1.009365 0.800000 0.517510 -0.332740 0.000000 0.000000 0.000000
1.854153 1.006024 0.800000 0.516006 -0.335526 0.000000 0.000000 0.000000
1.859305 1.002655 0.800000 0.514487 -0.338306 0.000000 0.000000 0.000000
1.864443 0.999258 0.800000 0.512952 -0.341081 0.000000 0.000000 0.000000
1.869564 0.995833 0.800000 0.511402 -0.343849 0.000000 0.000000 0.000000
1.874671 0.992381 0.800000 0.509836 -0.346612 0.000000 0.000000 0.000000
1.879761 0.988901 0.800000 0.508254 -0.349369 0.000000 0.000000 0.000000
1.884836 0.985393 0.800000 0.506656 -0.352120 0.000000 0.000000 0.000000
1.889894 0.981858 0.800000 0.505043 -0.354864 0.000000 0.000000 0.000000
1.894936 0.978296 0.800000 0.503415 -0.357603 0.000000 0.000000 0.000000
1.899962 0.974706 0.800000 0.501771 -0.360335 0.000000 0.000000 0.000000
1.904972 0.971089 0.800000 0.500111 -0.363061 0.000000 0.000000 0.000000
1.909965 0.967445 0.800000 0.498436 -0.365780 0.000000 0.000000 0.000000
1.914941 0.963774 0.800000 0.496745 -0.368492 0.000000 0.000000 0.000000
1.919899 0.960075 0.800000 0.495039 -0.371198 0.000000 0.000000 0.000000
1.924841 0.956350 0.800000 0.493317 -0.373897 0.000000 0.000000 0.000000
1.929766 0.952597 0.800000 0.491580 -0.376590 0.000000 0.000000 0.000000
1.934673 0.948818 0.800000 0.489827 -0.379275 0.000000 0.000000 0.000000
1.939562 0.945012 0.800000 0.488059 -0.381953 0.000000 0.000000 0.000000
1.944434 0.941179 0.800000 0.486276 -0.384624 0.000000 0.000000 0.000000
1.949288 0.937320 0.800000 0.484477 -0.387288 0.000000 0.000000 0.000000
1.954123 0.933433 0.800000 0.482663 -0.389945 0.000000 0.000000 0.000000
1.958941 0.929521 0.800000 0.480833 -0.392594 0.000000 0.000000 0.000000
1.963740 0.925582 0.800000 0.478988 -0.395235 0.000000 0.000000 0.000000
1.968521 0.921616 0.800000 0.477128 -0.397870 0.000000 0.000000 0.000000
1.973283 0.917624 0.800000 0.475253 -0.400496 0.000000 0.000000 0.000000
1.978026 0.913606 0.800000 0.473362 -0.403115 0.000000 0.000000 0.000000
1.982750 0.909562 0.800000 0.471456 -0.405725 0.000000 0.000000 0.000000
1.987455 0.905492 0.800000 0.469535 -0.408328 0.000000 0.000000 0.000000
1.992140 0.901395 0.800000 0.467599 -0.410923 0.000000 0.000000 0.000000
1.996807 0.897273 0.800000 0.465647 -0.413509 0.000000 0.000000 0.000000
2.001453 0.893125 0.800000 0.463681 -0.416088 0.000000 0.000000 0.000000
2.006080 0.888951 0.800000 0.461699 -0.418658 0.000000 0.000000 0.000000
2.010687 0.884752 0.800000 0.459702 -0.421220 0.000000 0.000000 0.000000
2.015274 0.880527 0.800000 0.457691 -0.423773 0.000000 0.000000 0.000000
2.019841 0.876277 0.800000 0.455664 -0.426317 0.000000 0.000000 0.000000
2.024387 0.872001 0.800000 0.453622 -0.428853 0.000000 0.000000 0.000000
2.028913 0.867700 0.800000 0.451565 -0.431380 0.000000 0.000000 0.000000
2.033419 0.863373 0.800000 0.449494 -0.433899 0.000000 0.000000 0.000000
2.037903 0.859022 0.800000 0.447407 -0.436408 0.000000 0.000000 0.000000
2.042367 0.854645 0.800000 0.445306 -0.438908 0.000000 0.000000 0.000000
2.046809 0.850244 0.800000 0.443189 -0.441399 0.000000 0.000000 0.000000
2.051231 0.845817 0.800000 0.441058 -0.443881 0.000000 0.000000 0.000000
2.055630 0.841366 0.800000 0.438913 -0.446354 0.000000 0.000000 0.000000
2.060009 0.836890 0.800000 0.436752 -0.448817 0.000000 0.000000 0.000000
2.064365 0.832390 0.800000 0.434577 -0.451271 0.000000 0.000000 0.000000
2.068700 0.827865 0.800000 0.432387 -0.453715 0.000000 0.000000 0.000000
2.073013 0.823315 0.800000 0.430182 -0.456149 0.000000 0.000000 0.000000
2.077304 0.818742 0.800000 0.427963 -0.458574 0.000000 0.000000 0.000000
2.081572 0.814144 0.800000 0.425729 -0.460989 0.000000 0.000000 0.000000
2.085818 0.809522 0.800000 0.423481 -0.463394 0.000000 0.000000 0.000000
2.090042 0.804876 0.800000 0.421218 -0.465789 0.000000 0.000000 0.000000
2.094243 0.800206 0.800000 0.418941 -0.468173 0.000000 0.000000 0.000000
2.098421 0.795513 0.800000 0.416650 -0.470548 0.000000 0.000000 0.000000
2.102576 0.790795 0.800000 0.414344 -0.472912 0.000000 0.000000 0.000000
2.106707 0.786054 0.800000 0.412024 -0.475266 0.000000 0.000000 0.000000
2.110816 0.781290 0.800000 0.409689 -0.477609 0.000000 0.000000 0.000000
2.114901 0.776502 0.800000 0.407340 -0.479942 0.000000 0.000000 0.000000
2.118963 0.771691 0.800000 0.404977 -0.482264 0.000000 0.000000 0.000000
2.123001 0.766857 0.800000 0.402600 -0.484575 0.000000 0.000000 0.000000
2.127015 0.762000 0.800000 0.400209 -0.486876 0.000000 0.000000 0.000000
2.131005 0.757120 0.800000 0.397803 -0.489165 0.000000 0.000000 0.000000
2.134971 0.752217 0.800000 0.395384 -0.491444 0.000000 0.000000 0.000000
2.138912 0.747291 0.800000 0.392950 -0.493711 0.000000 0.000000 0.000000
2.142830 0.742342 0.800000 0.390503 -0.495968 0.000000 0.000000 0.000000
2.146722 0.737371 0.800000 0.388042 -0.498213 0.000000 0.000000 0.000000
2.150591 0.732378 0.800000 0.385567 -0.500446 0.000000 0.000000 0.000000
2.154434 0.727363 0.800000 0.383078 -0.502668 0.000000 0.000000 0.000000
2.158252 0.722325 0.800000 0.380575 -0.504879 0.000000 0.000000 0.000000
2.162045 0.717265 0.800000 0.378058 -0.507078 0.000000 0.000000 0.000000
2.165813 0.712183 0.800000 0.375528 -0.509265 0.000000 0.000000 0.000000
2.169556 0.707080 0.800000 0.372985 -0.511441 0.000000 0.000000 0.000000
2.173273 0.701954 0.800000 0.370427 -0.513604 0.000000 0.000000 0.000000
2.176964 0.696808 0.800000 0.367856 -0.515756 0.000000 0.000000 0.000000
2.180630 0.691639 0.800000 0.365272 -0.517895 0.000000 0.000000 0.000000
2.184270 0.686450 0.800000 0.362674 -0.520022 0.000000 0.000000 0.000000
2.187883 0.681239 0.800000 0.360063 -0.522137 0.000000 0.000000 0.000000
2.191471 0.676007 0.800000 0.357439 -0.524240 0.000000 0.000000 0.000000
2.195032 0.670754 0.800000 0.354801 -0.526330 0.000000 0.000000 0.000000
2.198567 0.665481 0.800000 0.352150 -0.528408 0.000000 0.000000 0.000000
2.202075 0.660186 0.800000 0.349486 -0.530473 0.000000 0.000000 0.000000
2.205556 0.654871 0.800000 0.346809 -0.532526 0.000000 0.000000 0.000000
2.209011 0.649536 0.800000 0.344119 -0.534566 0.000000 0.000000 0.000000
2.212439 0.644180 0.800000 0.341415 -0.536593 0.000000 0.000000 0.000000
2.215839 0.638804 0.800000 0.338699 -0.538607 0.000000 0.000000 0.000000
2.219213 0.633408 0.800000 0.335970 -0.540607 0.000000 0.000000 0.000000
2.222559 0.627992 0.800000 0.333228 -0.542595 0.000000 0.000000 0.000000
2.225877 0.622556 0.800000 0.330473 -0.544570 0.000000 0.000000 0.000000
2.229168 0.617100 0.800000 0.327706 -0.546531 0.000000 0.000000 0.000000
2.232431 0.611625 0.800000 0.324926 -0.548479 0.000000 0.000000 0.000000
2.235667 0.606131 0.800000 0.322133 -0.550414 0.000000 0.000000 0.000000
2.238874 0.600617 0.800000 0.319328 -0.552335 0.000000 0.000000 0.000000
2.242053 0.595084 0.800000 0.316510 -0.554242 0.000000 0.000000 0.000000
2.245204 0.589532 0.800000 0.313680 -0.556136 0.000000 0.000000 0.000000
2.248327 0.583962 0.800000 0.310838 -0.558016 0.000000 0.000000 0.000000
2.251421 0.578372 0.800000 0.307983 -0.559882 0.000000 0.000000 0.000000
2.254486 0.572764 0.800000 0.305116 -0.561734 0.000000 0.000000 0.000000
2.257523 0.567137 0.800000 0.302237 -0.563572 0.000000 0.000000 0.000000
2.260531 0.561493 0.800000 0.299346 -0.565396 0.000000 0.000000 0.000000
2.263510 0.555830 0.800000 0.296442 -0.567205 0.000000 0.000000 0.000000
2.266460 0.550148 0.800000 0.293527 -0.569001 0.000000 0.000000 0.000000
2.269381 0.544450 0.800000 0.290600 -0.570782 0.000000 0.000000 0.000000
2.272272 0.538733 0.800000 0.287661 -0.572548 0.000000 0.000000 0.000000
2.275134 0.532999 0.800000 0.284710 -0.574301 0.000000 0.000000 0.000000
2.277966 0.527247 0.800000 0.281748 -0.576038 0.000000 0.000000 0.000000
2.280769 0.521478 0.800000 0.278773 -0.577761 0.000000 0.000000 0.000000
2.283541 0.515692 0.800000 0.275788 -0.579469 0.000000 0.000000 0.000000
2.286284 0.509889 0.800000 0.272790 -0.581162 0.000000 0.000000 0.000000
2.288997 0.504069 0.800000 0.269782 -0.582840 0.000000 0.000000 0.000000
2.291680 0.498232 0.800000 0.266762 -0.584504 0.000000 0.000000 0.000000
2.294332 0.492379 0.800000 0.263730 -0.586152 0.000000 0.000000 0.000000
2.296954 0.486509 0.800000 0.260688 -0.587785 0.000000 0.000000 0.000000
2.299546 0.480623 0.800000 0.257634 -0.589403 0.000000 0.000000 0.000000
2.302107 0.474721 0.800000 0.254569 -0.591005 0.000000 0.000000 0.000000
2.304637 0.468803 0.800000 0.251493 -0.592592 0.000000 0.000000 0.000000
2.307137 0.462869 0.800000 0.248406 -0.594163 0.000000 0.000000 0.000000
2.309606 0.456920 0.800000 0.245309 -0.595719 0.000000 0.000000 0.000000
2.312043 0.450955 0.800000 0.242200 -0.597260 0.000000 0.000000 0.000000
2.314450 0.444974 0.800000 0.239081 -0.598784 0.000000 0.000000 0.000000
2.316825 0.438979 0.800000 0.235951 -0.600293 0.000000 0.000000 0.000000
2.319168 0.432969 0.800000 0.232811 -0.601786 0.000000 0.000000 0.000000
2.321481 0.426943 0.800000 0.229660 -0.603263 0.000000 0.000000 0.000000
2.323762 0.420903 0.800000 0.226499 -0.604724 0.000000 0.000000 0.000000
2.326011 0.414849 0.800000 0.223327 -0.606169 0.000000 0.000000 0.000000
2.328228 0.408780 0.800000 0.220145 -0.607598 0.000000 0.000000 0.000000
2.330414 0.402697 0.800000 0.216953 -0.609010 0.000000 0.000000 0.000000
2.332567 0.396600 0.800000 0.213751 -0.610407 0.000000 0.000000 0.000000
2.334689 0.390489 0.800000 0.210539 -0.611786 0.000000 0.000000 0.000000
2.336778 0.384364 0.800000 0.207316 -0.613150 0.000000 0.000000 0.000000
2.338835 0.378226 0.800000 0.204084 -0.614496 0.000000 0.000000 0.000000
2.340860 0.372074 0.800000 0.200843 -0.615827 0.000000 0.000000 0.000000
2.342852 0.365910 0.800000 0.197591 -0.617140 0.000000 0.000000 0.000000
2.344811 0.359732 0.800000 0.194330 -0.618437 0.000000 0.000000 0.000000
2.346738 0.353541 0.800000 0.191059 -0.619717 0.000000 0.000000 0.000000
2.348633 0.347337 0.800000 0.187779 -0.620979 0.000000 0.000000 0.000000
2.350494 0.341121 0.800000 0.184490 -0.622225 0.000000 0.000000 0.000000
2.352322 0.334893 0.800000 0.181191 -0.623454 0.000000 0.000000 0.000000
2.354118 0.328652 0.800000 0.177883 -0.624666 0.000000 0.000000 0.000000
2.355880 0.322400 0.800000 0.174566 -0.625861 0.000000 0.000000 0.000000
2.357609 0.316135 0.800000 0.171240 -0.627038 0.000000 0.000000 0.000000
2.359305 0.309859 0.800000 0.167905 -0.628198 0.000000 0.000000 0.000000
2.360967 0.303571 0.800000 0.164561 -0.629341 0.000000 0.000000 0.000000
2.362596 0.297272 0.800000 0.161208 -0.630466 0.000000 0.000000 0.000000
2.364191 0.290962 0.800000 0.157847 -0.631574 0.000000 0.000000 0.000000
2.365753 0.284641 0.800000 0.154477 -0.632664 0.000000 0.000000 0.000000
2.367281 0.278309 0.800000 0.151098 -0.633736 0.000000 0.000000 0.000000
2.368775 0.271966 0.800000 0.147712 -0.634791 0.000000 0.000000 0.000000
2.370235 0.265613 0.800000 0.144316 -0.635828 0.000000 0.000000 0.000000
2.371661 0.259250 0.800000 0.140913 -0.636847 0.000000 0.000000 0.000000
2.373053 0.252876 0.800000 0.137501 -0.637848 0.000000 0.000000 0.000000
2.374411 0.246493 0.800000 0.134082 -0.638831 0.000000 0.000000 0.000000
2.375735 0.240100 0.800000 0.130654 -0.639796 0.000000 0.000000 0.000000
2.377024 0.233697 0.800000 0.127219 -0.640742 0.000000 0.000000 0.000000
2.378279 0.227285 0.800000 0.123776 -0.641671 0.000000 0.000000 0.000000
2.379500 0.220864 0.800000 0.120325 -0.642582 0.000000 0.000000 0.000000
2.380686 0.214433 0.800000 0.116866 -0.643474 0.000000 0.000000 0.000000
2.381837 0.207994 0.800000 0.113400 -0.644347 0.000000 0.000000 0.000000
2.382954 0.201546 0.800000 0.109927 -0.645203 0.000000 0.000000 0.000000
2.384035 0.195090 0.800000 0.106446 -0.646039 0.000000 0.000000 0.000000
2.385082 0.188626 0.800000 0.102958 -0.646857 0.000000 0.000000 0.000000
2.386095 0.182153 0.800000 0.099463 -0.647657 0.000000 0.000000 0.000000
2.387072 0.175673 0.800000 0.095961 -0.648438 0.000000 0.000000 0.000000
2.388014 0.169184 0.800000 0.092452 -0.649200 0.000000 0.000000 0.000000
2.388921 0.162689 0.800000 0.088936 -0.649943 0.000000 0.000000 0.000000
2.389792 0.156186 0.800000 0.085414 -0.650668 0.000000 0.000000 0.000000
2.390629 0.149675 0.800000 0.081885 -0.651373 0.000000 0.000000 0.000000
2.391430 0.143158 0.800000 0.078349 -0.652060 0.000000 0.000000 0.000000
2.392196 0.136634 0.800000 0.074807 -0.652727 0.000000 0.000000 0.000000
2.392926 0.130104 0.800000 0.071259 -0.653376 0.000000 0.000000 0.000000
2.393621 0.123567 0.800000 0.067704 -0.654005 0.000000 0.000000 0.000000
2.394280 0.117024 0.800000 0.064144 -0.654615 0.000000 0.000000 0.000000
2.394904 0.110475 0.800000 0.060577 -0.655206 0.000000 0.000000 0.000000
2.395492 0.103920 0.800000 0.057004 -0.655777 0.000000 0.000000 0.000000
2.396044 0.097359 0.800000 0.053426 -0.656329 0.000000 0.000000 0.000000
2.396560 0.090793 0.800000 0.049842 -0.656862 0.000000 0.000000 0.000000
2.397041 0.084222 0.800000 0.046252 -0.657375 0.000000 0.000000 0.000000
2.397485 0.077646 0.800000 0.042657 -0.657869 0.000000 0.000000 0.000000
2.397894 0.071065 0.800000 0.039056 -0.658343 0.000000 0.000000 0.000000
2.398266 0.064479 0.800000 0.035450 -0.658797 0.000000 0.000000 0.000000
2.398603 0.057889 0.800000 0.031839 -0.659232 0.000000 0.000000 0.000000
2.398903 0.051294 0.800000 0.028223 -0.659647 0.000000 0.000000 0.000000
2.399167 0.044696 0.800000 0.024601 -0.660042 0.000000 0.000000 0.000000
2.399395 0.038094 0.800000 0.020975 -0.660417 0.000000 0.000000 0.000000
2.399587 0.031488 0.800000 0.017344 -0.660772 0.000000 0.000000 0.000000
2.399742 0.024878 0.800000 0.013709 -0.661108 0.000000 0.000000 0.000000
2.399861 0.018265 0.800000 0.010069 -0.661423 0.000000 0.000000 0.000000
2.399943 0.011650 0.800000 0.006424 -0.661719 0.000000 0.000000 0.000000
2.399989 0.005031 0.800000 0.002776 -0.661994 0.000000 0.000000 0.000000
2.399999 -0.001590 0.800000 -0.000878 -0.662249 0.000000 0.000000 0.000000
2.399972 -0.008214 0.800000 -0.004535 -0.662484 0.000000 0.000000 0.000000
2.399908 -0.014840 0.800000 -0.008196 -0.662699 0.000000 0.000000 0.000000
2.399808 -0.021468 0.800000 -0.011861 -0.662894 0.000000 0.000000 0.000000
2.399671 -0.028097 0.800000 -0.015530 -0.663068 0.000000 0.000000 0.000000
2.399497 -0.034729 0.800000 -0.019202 -0.663222 0.000000 0.000000 0.000000
2.399287 -0.041362 0.800000 -0.022878 -0.663356 0.000000 0.000000 0.000000
2.399040 -0.047996 0.800000 -0.026558 -0.663469 0.000000 0.000000 0.000000
2.398756 -0.054631 0.800000 -0.030241 -0.663561 0.000000 0.000000 0.000000
2.398435 -0.061267 0.800000 -0.033927 -0.663633 0.000000 0.000000 0.000000
2.398077 -0.067904 0.800000 -0.037616 -0.663685 0.000000 0.000000 0.000000
2.397683 -0.074541 0.800000 -0.041308 -0.663716 0.000000 0.000000 0.000000
2.397251 -0.081178 0.800000 -0.045003 -0.663726 0.000000 0.000000 0.000000
2.396783 -0.087815 0.800000 -0.048701 -0.663716 0.000000 0.000000 0.000000
2.396277 -0.094452 0.800000 -0.052401 -0.663685 0.000000 0.000000 0.000000
2.395735 -0.101089 0.800000 -0.056104 -0.663633 0.000000 0.000000 0.000000
2.395155 -0.107725 0.800000 -0.059810 -0.663560 0.000000 0.000000 0.000000
2.394538 -0.114360 0.800000 -0.063517 -0.663466 0.000000 0.000000 0.000000
2.393885 -0.120994 0.800000 -0.067227 -0.663352 0.000000 0.000000 0.000000
2.393194 -0.127627 0.800000 -0.070939 -0.663217 0.000000 0.000000 0.000000
2.392466 -0.134258 0.800000 -0.074653 -0.663061 0.000000 0.000000 0.000000
2.391701 -0.140888 0.800000 -0.078369 -0.662884 0.000000 0.000000 0.000000
2.390898 -0.147516 0.800000 -0.082086 -0.662685 0.000000 0.000000 0.000000
2.390059 -0.154142 0.800000 -0.085806 -0.662466 0.000000 0.000000 0.000000
2.389182 -0.160765 0.800000 -0.089526 -0.662226 0.000000 0.000000 0.000000
2.388268 -0.167386 0.800000 -0.093248 -0.661965 0.000000 0.000000 0.000000
2.387317 -0.174004 0.800000 -0.096971 -0.661682 0.000000 0.000000 0.000000
2.386329 -0.180620 0.800000 -0.100696 -0.661378 0.000000 0.000000 0.000000
2.385303 -0.187232 0.800000 -0.104421 -0.661054 0.000000 0.000000 0.000000
2.384241 -0.193841 0.800000 -0.108147 -0.660708 0.000000 0.000000 0.000000
2.383140 -0.200446 0.800000 -0.111874 -0.660340 0.000000 0.000000 0.000000
2.382003 -0.207048 0.800000 -0.115602 -0.659952 0.000000 0.000000 0.000000
2.380828 -0.213645 0.800000 -0.119330 -0.659542 0.000000 0.000000 0.000000
2.379617 -0.220238 0.800000 -0.123058 -0.659111 0.000000 0.000000 0.000000
2.378367 -0.226827 0.800000 -0.126787 -0.658658 0.000000 0.000000 0.000000
2.377081 -0.233411 0.800000 -0.130516 -0.658184 0.000000 0.000000 0.000000
2.375757 -0.239991 0.800000 -0.134245 -0.657689 0.000000 0.000000 0.000000
2.374396 -0.246565 0.800000 -0.137974 -0.657172 0.000000 0.000000 0.000000
2.372997 -0.253134 0.800000 -0.141702 -0.656634 0.000000 0.000000 0.000000
2.371562 -0.259698 0.800000 -0.145431 -0.656075 0.000000 0.000000 0.000000
2.370089 -0.266256 0.800000 -0.149159 -0.655494 0.000000 0.000000 0.000000
2.368579 -0.272807 0.800000 -0.152886 -0.654891 0.000000 0.000000 0.000000
2.367031 -0.279353 0.800000 -0.156612 -0.654267 0.000000 0.000000 0.000000
2.365446 -0.285893 0.800000 -0.160338 -0.653621 0.000000 0.000000 0.000000
2.363824 -0.292426 0.800000 -0.164063 -0.652954 0.000000 0.000000 0.000000
2.362165 -0.298952 0.800000 -0.167787 -0.652265 0.000000 0.000000 0.000000
2.360469 -0.305471 0.800000 -0.171509 -0.651555 0.000000 0.000000 0.000000
2.358735 -0.311983 0.800000 -0.175230 -0.650823 0.000000 0.000000 0.000000
2.356964 -0.318487 0.800000 -0.178950 -0.650069 0.000000 0.000000 0.000000
2.355156 -0.324984 0.800000 -0.182668 -0.649294 0.000000 0.000000 0.000000
2.353311 -0.331473 0.800000 -0.186385 -0.648497 0.000000 0.000000 0.000000
2.351428 -0.337954 0.800000 -0.190099 -0.647678 0.000000 0.000000 0.000000
2.349509 -0.344427 0.800000 -0.193812 -0.646838 0.000000 0.000000 0.000000
2.347552 -0.350891 0.800000 -0.197522 -0.645976 0.000000 0.000000 0.000000
2.345558 -0.357346 0.800000 -0.201230 -0.645093 0.000000 0.000000 0.000000
2.343527 -0.363792 0.800000 -0.204936 -0.644187 0.000000 0.000000 0.000000
2.341460 -0.370230 0.800000 -0.208640 -0.643260 0.000000 0.000000 0.000000
2.339355 -0.376658 0.800000 -0.212341 -0.642311 0.000000 0.000000 0.000000
2.337213 -0.383076 0.800000 -0.216039 -0.641341 0.000000 0.000000 0.000000
2.335034 -0.389484 0.800000 -0.219734 -0.640348 0.000000 0.000000 0.000000
2.332818 -0.395883 0.800000 -0.223426 -0.639334 0.000000 0.000000 0.000000
2.330565 -0.402271 0.800000 -0.227115 -0.638298 0.000000 0.000000 0.000000
2.328276 -0.408649 0.800000 -0.230801 -0.637241 0.000000 0.000000 0.000000
2.325949 -0.415016 0.800000 -0.234484 -0.636161 0.000000 0.000000 0.000000
2.323586 -0.421372 0.800000 -0.238163 -0.635060 0.000000 0.000000 0.000000
2.321186 -0.427717 0.800000 -0.241838 -0.633937 0.000000 0.000000 0.000000
2.318749 -0.434050 0.800000 -0.245510 -0.632793 0.000000 0.000000 0.000000
2.316276 -0.440373 0.800000 -0.249177 -0.631626 0.000000 0.000000 0.000000
2.313766 -0.446683 0.800000 -0.252841 -0.630438 0.000000 0.000000 0.000000
2.311219 -0.452981 0.800000 -0.256501 -0.629228 0.000000 0.000000 0.000000
2.308636 -0.459267 0.800000 -0.260156 -0.627996 0.000000 0.000000 0.000000
2.306016 -0.465541 0.800000 -0.263807 -0.626742 0.000000 0.000000 0.000000
2.303360 -0.471802 0.800000 -0.267453 -0.625467 0.000000 0.000000 0.000000
2.300667 -0.478050 0.800000 -0.271094 -0.624170 0.000000 0.000000 0.000000
2.297938 -0.484285 0.800000 -0.274731 -0.622851 0.000000 0.000000 0.000000
2.295172 -0.490507 0.800000 -0.278363 -0.621510 0.000000 0.000000 0.000000
2.292371 -0.496716 0.800000 -0.281990 -0.620148 0.000000 0.000000 0.000000
2.289533 -0.502910 0.800000 -0.285611 -0.618764 0.000000 0.000000 0.000000
2.286658 -0.509091 0.800000 -0.289227 -0.617358 0.000000 0.000000 0.000000
2.283748 -0.515257 0.800000 -0.292838 -0.615930 0.000000 0.000000 0.000000
2.280802 -0.521409 0.800000 -0.296443 -0.614481 0.000000 0.000000 0.000000
2.277819 -0.527547 0.800000 -0.300042 -0.613010 0.000000 0.000000 0.000000
2.274801 -0.533669 0.800000 -0.303636 -0.611517 0.000000 0.000000 0.000000
2.271747 -0.539777 0.800000 -0.307223 -0.610002 0.000000 0.000000 0.000000
2.268656 -0.545869 0.800000 -0.310804 -0.608466 0.000000 0.000000 0.000000
2.265530 -0.551946 0.800000 -0.314379 -0.606908 0.000000 0.000000 0.000000
2.262369 -0.558008 0.800000 -0.317948 -0.605329 0.000000 0.000000 0.000000
2.259172 -0.564053 0.800000 -0.321510 -0.603728 0.000000 0.000000 0.000000
2.255939 -0.570082 0.800000 -0.325066 -0.602105 0.000000 0.000000 0.000000
2.252670 -0.576095 0.800000 -0.328614 -0.600461 0.000000 0.000000 0.000000
2.249366 -0.582091 0.800000 -0.332156 -0.598795 0.000000 0.000000 0.000000
2.246027 -0.588071 0.800000 -0.335690 -0.597107 0.000000 0.000000 0.000000
2.242653 -0.594033 0.800000 -0.339218 -0.595398 0.000000 0.000000 0.000000
2.239243 -0.599979 0.800000 -0.342738 -0.593667 0.000000 0.000000 0.000000
2.235798 -0.605907 0.800000 -0.346250 -0.591915 0.000000 0.000000 0.000000
2.232318 -0.611817 0.800000 -0.349755 -0.590142 0.000000 0.000000 0.000000
2.228803 -0.617709 0.800000 -0.353253 -0.588347 0.000000 0.000000 0.000000
2.225253 -0.623584 0.800000 -0.356742 -0.586530 0.000000 0.000000 0.000000
2.221668 -0.629440 0.800000 -0.360223 -0.584692 0.000000 0.000000 0.000000
2.218048 -0.635277 0.800000 -0.363696 -0.582833 0.000000 0.000000 0.000000
2.214394 -0.641096 0.800000 -0.367161 -0.580952 0.000000 0.000000 0.000000
2.210705 -0.646896 0.800000 -0.370618 -0.579050 0.000000 0.000000 0.000000
2.206982 -0.652677 0.800000 -0.374066 -0.577126 0.000000 0.000000 0.000000
2.203224 -0.658439 0.800000 -0.377505 -0.575182 0.000000 0.000000 0.000000
2.199432 -0.664181 0.800000 -0.380935 -0.573216 0.000000 0.000000 0.000000
2.195605 -0.669903 0.800000 -0.384357 -0.571229 0.000000 0.000000 0.000000
2.191745 -0.675605 0.800000 -0.387769 -0.569220 0.000000 0.000000 0.000000
2.187850 -0.681287 0.800000 -0.391173 -0.567190 0.000000 0.000000 0.000000
2.183921 -0.686949 0.800000 -0.394566 -0.565140 0.000000 0.000000 0.000000
2.179959 -0.692590 0.800000 -0.397951 -0.563068 0.000000 0.000000 0.000000
2.175962 -0.698210 0.800000 -0.401326 -0.560975 0.000000 0.000000 0.000000
2.171932 -0.703810 0.800000 -0.404691 -0.558861 0.000000 0.000000 0.000000
2.167868 -0.709388 0.800000 -0.408046 -0.556726 0.000000 0.000000 0.000000
2.163771 -0.714944 0.800000 -0.411391 -0.554570 0.000000 0.000000 0.000000
2.159641 -0.720479 0.800000 -0.414726 -0.552393 0.000000 0.000000 0.000000
2.155477 -0.725992 0.800000 -0.418050 -0.550195 0.000000 0.000000 0.000000
2.151280 -0.731483 0.800000 -0.421365 -0.547977 0.000000 0.000000 0.000000
2.147049 -0.736951 0.800000 -0.424668 -0.545737 0.000000 0.000000 0.000000
2.142786 -0.742397 0.800000 -0.427961 -0.543477 0.000000 0.000000 0.000000
2.138490 -0.747821 0.800000 -0.431243 -0.541196 0.000000 0.000000 0.000000
2.134162 -0.753221 0.800000 -0.434515 -0.538894 0.000000 0.000000 0.000000
2.129800 -0.758599 0.800000 -0.437775 -0.536572 0.000000 0.000000 0.000000
2.125406 -0.763953 0.800000 -0.441023 -0.534229 0.000000 0.000000 0.000000
2.120980 -0.769283 0.800000 -0.444261 -0.531866 0.000000 0.000000 0.000000
2.116521 -0.774590 0.800000 -0.447487 -0.529482 0.000000 0.000000 0.000000
2.112030 -0.779873 0.800000 -0.450701 -0.527077 0.000000 0.000000 0.000000
2.107507 -0.785131 0.800000 -0.453904 -0.524652 0.000000 0.000000 0.000000
2.102952 -0.790366 0.800000 -0.457095 -0.522207 0.000000 0.000000 0.000000
2.098365 -0.795575 0.800000 -0.460274 -0.519742 0.000000 0.000000 0.000000
2.093746 -0.800760 0.800000 -0.463440 -0.517256 0.000000 0.000000 0.000000
2.089096 -0.805920 0.800000 -0.466594 -0.514750 0.000000 0.000000 0.000000
2.084415 -0.811055 0.800000 -0.469736 -0.512223 0.000000 0.000000 0.000000
2.079702 -0.816165 0.800000 -0.472866 -0.509677 0.000000 0.000000 0.000000
2.074957 -0.821249 0.800000 -0.475982 -0.507111 0.000000 0.000000 0.000000
2.070182 -0.826307 0.800000 -0.479086 -0.504524 0.000000 0.000000 0.000000
2.065376 -0.831339 0.800000 -0.482177 -0.501918 0.000000 0.000000 0.000000
2.060538 -0.836345 0.800000 -0.485255 -0.499292 0.000000 0.000000 0.000000
2.055671 -0.841325 0.800000 -0.488319 -0.496645 0.000000 0.000000 0.000000
2.050772 -0.846278 0.800000 -0.491370 -0.493980 0.000000 0.000000 0.000000
2.045843 -0.851205 0.800000 -0.494408 -0.491294 0.000000 0.000000 0.000000
2.040884 -0.856104 0.800000 -0.497432 -0.488589 0.000000 0.000000 0.000000
2.035895 -0.860976 0.800000 -0.500442 -0.485864 0.000000 0.000000 0.000000
2.030875 -0.865821 0.800000 -0.503439 -0.483119 0.000000 0.000000 0.000000
2.025826 -0.870639 0.800000 -0.506421 -0.480355 0.000000 0.000000 0.000000
2.020747 -0.875428 0.800000 -0.509390 -0.477572 0.000000 0.000000 0.000000
2.015638 -0.880190 0.800000 -0.512344 -0.474769 0.000000 0.000000 0.000000
2.010500 -0.884924 0.800000 -0.515284 -0.471947 0.000000 0.000000 0.000000
2.005333 -0.889629 0.800000 -0.518209 -0.469106 0.000000 0.000000 0.000000
2.000136 -0.894306 0.800000 -0.521119 -0.466246 0.000000 0.000000 0.000000
1.994910 -0.898954 0.800000 -0.524015 -0.463366 0.000000 0.000000 0.000000
1.989656 -0.903573 0.800000 -0.526896 -0.460468 0.000000 0.000000 0.000000
1.984372 -0.908163 0.800000 -0.529762 -0.457551 0.000000 0.000000 0.000000
1.979060 -0.912724 0.800000 -0.532612 -0.454614 0.000000 0.000000 0.000000
1.973720 -0.917255 0.800000 -0.535448 -0.451659 0.000000 0.000000 0.000000
1.968352 -0.921757 0.800000 -0.538268 -0.448685 0.000000 0.000000 0.000000
1.962955 -0.926229 0.800000 -0.541072 -0.445693 0.000000 0.000000 0.000000
1.957530 -0.930671 0.800000 -0.543861 -0.442682 0.000000 0.000000 0.000000
1.952078 -0.935082 0.800000 -0.546634 -0.439652 0.000000 0.000000 0.000000
1.946598 -0.939464 0.800000 -0.549391 -0.436604 0.000000 0.000000 0.000000
1.941090 -0.943814 0.800000 -0.552131 -0.433538 0.000000 0.000000 0.000000
1.935555 -0.948134 0.800000 -0.554856 -0.430453 0.000000 0.000000 0.000000
1.929993 -0.952423 0.800000 -0.557565 -0.427350 0.000000 0.000000 0.000000
1.924404 -0.956681 0.800000 -0.560257 -0.424229 0.000000 0.000000 0.000000
1.918788 -0.960908 0.800000 -0.562932 -0.421090 0.000000 0.000000 0.000000
1.913145 -0.965103 0.800000 -0.565591 -0.417933 0.000000 0.000000 0.000000
1.907476 -0.969267 0.800000 -0.568233 -0.414758 0.000000 0.000000 0.000000
1.901781 -0.973398 0.800000 -0.570857 -0.411565 0.000000 0.000000 0.000000
1.896059 -0.977498 0.800000 -0.573465 -0.408355 0.000000 0.000000 0.000000
1.890311 -0.981565 0.800000 -0.576056 -0.405126 0.000000 0.000000 0.000000
1.884538 -0.985600 0.800000 -0.578629 -0.401881 0.000000 0.000000 0.000000
1.878739 -0.989603 0.800000 -0.581185 -0.398618 0.000000 0.000000 0.000000
1.872914 -0.993573 0.800000 -0.583724 -0.395337 0.000000 0.000000 0.000000
1.867064 -0.997509 0.800000 -0.586245 -0.392039 0.000000 0.000000 0.000000
1.861189 -1.001413 0.800000 -0.588748 -0.388724 0.000000 0.000000 0.000000
1.855289 -1.005284 0.800000 -0.591233 -0.385392 0.000000 0.000000 0.000000
1.849365 -1.009121 0.800000 -0.593700 -0.382043 0.000000 0.000000 0.000000
1.843416 -1.012925 0.800000 -0.596148 -0.378677 0.000000 0.000000 0.000000
1.837442 -1.016695 0.800000 -0.598579 -0.375294 0.000000 0.000000 0.000000
1.831444 -1.020431 0.800000 -0.600991 -0.371894 0.000000 0.000000 0.000000
1.825422 -1.024132 0.800000 -0.603385 -0.368478 0.000000 0.000000 0.000000
1.819376 -1.027800 0.800000 -0.605760 -0.365045 0.000000 0.000000 0.000000
1.813307 -1.031433 0.800000 -0.608116 -0.361596 0.000000 0.000000 0.000000
1.807214 -1.035032 0.800000 -0.610453 -0.358130 0.000000 0.000000 0.000000
1.801098 -1.038596 0.800000 -0.612772 -0.354648 0.000000 0.000000 0.000000
1.794959 -1.042125 0.800000 -0.615071 -0.351150 0.000000 0.000000 0.000000
1.788797 -1.045619 0.800000 -0.617351 -0.347635 0.000000 0.000000 0.000000
1.782612 -1.049077 0.800000 -0.619611 -0.344105 0.000000 0.000000 0.000000
1.776404 -1.052501 0.800000 -0.621853 -0.340559 0.000000 0.000000 0.000000
1.770175 -1.055889 0.800000 -0.624074 -0.336997 0.000000 0.000000 0.000000
1.763923 -1.059241 0.800000 -0.626276 -0.333420 0.000000 0.000000 0.000000
1.757649 -1.062557 0.800000 -0.628458 -0.329826 0.000000 0.000000 0.000000
1.751354 -1.065837 0.800000 -0.630620 -0.326218 0.000000 0.000000 0.000000
1.745037 -1.069081 0.800000 -0.632762 -0.322594 0.000000 0.000000 0.000000
1.738699 -1.072289 0.800000 -0.634884 -0.318955 0.000000 0.000000 0.000000
1.732339 -1.075460 0.800000 -0.636986 -0.315300 0.000000 0.000000 0.000000
1.725959 -1.078595 0.800000 -0.639067 -0.311631 0.000000 0.000000 0.000000
1.719558 -1.081693 0.800000 -0.641128 -0.307946 0.000000 0.000000 0.000000
1.713137 -1.084754 0.800000 -0.643169 -0.304247 0.000000 0.000000 0.000000
1.706695 -1.087778 0.800000 -0.645188 -0.300533 0.000000 0.000000 0.000000
1.700233 -1.090764 0.800000 -0.647187 -0.296805 0.000000 0.000000 0.000000
1.693751 -1.093714 0.800000 -0.649165 -0.293062 0.000000 0.000000 0.000000
1.687250 -1.096626 0.800000 -0.651121 -0.289305 0.000000 0.000000 0.000000
1.680729 -1.099500 0.800000 -0.653057 -0.285533 0.000000 0.000000 0.000000
1.674189 -1.102336 0.800000 -0.654971 -0.281747 0.000000 0.000000 0.000000
1.667629 -1.105135 0.800000 -0.656864 -0.277947 0.000000 0.000000 0.000000
1.661051 -1.107895 0.800000 -0.658736 -0.274133 0.000000 0.000000 0.000000
1.654455 -1.110617 0.800000 -0.660586 -0.270306 0.000000 0.000000 0.000000
1.647840 -1.113301 0.800000 -0.662414 -0.266465 0.000000 0.000000 0.000000
1.641207 -1.115947 0.800000 -0.664221 -0.262610 0.000000 0.000000 0.000000
1.634555 -1.118553 0.800000 -0.666005 -0.258742 0.000000 0.000000 0.000000
1.627887 -1.121121 0.800000 -0.667768 -0.254860 0.000000 0.000000 0.000000
1.621200 -1.123650 0.800000 -0.669508 -0.250965 0.000000 0.000000 0.000000
1.614496 -1.126141 0.800000 -0.671227 -0.247057 0.000000 0.000000 0.000000
1.607776 -1.128592 0.800000 -0.672923 -0.243136 0.000000 0.000000 0.000000
1.601038 -1.131003 0.800000 -0.674596 -0.239203 0.000000 0.000000 0.000000
1.594284 -1.133376 0.800000 -0.676247 -0.235256 0.000000 0.000000 0.000000
1.587513 -1.135708 0.800000 -0.677876 -0.231297 0.000000 0.000000 0.000000
1.580726 -1.138001 0.800000 -0.679482 -0.227325 0.000000 0.000000 0.000000
1.573924 -1.140255 0.800000 -0.681065 -0.223341 0.000000 0.000000 0.000000
1.567105 -1.142468 0.800000 -0.682625 -0.219345 0.000000 0.000000 0.000000
1.560271 -1.144642 0.800000 -0.684162 -0.215337 0.000000 0.000000 0.000000
1.553422 -1.146775 0.800000 -0.685676 -0.211317 0.000000 0.000000 0.000000
1.546558 -1.148868 0.800000 -0.687167 -0.207285 0.000000 0.000000 0.000000
1.539679 -1.150921 0.800000 -0.688634 -0.203241 0.000000 0.000000 0.000000
1.532785 -1.152933 0.800000 -0.690078 -0.199186 0.000000 0.000000 0.000000
1.525877 -1.154904 0.800000 -0.691499 -0.195119 0.000000 0.000000 0.000000
1.518955 -1.156835 0.800000 -0.692896 -0.191041 0.000000 0.000000 0.000000
1.512019 -1.158725 0.800000 -0.694269 -0.186952 0.000000 0.000000 0.000000
1.505070 -1.160574 0.800000 -0.695619 -0.182851 0.000000 0.000000 0.000000
1.498107 -1.162382 0.800000 -0.696945 -0.178740 0.000000 0.000000 0.000000
1.491131 -1.164149 0.800000 -0.698247 -0.174618 0.000000 0.000000 0.000000
1.484142 -1.165874 0.800000 -0.699525 -0.170485 0.000000 0.000000 0.000000
1.477141 -1.167559 0.800000 -0.700778 -0.166342 0.000000 0.000000 0.000000
1.470127 -1.169201 0.800000 -0.702008 -0.162189 0.000000 0.000000 0.000000
1.463101 -1.170802 0.800000 -0.703213 -0.158025 0.000000 0.000000 0.000000
1.456063 -1.172362 0.800000 -0.704394 -0.153851 0.000000 0.000000 0.000000
1.449013 -1.173879 0.800000 -0.705550 -0.149667 0.000000 0.000000 0.000000
1.441952 -1.175355 0.800000 -0.706682 -0.145473 0.000000 0.000000 0.000000
1.434879 -1.176789 0.800000 -0.707789 -0.141270 0.000000 0.000000 0.000000
1.427796 -1.178180 0.800000 -0.708872 -0.137057 0.000000 0.000000 0.000000
1.420702 -1.179530 0.800000 -0.709930 -0.132835 0.000000 0.000000 0.000000
1.413597 -1.180837 0.800000 -0.710962 -0.128603 0.000000 0.000000 0.000000
1.406483 -1.182102 0.800000 -0.711970 -0.124363 0.000000 0.000000 0.000000
1.399358 -1.183324 0.800000 -0.712953 -0.120113 0.000000 0.000000 0.000000
1.392224 -1.184504 0.800000 -0.713911 -0.115855 0.000000 0.000000 0.000000
1.385080 -1.185641 0.800000 -0.714843 -0.111588 0.000000 0.000000 0.000000
1.377927 -1.186736 0.800000 -0.715750 -0.107312 0.000000 0.000000 0.000000
1.370765 -1.187788 0.800000 -0.716632 -0.103028 0.000000 0.000000 0.000000
1.363594 -1.188796 0.800000 -0.717488 -0.098736 0.000000 0.000000 0.000000
1.356415 -1.189762 0.800000 -0.718319 -0.094436 0.000000 0.000000 0.000000
1.349228 -1.190685 0.800000 -0.719124 -0.090128 0.000000 0.000000 0.000000
1.342033 -1.191565 0.800000 -0.719904 -0.085812 0.000000 0.000000 0.000000
1.334830 -1.192401 0.800000 -0.720658 -0.081488 0.000000 0.000000 0.000000
1.327620 -1.193195 0.800000 -0.721386 -0.077157 0.000000 0.000000 0.000000
1.320403 -1.193944 0.800000 -0.722088 -0.072818 0.000000 0.000000 0.000000
1.313178 -1.194651 0.800000 -0.722764 -0.068473 0.000000 0.000000 0.000000
1.305947 -1.195314 0.800000 -0.723414 -0.064120 0.000000 0.000000 0.000000
1.298710 -1.195933 0.800000 -0.724038 -0.059761 0.000000 0.000000 0.000000
1.291467 -1.196509 0.800000 -0.724636 -0.055395 0.000000 0.000000 0.000000
1.284217 -1.197041 0.800000 -0.725207 -0.051022 0.000000 0.000000 0.000000
1.276963 -1.197529 0.800000 -0.725753 -0.046643 0.000000 0.000000 0.000000
1.269703 -1.197974 0.800000 -0.726272 -0.042257 0.000000 0.000000 0.000000
1.262437 -1.198375 0.800000 -0.726764 -0.037866 0.000000 0.000000 0.000000
1.255167 -1.198731 0.800000 -0.727230 -0.033468 0.000000 0.000000 0.000000
1.247893 -1.199044 0.800000 -0.727670 -0.029065 0.000000 0.000000 0.000000
1.240614 -1.199313 0.800000 -0.728083 -0.024656 0.000000 0.000000 0.000000
1.233331 -1.199537 0.800000 -0.728469 -0.020242 0.000000 0.000000 0.000000
1.226045 -1.199717 0.800000 -0.728828 -0.015822 0.000000 0.000000 0.000000
1.218755 -1.199853 0.800000 -0.729161 -0.011397 0.000000 0.000000 0.000000
1.211462 -1.199945 0.800000 -0.729467 -0.006968 0.000000 0.000000 0.000000
1.204166 -1.199993 0.800000 -0.729746 -0.002533 0.000000 0.000000 0.000000
1.196867 -1.199996 0.800000 -0.729998 0.001906 0.000000 0.000000 0.000000
1.189566 -1.199955 0.800000 -0.730222 0.006350 0.000000 0.000000 0.000000
1.182262 -1.199869 0.800000 -0.730420 0.010798 0.000000 0.000000 0.000000
1.174957 -1.199739 0.800000 -0.730591 0.015250 0.000000 0.000000 0.000000
1.167651 -1.199564 0.800000 -0.730734 0.019706 0.000000 0.000000 0.000000
1.160343 -1.199345 0.800000 -0.730851 0.024166 0.000000 0.000000 0.000000
1.153034 -1.199081 0.800000 -0.730940 0.028630 0.000000 0.000000 0.000000
1.145724 -1.198772 0.800000 -0.731001 0.033097 0.000000 0.000000 0.000000
1.138414 -1.198419 0.800000 -0.731035 0.037568 0.000000 0.000000 0.000000
1.131103 -1.198021 0.800000 -0.731042 0.042041 0.000000 0.000000 0.000000
1.123793 -1.197578 0.800000 -0.731021 0.046518 0.000000 0.000000 0.000000
1.116483 -1.197090 0.800000 -0.730973 0.050998 0.000000 0.000000 0.000000
1.109174 -1.196558 0.800000 -0.730897 0.055480 0.000000 0.000000 0.000000
1.101865 -1.195981 0.800000 -0.730794 0.059964 0.000000 0.000000 0.000000
1.094558 -1.195359 0.800000 -0.730663 0.064451 0.000000 0.000000 0.000000
1.087252 -1.194692 0.800000 -0.730504 0.068941 0.000000 0.000000 0.000000
1.079948 -1.193980 0.800000 -0.730318 0.073432 0.000000 0.000000 0.000000
1.072646 -1.193223 0.800000 -0.730103 0.077925 0.000000 0.000000 0.000000
1.065346 -1.192421 0.800000 -0.729861 0.082419 0.000000 0.000000 0.000000
1.058049 -1.191575 0.800000 -0.729591 0.086916 0.000000 0.000000 0.000000
1.050754 -1.190683 0.800000 -0.729293 0.091413 0.000000 0.000000 0.000000
1.043463 -1.189746 0.800000 -0.728967 0.095912 0.000000 0.000000 0.000000
1.036175 -1.188765 0.800000 -0.728614 0.100411 0.000000 0.000000 0.000000
1.028891 -1.187738 0.800000 -0.728232 0.104911 0.000000 0.000000 0.000000
1.021610 -1.186666 0.800000 -0.727822 0.109412 0.000000 0.000000 0.000000
1.014334 -1.185550 0.800000 -0.727384 0.113914 0.000000 0.000000 0.000000
1.007063 -1.184388 0.800000 -0.726918 0.118415 0.000000 0.000000 0.000000
0.999796 -1.183181 0.800000 -0.726424 0.122917 0.000000 0.000000 0.000000
0.992534 -1.181930 0.800000 -0.725902 0.127418 0.000000 0.000000 0.000000
0.985278 -1.180633 0.800000 -0.725351 0.131920 0.000000 0.000000 0.000000
0.978028 -1.179291 0.800000 -0.724773 0.136421 0.000000 0.000000 0.000000
0.970783 -1.177905 0.800000 -0.724166 0.140921 0.000000 0.000000 0.000000
0.963544 -1.176473 0.800000 -0.723531 0.145420 0.000000 0.000000 0.000000
0.956312 -1.174996 0.800000 -0.722868 0.149919 0.000000 0.000000 0.000000
0.949087 -1.173475 0.800000 -0.722176 0.154416 0.000000 0.000000 0.000000
0.941869 -1.171908 0.800000 -0.721456 0.158912 0.000000 0.000000 0.000000
0.934658 -1.170296 0.800000 -0.720708 0.163406 0.000000 0.000000 0.000000
0.927455 -1.168640 0.800000 -0.719931 0.167899 0.000000 0.000000 0.000000
0.920260 -1.166938 0.800000 -0.719126 0.172390 0.000000 0.000000 0.000000
0.913072 -1.165192 0.800000 -0.718292 0.176879 0.000000 0.000000 0.000000
0.905894 -1.163401 0.800000 -0.717431 0.181366 0.000000 0.000000 0.000000
0.898724 -1.161565 0.800000 -0.716540 0.185850 0.000000 0.000000 0.000000
0.891563 -1.159684 0.800000 -0.715622 0.190331 0.000000 0.000000 0.000000
0.884412 -1.157758 0.800000 -0.714674 0.194810 0.000000 0.000000 0.000000
0.877270 -1.155788 0.800000 -0.713699 0.199286 0.000000 0.000000 0.000000
0.870138 -1.153772 0.800000 -0.712695 0.203759 0.000000 0.000000 0.000000
0.863016 -1.151712 0.800000 -0.711662 0.208228 0.000000 0.000000 0.000000
0.855904 -1.149608 0.800000 -0.710601 0.212694 0.000000 0.000000 0.000000
0.848804 -1.147459 0.800000 -0.709512 0.217156 0.000000 0.000000 0.000000
0.841714 -1.145265 0.800000 -0.708394 0.221615 0.000000 0.000000 0.000000
0.834636 -1.143026 0.800000 -0.707248 0.226069 0.000000 0.000000 0.000000
0.827570 -1.140743 0.800000 -0.706073 0.230519 0.000000 0.000000 0.000000
0.820515 -1.138416 0.800000 -0.704869 0.234965 0.000000 0.000000 0.000000
0.813472 -1.136044 0.800000 -0.703637 0.239406 0.000000 0.000000 0.000000
0.806442 -1.133628 0.800000 -0.702377 0.243842 0.000000 0.000000 0.000000
0.799425 -1.131167 0.800000 -0.701088 0.248273 0.000000 0.000000 0.000000
0.792420 -1.128662 0.800000 -0.699771 0.252699 0.000000 0.000000 0.000000
0.785429 -1.126113 0.800000 -0.698425 0.257120 0.000000 0.000000 0.000000
0.778452 -1.123520 0.800000 -0.697051 0.261535 0.000000 0.000000 0.000000
0.771489 -1.120883 0.800000 -0.695648 0.265945 0.000000 0.000000 0.000000
0.764539 -1.118201 0.800000 -0.694217 0.270349 0.000000 0.000000 0.000000
0.757604 -1.115476 0.800000 -0.692757 0.274746 0.000000 0.000000 0.000000
0.750684 -1.112706 0.800000 -0.691269 0.279137 0.000000 0.000000 0.000000
0.743779 -1.109893 0.800000 -0.689752 0.283522 0.000000 0.000000 0.000000
0.736889 -1.107036 0.800000 -0.688207 0.287901 0.000000 0.000000 0.000000
0.730015 -1.104135 0.800000 -0.686634 0.292272 0.000000 0.000000 0.000000
0.723157 -1.101190 0.800000 -0.685032 0.296636 0.000000 0.000000 0.000000
0.716314 -1.098202 0.800000 -0.683402 0.300994 0.000000 0.000000 0.000000
0.709489 -1.095171 0.800000 -0.681744 0.305343 0.000000 0.000000 0.000000
0.702680 -1.092095 0.800000 -0.680057 0.309686 0.000000 0.000000 0.000000
0.695888 -1.088977 0.800000 -0.678342 0.314020 0.000000 0.000000 0.000000
0.689113 -1.085815 0.800000 -0.676599 0.318347 0.000000 0.000000 0.000000
0.682356 -1.082610 0.800000 -0.674827 0.322665 0.000000 0.000000 0.000000
0.675616 -1.079362 0.800000 -0.673027 0.326975 0.000000 0.000000 0.000000
0.668895 -1.076071 0.800000 -0.671199 0.331277 0.000000 0.000000 0.000000
0.662193 -1.072736 0.800000 -0.669343 0.335569 0.000000 0.000000 0.000000
0.655509 -1.069359 0.800000 -0.667458 0.339853 0.000000 0.000000 0.000000
0.648843 -1.065939 0.800000 -0.665546 0.344128 0.000000 0.000000 0.000000
0.642198 -1.062477 0.800000 -0.663605 0.348394 0.000000 0.000000 0.000000
0.635571 -1.058971 0.800000 -0.661637 0.352650 0.000000 0.000000 0.000000
0.628965 -1.055424 0.800000 -0.659640 0.356897 0.000000 0.000000 0.000000
0.622379 -1.051834 0.800000 -0.657615 0.361134 0.000000 0.000000 0.000000
0.615813 -1.048201 0.800000 -0.655562 0.365360 0.000000 0.000000 0.000000
0.609268 -1.044526 0.800000 -0.653482 0.369577 0.000000 0.000000 0.000000
0.602743 -1.040810 0.800000 -0.651373 0.373783 0.000000 0.000000 0.000000
0.596240 -1.037051 0.800000 -0.649237 0.377979 0.000000 0.000000 0.000000
0.589759 -1.033250 0.800000 -0.647073 0.382164 0.000000 0.000000 0.000000
0.583299 -1.029407 0.800000 -0.644881 0.386338 0.000000 0.000000 0.000000
0.576861 -1.025523 0.800000 -0.642661 0.390500 0.000000 0.000000 0.000000
0.570446 -1.021597 0.800000 -0.640414 0.394652 0.000000 0.000000 0.000000
0.564053 -1.017630 0.800000 -0.638139 0.398792 0.000000 0.000000 0.000000
0.557683 -1.013622 0.800000 -0.635836 0.402920 0.000000 0.000000 0.000000
0.551336 -1.009572 0.800000 -0.633506 0.407036 0.000000 0.000000 0.000000
0.545013 -1.005481 0.800000 -0.631149 0.411141 0.000000 0.000000 0.000000
0.538713 -1.001349 0.800000 -0.628764 0.415233 0.000000 0.000000 0.000000
0.532438 -0.997176 0.800000 -0.626351 0.419312 0.000000 0.000000 0.000000
0.526187 -0.992963 0.800000 -0.623912 0.423379 0.000000 0.000000 0.000000
0.519960 -0.988709 0.800000 -0.621445 0.427434 0.000000 0.000000 0.000000
0.513758 -0.984414 0.800000 -0.618950 0.431475 0.000000 0.000000 0.000000
0.507581 -0.980079 0.800000 -0.616429 0.435503 0.000000 0.000000 0.000000
0.501429 -0.975704 0.800000 -0.613881 0.439517 0.000000 0.000000 0.000000
0.495303 -0.971289 0.800000 -0.611305 0.443519 0.000000 0.000000 0.000000
0.489203 -0.966834 0.800000 -0.608703 0.447506 0.000000 0.000000 0.000000
0.483129 -0.962339 0.800000 -0.606073 0.451479 0.000000 0.000000 0.000000
0.477082 -0.957804 0.800000 -0.603417 0.455438 0.000000 0.000000 0.000000
0.471061 -0.953230 0.800000 -0.600734 0.459383 0.000000 0.000000 0.000000
0.465067 -0.948617 0.800000 -0.598024 0.463314 0.000000 0.000000 0.000000
0.459101 -0.943964 0.800000 -0.595287 0.467230 0.000000 0.000000 0.000000
0.453162 -0.939272 0.800000 -0.592524 0.471131 0.000000 0.000000 0.000000
0.447250 -0.934542 0.800000 -0.589735 0.475016 0.000000 0.000000 0.000000
0.441367 -0.929772 0.800000 -0.586919 0.478887 0.000000 0.000000 0.000000
0.435512 -0.924964 0.800000 -0.584076 0.482742 0.000000 0.000000 0.000000
0.429686 -0.920117 0.800000 -0.581207 0.486582 0.000000 0.000000 0.000000
0.423888 -0.915232 0.800000 -0.578312 0.490406 0.000000 0.000000 0.000000
0.418119 -0.910309 0.800000 -0.575391 0.494214 0.000000 0.000000 0.000000
0.412380 -0.905348 0.800000 -0.572444 0.498005 0.000000 0.000000 0.000000
0.406671 -0.900349 0.800000 -0.569471 0.501781 0.000000 0.000000 0.000000
0.400991 -0.895312 0.800000 -0.566472 0.505540 0.000000 0.000000 0.000000
0.395341 -0.890238 0.800000 -0.563447 0.509282 0.000000 0.000000 0.000000
0.389722 -0.885127 0.800000 -0.560396 0.513007 0.000000 0.000000 0.000000
0.384133 -0.879978 0.800000 -0.557320 0.516716 0.000000 0.000000 0.000000
0.378576 -0.874793 0.800000 -0.554218 0.520407 0.000000 0.000000 0.000000
0.373049 -0.869570 0.800000 -0.551090 0.524080 0.000000 0.000000 0.000000
0.367554 -0.864311 0.800000 -0.547937 0.527736 0.000000 0.000000 0.000000
0.362090 -0.859016 0.800000 -0.544759 0.531374 0.000000 0.000000 0.000000
0.356659 -0.853684 0.800000 -0.541556 0.534995 0.000000 0.000000 0.000000
0.351259 -0.848316 0.800000 -0.538327 0.538597 0.000000 0.000000 0.000000
0.345892 -0.842912 0.800000 -0.535073 0.542180 0.000000 0.000000 0.000000
0.340558 -0.837472 0.800000 -0.531795 0.545746 0.000000 0.000000 0.000000
0.335257 -0.831997 0.800000 -0.528491 0.549292 0.000000 0.000000 0.000000
0.329988 -0.826486 0.800000 -0.525163 0.552820 0.000000 0.000000 0.000000
0.324753 -0.820941 0.800000 -0.521810 0.556329 0.000000 0.000000 0.000000
0.319552 -0.815360 0.800000 -0.518433 0.559818 0.000000 0.000000 0.000000
0.314385 -0.809744 0.800000 -0.515031 0.563288 0.000000 0.000000 0.000000
0.309252 -0.804094 0.800000 -0.511605 0.566739 0.000000 0.000000 0.000000
0.304153 -0.798410 0.800000 -0.508154 0.570169 0.000000 0.000000 0.000000
0.299089 -0.792691 0.800000 -0.504680 0.573580 0.000000 0.000000 0.000000
0.294059 -0.786938 0.800000 -0.501181 0.576971 0.000000 0.000000 0.000000
0.289065 -0.781151 0.800000 -0.497659 0.580341 0.000000 0.000000 0.000000
0.284106 -0.775331 0.800000 -0.494112 0.583691 0.000000 0.000000 0.000000
0.279183 -0.769478 0.800000 -0.490542 0.587021 0.000000 0.000000 0.000000
0.274295 -0.763591 0.800000 -0.486948 0.590329 0.000000 0.000000 0.000000
0.269444 -0.757671 0.800000 -0.483331 0.593617 0.000000 0.000000 0.000000
0.264629 -0.751719 0.800000 -0.479690 0.596884 0.000000 0.000000 0.000000
0.259850 -0.745734 0.800000 -0.476027 0.600129 0.000000 0.000000 0.000000
0.255108 -0.739716 0.800000 -0.472340 0.603353 0.000000 0.000000 0.000000
0.250404 -0.733667 0.800000 -0.468630 0.606555 0.000000 0.000000 0.000000
0.245736 -0.727585 0.800000 -0.464897 0.609735 0.000000 0.000000 0.000000
0.241106 -0.721472 0.800000 -0.461141 0.612893 0.000000 0.000000 0.000000
0.236513 -0.715327 0.800000 -0.457362 0.616029 0.000000 0.000000 0.000000
0.231959 -0.709151 0.800000 -0.453561 0.619143 0.000000 0.000000 0.000000
0.227442 -0.702945 0.800000 -0.449738 0.622234 0.000000 0.000000 0.000000
0.222964 -0.696707 0.800000 -0.445892 0.625303 0.000000 0.000000 0.000000
0.218524 -0.690439 0.800000 -0.442025 0.628349 0.000000 0.000000 0.000000
0.214123 -0.684140 0.800000 -0.438135 0.631372 0.000000 0.000000 0.000000
0.209762 -0.677811 0.800000 -0.434223 0.634371 0.000000 0.000000 0.000000
0.205439 -0.671453 0.800000 -0.430289 0.637348 0.000000 0.000000 0.000000
0.201156 -0.665064 0.800000 -0.426334 0.640301 0.000000 0.000000 0.000000
0.196912 -0.658647 0.800000 -0.422357 0.643230 0.000000 0.000000 0.000000
0.192709 -0.652200 0.800000 -0.418359 0.646135 0.000000 0.000000 0.000000
0.188545 -0.645724 0.800000 -0.414340 0.649017 0.000000 0.000000 0.000000
0.184422 -0.639220 0.800000 -0.410299 0.651874 0.000000 0.000000 0.000000
0.180339 -0.632687 0.800000 -0.406238 0.654707 0.000000 0.000000 0.000000
0.176297 -0.626126 0.800000 -0.402155 0.657516 0.000000 0.000000 0.000000
0.172296 -0.619536 0.800000 -0.398052 0.660300 0.000000 0.000000 0.000000
0.168337 -0.612920 0.800000 -0.393929 0.663059 0.000000 0.000000 0.000000
0.164418 -0.606275 0.800000 -0.389785 0.665793 0.000000 0.000000 0.000000
0.160541 -0.599604 0.800000 -0.385620 0.668502 0.000000 0.000000 0.000000
0.156706 -0.592905 0.800000 -0.381436 0.671186 0.000000 0.000000 0.000000
0.152912 -0.586180 0.800000 -0.377231 0.673845 0.000000 0.000000 0.000000
0.149161 -0.579429 0.800000 -0.373007 0.676478 0.000000 0.000000 0.000000
0.145452 -0.572651 0.800000 -0.368763 0.679085 0.000000 0.000000 0.000000
0.141786 -0.565847 0.800000 -0.364500 0.681666 0.000000 0.000000 0.000000
0.138162 -0.559017 0.800000 -0.360217 0.684222 0.000000 0.000000 0.000000
0.134582 -0.552163 0.800000 -0.355915 0.686751 0.000000 0.000000 0.000000
0.131044 -0.545283 0.800000 -0.351594 0.689254 0.000000 0.000000 0.000000
0.127550 -0.538378 0.800000 -0.347254 0.691730 0.000000 0.000000 0.000000
0.124099 -0.531448 0.800000 -0.342895 0.694180 0.000000 0.000000 0.000000
0.120692 -0.524494 0.800000 -0.338517 0.696603 0.000000 0.000000 0.000000
0.117329 -0.517516 0.800000 -0.334121 0.699000 0.000000 0.000000 0.000000
0.114010 -0.510514 0.800000 -0.329707 0.701369 0.000000 0.000000 0.000000
0.110735 -0.503489 0.800000 -0.325275 0.703711 0.000000 0.000000 0.000000
0.107504 -0.496440 0.800000 -0.320824 0.706025 0.000000 0.000000 0.000000
0.104318 -0.489368 0.800000 -0.316356 0.708313 0.000000 0.000000 0.000000
0.101177 -0.482274 0.800000 -0.311870 0.710572 0.000000 0.000000 0.000000
0.098081 -0.475157 0.800000 -0.307367 0.712804 0.000000 0.000000 0.000000
0.095030 -0.468018 0.800000 -0.302847 0.715008 0.000000 0.000000 0.000000
0.092024 -0.460857 0.800000 -0.298309 0.717184 0.000000 0.000000 0.000000
0.089064 -0.453674 0.800000 -0.293754 0.719331 0.000000 0.000000 0.000000
0.086149 -0.446470 0.800000 -0.289183 0.721451 0.000000 0.000000 0.000000
0.083280 -0.439245 0.800000 -0.284594 0.723541 0.000000 0.000000 0.000000
0.080457 -0.432000 0.800000 -0.279990 0.725604 0.000000 0.000000 0.000000
0.077680 -0.424733 0.800000 -0.275369 0.727637 0.000000 0.000000 0.000000
0.074950 -0.417447 0.800000 -0.270732 0.729642 0.000000 0.000000 0.000000
0.072266 -0.410141 0.800000 -0.266079 0.731618 0.000000 0.000000 0.000000
0.069628 -0.402815 0.800000 -0.261410 0.733564 0.000000 0.000000 0.000000
0.067038 -0.395470 0.800000 -0.256726 0.735481 0.000000 0.000000 0.000000
0.064494 -0.388105 0.800000 -0.252026 0.737369 0.000000 0.000000 0.000000
0.061997 -0.380722 0.800000 -0.247311 0.739228 0.000000 0.000000 0.000000
0.059548 -0.373321 0.800000 -0.242581 0.741056 0.000000 0.000000 0.000000
0.057146 -0.365901 0.800000 -0.237836 0.742855 0.000000 0.000000 0.000000
0.054791 -0.358464 0.800000 -0.233076 0.744624 0.000000 0.000000 0.000000
0.052484 -0.351009 0.800000 -0.228302 0.746363 0.000000 0.000000 0.000000
0.050225 -0.343537 0.800000 -0.223514 0.748072 0.000000 0.000000 0.000000
0.048014 -0.336047 0.800000 -0.218711 0.749751 0.000000 0.000000 0.000000
0.045851 -0.328542 0.800000 -0.213894 0.751399 0.000000 0.000000 0.000000
0.043736 -0.321020 0.800000 -0.209064 0.753017 0.000000 0.000000 0.000000
0.041670 -0.313481 0.800000 -0.204220 0.754604 0.000000 0.000000 0.000000
0.039652 -0.305928 0.800000 -0.199363 0.756160 0.000000 0.000000 0.000000
0.037682 -0.298358 0.800000 -0.194492 0.757686 0.000000 0.000000 0.000000
0.035762 -0.290774 0.800000 -0.189609 0.759180 0.000000 0.000000 0.000000
0.033890 -0.283175 0.800000 -0.184713 0.760644 0.000000 0.000000 0.000000
0.032068 -0.275561 0.800000 -0.179804 0.762076 0.000000 0.000000 0.000000
0.030294 -0.267933 0.800000 -0.174882 0.763477 0.000000 0.000000 0.000000
0.028570 -0.260292 0.800000 -0.169949 0.764846 0.000000 0.000000 0.000000
0.026895 -0.252637 0.800000 -0.165003 0.766184 0.000000 0.000000 0.000000
0.025270 -0.244968 0.800000 -0.160046 0.767490 0.000000 0.000000 0.000000
0.023694 -0.237287 0.800000 -0.155077 0.768765 0.000000 0.000000 0.000000
0.022168 -0.229593 0.800000 -0.150096 0.770007 0.000000 0.000000 0.000000
0.020692 -0.221887 0.800000 -0.145105 0.771218 0.000000 0.000000 0.000000
0.019266 -0.214169 0.800000 -0.140102 0.772397 0.000000 0.000000 0.000000
0.017890 -0.206439 0.800000 -0.135089 0.773543 0.000000 0.000000 0.000000
0.016565 -0.198698 0.800000 -0.130064 0.774657 0.000000 0.000000 0.000000
0.015289 -0.190946 0.800000 -0.125030 0.775739 0.000000 0.000000 0.000000
0.014064 -0.183183 0.800000 -0.119985 0.776788 0.000000 0.000000 0.000000
0.012890 -0.175410 0.800000 -0.114930 0.777805 0.000000 0.000000 0.000000
0.011766 -0.167627 0.800000 -0.109866 0.778789 0.000000 0.000000 0.000000
0.010692 -0.159835 0.800000 -0.104792 0.779740 0.000000 0.000000 0.000000
0.009670 -0.152033 0.800000 -0.099708 0.780658 0.000000 0.000000 0.000000
0.008698 -0.144222 0.800000 -0.094615 0.781544 0.000000 0.000000 0.000000
0.007777 -0.136402 0.800000 -0.089514 0.782396 0.000000 0.000000 0.000000
0.006908 -0.128574 0.800000 -0.084403 0.783215 0.000000 0.000000 0.000000
0.006089 -0.120738 0.800000 -0.079284 0.784001 0.000000 0.000000 0.000000
0.005322 -0.112894 0.800000 -0.074157 0.784754 0.000000 0.000000 0.000000
0.004606 -0.105043 0.800000 -0.069022 0.785473 0.000000 0.000000 0.000000
0.003942 -0.097185 0.800000 -0.063879 0.786159 0.000000 0.000000 0.000000
0.003329 -0.089320 0.800000 -0.058728 0.786811 0.000000 0.000000 0.000000
0.002767 -0.081448 0.800000 -0.053569 0.787430 0.000000 0.000000 0.000000
0.002257 -0.073571 0.800000 -0.048404 0.788015 0.000000 0.000000 0.000000
0.001799 -0.065688 0.800000 -0.043231 0.788566 0.000000 0.000000 0.000000
0.001393 -0.057800 0.800000 -0.038052 0.789083 0.000000 0.000000 0.000000
0.001038 -0.049907 0.800000 -0.032866 0.789566 0.000000 0.000000 0.000000
0.000736 -0.042009 0.800000 -0.027673 0.790015 0.000000 0.000000 0.000000
0.000485 -0.034107 0.800000 -0.022475 0.790431 0.000000 0.000000 0.000000
0.000286 -0.026200 0.800000 -0.017270 0.790811 0.000000 0.000000 0.000000
0.000139 -0.018290 0.800000 -0.012060 0.791158 0.000000 0.000000 0.000000
0.000045 -0.010377 0.800000 -0.006845 0.791470 0.000000 0.000000 0.000000
0.000003 -0.002461 0.800000 -0.001624 0.791748 0.000000 0.000000 0.000000
0.000012 0.005458 0.800000 0.003602 0.791992 0.000000 0.000000 0.000000
0.000075 0.013379 0.800000 0.008833 0.792201 0.000000 0.000000 0.000000
0.000189 0.021302 0.800000 0.014068 0.792375 0.000000 0.000000 0.000000
0.000356 0.029226 0.800000 0.019307 0.792515 0.000000 0.000000 0.000000
0.000575 0.037152 0.800000 0.024551 0.792620 0.000000 0.000000 0.000000
0.000847 0.045078 0.800000 0.029799 0.792690 0.000000 0.000000 0.000000
0.001171 0.053005 0.800000 0.035050 0.792726 0.000000 0.000000 0.000000
0.001548 0.060933 0.800000 0.040304 0.792726 0.000000 0.000000 0.000000
0.001977 0.068860 0.800000 0.045562 0.792692 0.000000 0.000000 0.000000
0.002459 0.076786 0.800000 0.050823 0.792622 0.000000 0.000000 0.000000
0.002994 0.084712 0.800000 0.056086 0.792518 0.000000 0.000000 0.000000
0.003581 0.092637 0.800000 0.061352 0.792378 0.000000 0.000000 0.000000
0.004221 0.100560 0.800000 0.066621 0.792204 0.000000 0.000000 0.000000
0.004913 0.108481 0.800000 0.071891 0.791994 0.000000 0.000000 0.000000
0.005659 0.116399 0.800000 0.077163 0.791749 0.000000 0.000000 0.000000
0.006457 0.124315 0.800000 0.082437 0.791468 0.000000 0.000000 0.000000
0.007307 0.132229 0.800000 0.087712 0.791153 0.000000 0.000000 0.000000
0.008211 0.140138 0.800000 0.092988 0.790802 0.000000 0.000000 0.000000
0.009167 0.148044 0.800000 0.098265 0.790415 0.000000 0.000000 0.000000
0.010176 0.155947 0.800000 0.103542 0.789993 0.000000 0.000000 0.000000
0.011238 0.163844 0.800000 0.108820 0.789536 0.000000 0.000000 0.000000
0.012353 0.171737 0.800000 0.114098 0.789043 0.000000 0.000000 0.000000
0.013520 0.179625 0.800000 0.119376 0.788515 0.000000 0.000000 0.000000
0.014740 0.187507 0.800000 0.124653 0.787951 0.000000 0.000000 0.000000
0.016013 0.195384 0.800000 0.129930 0.787351 0.000000 0.000000 0.000000
0.017339 0.203254 0.800000 0.135206 0.786716 0.000000 0.000000 0.000000
0.018717 0.211118 0.800000 0.140481 0.786045 0.000000 0.000000 0.000000
0.020148 0.218975 0.800000 0.145755 0.785339 0.000000 0.000000 0.000000
0.021632 0.226825 0.800000 0.151027 0.784597 0.000000 0.000000 0.000000
0.023169 0.234667 0.800000 0.156298 0.783819 0.000000 0.000000 0.000000
0.024758 0.242501 0.800000 0.161566 0.783005 0.000000 0.000000 0.000000
0.026400 0.250327 0.800000 0.166832 0.782155 0.000000 0.000000 0.000000
0.028095 0.258144 0.800000 0.172096 0.781270 0.000000 0.000000 0.000000
0.029842 0.265952 0.800000 0.177357 0.780349 0.000000 0.000000 0.000000
0.031642 0.273751 0.800000 0.182615 0.779392 0.000000 0.000000 0.000000
0.033494 0.281540 0.800000 0.187869 0.778399 0.000000 0.000000 0.000000
0.035399 0.289319 0.800000 0.193120 0.777371 0.000000 0.000000 0.000000
0.037357 0.297087 0.800000 0.198368 0.776307 0.000000 0.000000 0.000000
0.039367 0.304845 0.800000 0.203611 0.775206 0.000000 0.000000 0.000000
0.041429 0.312591 0.800000 0.208850 0.774070 0.000000 0.000000 0.000000
0.043544 0.320326 0.800000 0.214085 0.772898 0.000000 0.000000 0.000000
0.045711 0.328049 0.800000 0.219314 0.771691 0.000000 0.000000 0.000000
0.047930 0.335760 0.800000 0.224539 0.770447 0.000000 0.000000 0.000000
0.050201 0.343458 0.800000 0.229759 0.769167 0.000000 0.000000 0.000000
0.052525 0.351143 0.800000 0.234973 0.767852 0.000000 0.000000 0.000000
0.054901 0.358815 0.800000 0.240182 0.766501 0.000000 0.000000 0.000000
0.057329 0.366473 0.800000 0.245384 0.765114 0.000000 0.000000 0.000000
0.059809 0.374117 0.800000 0.250580 0.763691 0.000000 0.000000 0.000000
0.062340 0.381747 0.800000 0.255770 0.762232 0.000000 0.000000 0.000000
0.064924 0.389361 0.800000 0.260953 0.760737 0.000000 0.000000 0.000000
0.067559 0.396961 0.800000 0.266129 0.759207 0.000000 0.000000 0.000000
0.070246 0.404545 0.800000 0.271298 0.757641 0.000000 0.000000 0.000000
0.072985 0.412114 0.800000 0.276460 0.756039 0.000000 0.000000 0.000000
0.075776 0.419666 0.800000 0.281613 0.754401 0.000000 0.000000 0.000000
0.078618 0.427202 0.800000 0.286759 0.752728 0.000000 0.000000 0.000000
0.081511 0.434721 0.800000 0.291897 0.751019 0.000000 0.000000 0.000000
0.084455 0.442222 0.800000 0.297026 0.749274 0.000000 0.000000 0.000000
0.087451 0.449706 0.800000 0.302146 0.747494 0.000000 0.000000 0.000000
0.090498 0.457172 0.800000 0.307258 0.745678 0.000000 0.000000 0.000000
0.093596 0.464619 0.800000 0.312360 0.743826 0.000000 0.000000 0.000000
0.096745 0.472048 0.800000 0.317452 0.741939 0.000000 0.000000 0.000000
0.099945 0.479458 0.800000 0.322535 0.740016 0.000000 0.000000 0.000000
0.103196 0.486848 0.800000 0.327608 0.738058 0.000000 0.000000 0.000000
0.106498 0.494219 0.800000 0.332671 0.736064 0.000000 0.000000 0.000000
0.109850 0.501570 0.800000 0.337723 0.734035 0.000000 0.000000 0.000000
0.113252 0.508900 0.800000 0.342765 0.731970 0.000000 0.000000 0.000000
0.116705 0.516209 0.800000 0.347796 0.729870 0.000000 0.000000 0.000000
0.120208 0.523497 0.800000 0.352815 0.727735 0.000000 0.000000 0.000000
0.123761 0.530763 0.800000 0.357823 0.725564 0.000000 0.000000 0.000000
0.127364 0.538008 0.800000 0.362819 0.723359 0.000000 0.000000 0.000000
0.131017 0.545230 0.800000 0.367803 0.721118 0.000000 0.000000 0.000000
0.134720 0.552430 0.800000 0.372775 0.718842 0.000000 0.000000 0.000000
0.138473 0.559607 0.800000 0.377735 0.716531 0.000000 0.000000 0.000000
0.142275 0.566761 0.800000 0.382682 0.714185 0.000000 0.000000 0.000000
0.146126 0.573891 0.800000 0.387615 0.711804 0.000000 0.000000 0.000000
0.150027 0.580997 0.800000 0.392536 0.709388 0.000000 0.000000 0.000000
0.153977 0.588078 0.800000 0.397443 0.706937 0.000000 0.000000 0.000000
0.157976 0.595135 0.800000 0.402336 0.704452 0.000000 0.000000 0.000000
0.162024 0.602167 0.800000 0.407216 0.701931 0.000000 0.000000 0.000000
0.166120 0.609174 0.800000 0.412081 0.699377 0.000000 0.000000 0.000000
0.170265 0.616155 0.800000 0.416931 0.696787 0.000000 0.000000 0.000000
0.174459 0.623110 0.800000 0.421767 0.694163 0.000000 0.000000 0.000000
0.178701 0.630038 0.800000 0.426588 0.691505 0.000000 0.000000 0.000000
0.182991 0.636939 0.800000 0.431394 0.688812 0.000000 0.000000 0.000000
0.187329 0.643814 0.800000 0.436184 0.686085 0.000000 0.000000 0.000000
0.191714 0.650661 0.800000 0.440958 0.683324 0.000000 0.000000 0.000000
0.196148 0.657480 0.800000 0.445717 0.680528 0.000000 0.000000 0.000000
0.200629 0.664272 0.800000 0.450459 0.677699 0.000000 0.000000 0.000000
0.205157 0.671034 0.800000 0.455185 0.674835 0.000000 0.000000 0.000000
0.209732 0.677768 0.800000 0.459894 0.671938 0.000000 0.000000 0.000000
0.214355 0.684473 0.800000 0.464586 0.669007 0.000000 0.000000 0.000000
0.219024 0.691148 0.800000 0.469261 0.666042 0.000000 0.000000 0.000000
0.223740 0.697794 0.800000 0.473918 0.663043 0.000000 0.000000 0.000000
0.228502 0.704409 0.800000 0.478558 0.660011 0.000000 0.000000 0.000000
0.233311 0.710994 0.800000 0.483179 0.656946 0.000000 0.000000 0.000000
0.238166 0.717548 0.800000 0.487783 0.653847 0.000000 0.000000 0.000000
0.243066 0.724071 0.800000 0.492368 0.650715 0.000000 0.000000 0.000000
0.248013 0.730562 0.800000 0.496934 0.647550 0.000000 0.000000 0.000000
0.253005 0.737021 0.800000 0.501482 0.644351 0.000000 0.000000 0.000000
0.258043 0.743449 0.800000 0.506010 0.641120 0.000000 0.000000 0.000000
0.263125 0.749844 0.800000 0.510519 0.637856 0.000000 0.000000 0.000000
0.268253 0.756206 0.800000 0.515008 0.634559 0.000000 0.000000 0.000000
0.273425 0.762535 0.800000 0.519477 0.631229 0.000000 0.000000 0.000000
0.278642 0.768830 0.800000 0.523926 0.627867 0.000000 0.000000 0.000000
0.283904 0.775092 0.800000 0.528354 0.624472 0.000000 0.000000 0.000000
0.289209 0.781320 0.800000 0.532762 0.621045 0.000000 0.000000 0.000000
0.294559 0.787513 0.800000 0.537149 0.617586 0.000000 0.000000 0.000000
0.299952 0.793671 0.800000 0.541515 0.614095 0.000000 0.000000 0.000000
0.305389 0.799795 0.800000 0.545860 0.610572 0.000000 0.000000 0.000000
0.310869 0.805883 0.800000 0.550183 0.607017 0.000000 0.000000 0.000000
0.316393 0.811935 0.800000 0.554484 0.603430 0.000000 0.000000 0.000000
0.321959 0.817951 0.800000 0.558763 0.599812 0.000000 0.000000 0.000000
0.327568 0.823931 0.800000 0.563019 0.596162 0.000000 0.000000 0.000000
0.333219 0.829874 0.800000 0.567254 0.592481 0.000000 0.000000 0.000000
0.338913 0.835780 0.800000 0.571465 0.588768 0.000000 0.000000 0.000000
0.344648 0.841649 0.800000 0.575653 0.585025 0.000000 0.000000 0.000000
0.350426 0.847481 0.800000 0.579818 0.581250 0.000000 0.000000 0.000000
0.356245 0.853274 0.800000 0.583960 0.577445 0.000000 0.000000 0.000000
0.362105 0.859030 0.800000 0.588077 0.573609 0.000000 0.000000 0.000000
0.368006 0.864746 0.800000 0.592171 0.569742 0.000000 0.000000 0.000000
0.373948 0.870424 0.800000 0.596241 0.565845 0.000000 0.000000 0.000000
0.379931 0.876063 0.800000 0.600286 0.561918 0.000000 0.000000 0.000000
0.385954 0.881663 0.800000 0.604306 0.557961 0.000000 0.000000 0.000000
0.392017 0.887222 0.800000 0.608302 0.553973 0.000000 0.000000 0.000000
0.398120 0.892742 0.800000 0.612272 0.549956 0.000000 0.000000 0.000000
0.404262 0.898221 0.800000 0.616217 0.545909 0.000000 0.000000 0.000000
0.410444 0.903660 0.800000 0.620137 0.541833 0.000000 0.000000 0.000000
0.416665 0.909058 0.800000 0.624030 0.537727 0.000000 0.000000 0.000000
0.422925 0.914415 0.800000 0.627898 0.533592 0.000000 0.000000 0.000000
0.429223 0.919730 0.800000 0.631739 0.529428 0.000000 0.000000 0.000000
0.435559 0.925003 0.800000 0.635554 0.525234 0.000000 0.000000 0.000000
0.441934 0.930234 0.800000 0.639342 0.521013 0.000000 0.000000 0.000000
0.448346 0.935423 0.800000 0.643103 0.516762 0.000000 0.000000 0.000000
0.454796 0.940569 0.800000 0.646837 0.512483 0.000000 0.000000 0.000000
0.461283 0.945673 0.800000 0.650544 0.508176 0.000000 0.000000 0.000000
0.467807 0.950733 0.800000 0.654223 0.503841 0.000000 0.000000 0.000000
0.474367 0.955749 0.800000 0.657874 0.499477 0.000000 0.000000 0.000000
0.480964 0.960722 0.800000 0.661497 0.495086 0.000000 0.000000 0.000000
0.487597 0.965651 0.800000 0.665092 0.490668 0.000000 0.000000 0.000000
0.494266 0.970536 0.800000 0.668659 0.486221 0.000000 0.000000 0.000000
0.500970 0.975375 0.800000 0.672196 0.481748 0.000000 0.000000 0.000000
0.507710 0.980170 0.800000 0.675705 0.477248 0.000000 0.000000 0.000000
0.514484 0.984920 0.800000 0.679185 0.472720 0.000000 0.000000 0.000000
0.521293 0.989625 0.800000 0.682635 0.468166 0.000000 0.000000 0.000000
0.528137 0.994284 0.800000 0.686056 0.463586 0.000000 0.000000 0.000000
0.535014 0.998896 0.800000 0.689447 0.458979 0.000000 0.000000 0.000000
0.541926 1.003463 0.800000 0.692808 0.454346 0.000000 0.000000 0.000000
0.548870 1.007983 0.800000 0.696138 0.449686 0.000000 0.000000 0.000000
0.555848 1.012457 0.800000 0.699439 0.445002 0.000000 0.000000 0.000000
0.562859 1.016883 0.800000 0.702709 0.440291 0.000000 0.000000 0.000000
0.569902 1.021262 0.800000 0.705948 0.435555 0.000000 0.000000 0.000000
0.576978 1.025594 0.800000 0.709156 0.430794 0.000000 0.000000 0.000000
0.584085 1.029878 0.800000 0.712332 0.426008 0.000000 0.000000 0.000000
0.591224 1.034114 0.800000 0.715478 0.421197 0.000000 0.000000 0.000000
0.598395 1.038302 0.800000 0.718592 0.416361 0.000000 0.000000 0.000000
0.605596 1.042441 0.800000 0.721673 0.411501 0.000000 0.000000 0.000000
0.612828 1.046532 0.800000 0.724723 0.406617 0.000000 0.000000 0.000000
0.620090 1.050574 0.800000 0.727741 0.401708 0.000000 0.000000 0.000000
0.627383 1.054566 0.800000 0.730726 0.396776 0.000000 0.000000 0.000000
0.634705 1.058509 0.800000 0.733679 0.391820 0.000000 0.000000 0.000000
0.642056 1.062402 0.800000 0.736599 0.386841 0.000000 0.000000 0.000000
0.649437 1.066246 0.800000 0.739486 0.381839 0.000000 0.000000 0.000000
0.656846 1.070039 0.800000 0.742340 0.376813 0.000000 0.000000 0.000000
0.664283 1.073782 0.800000 0.745160 0.371765 0.000000 0.000000 0.000000
0.671749 1.077474 0.800000 0.747947 0.366694 0.000000 0.000000 0.000000
0.679242 1.081116 0.800000 0.750700 0.361601 0.000000 0.000000 0.000000
0.686763 1.084706 0.800000 0.753419 0.356486 0.000000 0.000000 0.000000
0.694311 1.088245 0.800000 0.756104 0.351349 0.000000 0.000000 0.000000
0.701885 1.091733 0.800000 0.758755 0.346190 0.000000 0.000000 0.000000
0.709485 1.095169 0.800000 0.761371 0.341010 0.000000 0.000000 0.000000
0.717112 1.098553 0.800000 0.763952 0.335808 0.000000 0.000000 0.000000
0.724764 1.101885 0.800000 0.766499 0.330586 0.000000 0.000000 0.000000
0.732442 1.105165 0.800000 0.769011 0.325342 0.000000 0.000000 0.000000
0.740145 1.108392 0.800000 0.771487 0.320079 0.000000 0.000000 0.000000
0.747872 1.111566 0.800000 0.773928 0.314794 0.000000 0.000000 0.000000
0.755623 1.114688 0.800000 0.776334 0.309490 0.000000 0.000000 0.000000
0.763398 1.117756 0.800000 0.778703 0.304166 0.000000 0.000000 0.000000
0.771197 1.120771 0.800000 0.781037 0.298822 0.000000 0.000000 0.000000
0.779019 1.123733 0.800000 0.783335 0.293459 0.000000 0.000000 0.000000
0.786863 1.126640 0.800000 0.785597 0.288077 0.000000 0.000000 0.000000
0.794731 1.129494 0.800000 0.787822 0.282675 0.000000 0.000000 0.000000
0.802620 1.132294 0.800000 0.790011 0.277255 0.000000 0.000000 0.000000
0.810531 1.135039 0.800000 0.792163 0.271817 0.000000 0.000000 0.000000
0.818463 1.137730 0.800000 0.794278 0.266361 0.000000 0.000000 0.000000
0.826416 1.140366 0.800000 0.796356 0.260886 0.000000 0.000000 0.000000
0.834390 1.142948 0.800000 0.798397 0.255394 0.000000 0.000000 0.000000
0.842384 1.145474 0.800000 0.800400 0.249884 0.000000 0.000000 0.000000
0.850398 1.147945 0.800000 0.802366 0.244357 0.000000 0.000000 0.000000
0.858431 1.150361 0.800000 0.804294 0.238814 0.000000 0.000000 0.000000
0.866484 1.152721 0.800000 0.806185 0.233253 0.000000 0.000000 0.000000
0.874555 1.155026 0.800000 0.808037 0.227676 0.000000 0.000000 0.000000
0.882644 1.157275 0.800000 0.809851 0.222083 0.000000 0.000000 0.000000
0.890752 1.159468 0.800000 0.811627 0.216474 0.000000 0.000000 0.000000
0.898877 1.161604 0.800000 0.813365 0.210849 0.000000 0.000000 0.000000
0.907019 1.163685 0.800000 0.815064 0.205209 0.000000 0.000000 0.000000
0.915178 1.165708 0.800000 0.816725 0.199554 0.000000 0.000000 0.000000
0.923353 1.167676 0.800000 0.818346 0.193883 0.000000 0.000000 0.000000
0.931545 1.169586 0.800000 0.819929 0.188198 0.000000 0.000000 0.000000
0.939752 1.171440 0.800000 0.821472 0.182499 0.000000 0.000000 0.000000
0.947974 1.173236 0.800000 0.822976 0.176786 0.000000 0.000000 0.000000
0.956211 1.174975 0.800000 0.824441 0.171059 0.000000 0.000000 0.000000
0.964463 1.176657 0.800000 0.825866 0.165318 0.000000 0.000000 0.000000
0.972728 1.178282 0.800000 0.827252 0.159564 0.000000 0.000000 0.000000
0.981007 1.179848 0.800000 0.828598 0.153797 0.000000 0.000000 0.000000
0.989300 1.181357 0.800000 0.829904 0.148017 0.000000 0.000000 0.000000
0.997605 1.182809 0.800000 0.831170 0.142224 0.000000 0.000000 0.000000
1.005923 1.184202 0.800000 0.832395 0.136420 0.000000 0.000000 0.000000
1.014253 1.185537 0.800000 0.833581 0.130603 0.000000 0.000000 0.000000
1.022595 1.186814 0.800000 0.834726 0.124775 0.000000 0.000000 0.000000
1.030948 1.188033 0.800000 0.835830 0.118935 0.000000 0.000000 0.000000
1.039311 1.189193 0.800000 0.836894 0.113085 0.000000 0.000000 0.000000
1.047685 1.190294 0.800000 0.837918 0.107223 0.000000 0.000000 0.000000
1.056069 1.191337 0.800000 0.838900 0.101351 0.000000 0.000000 0.000000
1.064463 1.192321 0.800000 0.839841 0.095469 0.000000 0.000000 0.000000
1.072866 1.193246 0.800000 0.840742 0.089576 0.000000 0.000000 0.000000
1.081278 1.194113 0.800000 0.841601 0.083674 0.000000 0.000000 0.000000
1.089698 1.194920 0.800000 0.842418 0.077763 0.000000 0.000000 0.000000
1.098126 1.195668 0.800000 0.843195 0.071842 0.000000 0.000000 0.000000
1.106562 1.196357 0.800000 0.843930 0.065913 0.000000 0.000000 0.000000
1.115005 1.196986 0.800000 0.844623 0.059975 0.000000 0.000000 0.000000
1.123454 1.197556 0.800000 0.845275 0.054029 0.000000 0.000000 0.000000
1.131910 1.198067 0.800000 0.845885 0.048074 0.000000 0.000000 0.000000
1.140372 1.198518 0.800000 0.846453 0.042113 0.000000 0.000000 0.000000
1.148839 1.198909 0.800000 0.846979 0.036143 0.000000 0.000000 0.000000
1.157311 1.199240 0.800000 0.847463 0.030167 0.000000 0.000000 0.000000
1.165788 1.199512 0.800000 0.847905 0.024184 0.000000 0.000000 0.000000
1.174269 1.199724 0.800000 0.848305 0.018194 0.000000 0.000000 0.000000
1.182754 1.199876 0.800000 0.848662 0.012198 0.000000 0.000000 0.000000
1.191242 1.199968 0.800000 0.848977 0.006196 0.000000 0.000000 0.000000
1.199733 1.200000 0.800000 0.849250 0.000189 0.000000 0.000000 0.000000
1.208227 1.199972 0.800000 0.849480 -0.005824 0.000000 0.000000 0.000000
1.216723 1.199883 0.800000 0.849667 -0.011842 0.000000 0.000000 0.000000
1.225220 1.199735 0.800000 0.849812 -0.017864 0.000000 0.000000 0.000000
1.233719 1.199526 0.800000 0.849914 -0.023891 0.000000 0.000000 0.000000
1.242218 1.199257 0.800000 0.849973 -0.029922 0.000000 0.000000 0.000000
1.250718 1.198928 0.800000 0.849990 -0.035957 0.000000 0.000000 0.000000
1.259218 1.198538 0.800000 0.849963 -0.041995 0.000000 0.000000 0.000000
1.267717 1.198088 0.800000 0.849894 -0.048037 0.000000 0.000000 0.000000
1.276216 1.197577 0.800000 0.849781 -0.054081 0.000000 0.000000 0.000000
1.284713 1.197006 0.800000 0.849625 -0.060128 0.000000 0.000000 0.000000
1.293208 1.196375 0.800000 0.849426 -0.066178 0.000000 0.000000 0.000000
1.301701 1.195683 0.800000 0.849184 -0.072229 0.000000 0.000000 0.000000
1.310192 1.194930 0.800000 0.848898 -0.078282 0.000000 0.000000 0.000000
1.318679 1.194117 0.800000 0.848569 -0.084336 0.000000 0.000000 0.000000
1.327163 1.193243 0.800000 0.848197 -0.090392 0.000000 0.000000 0.000000
1.335643 1.192309 0.800000 0.847781 -0.096448 0.000000 0.000000 0.000000
1.344118 1.191314 0.800000 0.847322 -0.102504 0.000000 0.000000 0.000000
1.352589 1.190259 0.800000 0.846820 -0.108561 0.000000 0.000000 0.000000
1.361055 1.189143 0.800000 0.846274 -0.114617 0.000000 0.000000 0.000000
1.369514 1.187967 0.800000 0.845684 -0.120673 0.000000 0.000000 0.000000
1.377968 1.186730 0.800000 0.845050 -0.126728 0.000000 0.000000 0.000000
1.386415 1.185432 0.800000 0.844373 -0.132782 0.000000 0.000000 0.000000
1.394855 1.184074 0.800000 0.843653 -0.138834 0.000000 0.000000 0.000000
1.403288 1.182655 0.800000 0.842888 -0.144885 0.000000 0.000000 0.000000
1.411713 1.181176 0.800000 0.842080 -0.150934 0.000000 0.000000 0.000000
1.420130 1.179637 0.800000 0.841228 -0.156980 0.000000 0.000000 0.000000
1.428537 1.178037 0.800000 0.840333 -0.163023 0.000000 0.000000 0.000000
1.436936 1.176376 0.800000 0.839394 -0.169064 0.000000 0.000000 0.000000
1.445325 1.174656 0.800000 0.838410 -0.175101 0.000000 0.000000 0.000000
1.453704 1.172874 0.800000 0.837383 -0.181134 0.000000 0.000000 0.000000
1.462073 1.171033 0.800000 0.836313 -0.187164 0.000000 0.000000 0.000000
1.470430 1.169131 0.800000 0.835198 -0.193189 0.000000 0.000000 0.000000
1.478777 1.167169 0.800000 0.834040 -0.199209 0.000000 0.000000 0.000000
1.487111 1.165147 0.800000 0.832837 -0.205225 0.000000 0.000000 0.000000
1.495433 1.163065 0.800000 0.831591 -0.211235 0.000000 0.000000 0.000000
1.503743 1.160922 0.800000 0.830301 -0.217239 0.000000 0.000000 0.000000
1.512039 1.158720 0.800000 0.828967 -0.223238 0.000000 0.000000 0.000000
1.520322 1.156457 0.800000 0.827590 -0.229230 0.000000 0.000000 0.000000
1.528591 1.154135 0.800000 0.826168 -0.235216 0.000000 0.000000 0.000000
1.536845 1.151753 0.800000 0.824703 -0.241195 0.000000 0.000000 0.000000
1.545085 1.149311 0.800000 0.823194 -0.247167 0.000000 0.000000 0.000000
1.553309 1.146810 0.800000 0.821641 -0.253131 0.000000 0.000000 0.000000
1.561517 1.144249 0.800000 0.820045 -0.259087 0.000000 0.000000 0.000000
1.569710 1.141628 0.800000 0.818405 -0.265036 0.000000 0.000000 0.000000
1.577885 1.138948 0.800000 0.816721 -0.270975 0.000000 0.000000 0.000000
1.586044 1.136209 0.800000 0.814993 -0.276906 0.000000 0.000000 0.000000
1.594185 1.133410 0.800000 0.813222 -0.282828 0.000000 0.000000 0.000000
1.602308 1.130552 0.800000 0.811407 -0.288740 0.000000 0.000000 0.000000
1.610413 1.127635 0.800000 0.809548 -0.294642 0.000000 0.000000 0.000000
1.618499 1.124659 0.800000 0.807646 -0.300535 0.000000 0.000000 0.000000
1.626566 1.121625 0.800000 0.805700 -0.306416 0.000000 0.000000 0.000000
1.634613 1.118531 0.800000 0.803711 -0.312287 0.000000 0.000000 0.000000
1.642640 1.115379 0.800000 0.801679 -0.318147 0.000000 0.000000 0.000000
1.650646 1.112168 0.800000 0.799603 -0.323996 0.000000 0.000000 0.000000
1.658632 1.108899 0.800000 0.797483 -0.329833 0.000000 0.000000 0.000000
1.666596 1.105572 0.800000 0.795321 -0.335657 0.000000 0.000000 0.000000
1.674538 1.102186 0.800000 0.793115 -0.341470 0.000000 0.000000 0.000000
1.682458 1.098742 0.800000 0.790865 -0.347269 0.000000 0.000000 0.000000
1.690355 1.095241 0.800000 0.788573 -0.353056 0.000000 0.000000 0.000000
1.698229 1.091681 0.800000 0.786238 -0.358829 0.000000 0.000000 0.000000
1.706080 1.088064 0.800000 0.783859 -0.364588 0.000000 0.000000 0.000000
1.713906 1.084389 0.800000 0.781438 -0.370334 0.000000 0.000000 0.000000
1.721708 1.080657 0.800000 0.778974 -0.376065 0.000000 0.000000 0.000000
1.729486 1.076868 0.800000 0.776467 -0.381781 0.000000 0.000000 0.000000
1.737238 1.073022 0.800000 0.773917 -0.387483 0.000000 0.000000 0.000000
1.744964 1.069119 0.800000 0.771324 -0.393169 0.000000 0.000000 0.000000
1.752664 1.065159 0.800000 0.768689 -0.398839 0.000000 0.000000 0.000000
1.760337 1.061142 0.800000 0.766012 -0.404494 0.000000 0.000000 0.000000
1.767984 1.057069 0.800000 0.763292 -0.410132 0.000000 0.000000 0.000000
1.775603 1.052939 0.800000 0.760529 -0.415753 0.000000 0.000000 0.000000
1.783194 1.048754 0.800000 0.757725 -0.421358 0.000000 0.000000 0.000000
1.790757 1.044512 0.800000 0.754878 -0.426945 0.000000 0.000000 0.000000
1.798292 1.040215 0.800000 0.751989 -0.432515 0.000000 0.000000 0.000000
1.805797 1.035862 0.800000 0.749058 -0.438067 0.000000 0.000000 0.000000
1.813273 1.031454 0.800000 0.746085 -0.443601 0.000000 0.000000 0.000000
1.820719 1.026990 0.800000 0.743070 -0.449116 0.000000 0.000000 0.000000
1.828134 1.022471 0.800000 0.740014 -0.454612 0.000000 0.000000 0.000000
1.835519 1.017898 0.800000 0.736916 -0.460089 0.000000 0.000000 0.000000
1.842872 1.013270 0.800000 0.733776 -0.465547 0.000000 0.000000 0.000000
1.850194 1.008587 0.800000 0.730595 -0.470984 0.000000 0.000000 0.000000
1.857484 1.003850 0.800000 0.727373 -0.476402 0.000000 0.000000 0.000000
1.864741 0.999059 0.800000 0.724110 -0.481799 0.000000 0.000000 0.000000
1.871966 0.994214 0.800000 0.720805 -0.487175 0.000000 0.000000 0.000000
1.879157 0.989315 0.800000 0.717460 -0.492531 0.000000 0.000000 0.000000
1.886315 0.984364 0.800000 0.714074 -0.497864 0.000000 0.000000 0.000000
1.893439 0.979358 0.800000 0.710647 -0.503177 0.000000 0.000000 0.000000
1.900528 0.974300 0.800000 0.707179 -0.508467 0.000000 0.000000 0.000000
1.907582 0.969189 0.800000 0.703672 -0.513734 0.000000 0.000000 0.000000
1.914601 0.964025 0.800000 0.700123 -0.518979 0.000000 0.000000 0.000000
1.921585 0.958810 0.800000 0.696535 -0.524201 0.000000 0.000000 0.000000
1.928532 0.953541 0.800000 0.692907 -0.529400 0.000000 0.000000 0.000000
1.935443 0.948222 0.800000 0.689239 -0.534575 0.000000 0.000000 0.000000
1.942316 0.942850 0.800000 0.685531 -0.539726 0.000000 0.000000 0.000000
1.949153 0.937427 0.800000 0.681783 -0.544853 0.000000 0.000000 0.000000
1.955952 0.931953 0.800000 0.677996 -0.549955 0.000000 0.000000 0.000000
1.962713 0.926428 0.800000 0.674169 -0.555032 0.000000 0.000000 0.000000
1.969435 0.920853 0.800000 0.670304 -0.560085 0.000000 0.000000 0.000000
1.976119 0.915227 0.800000 0.666399 -0.565112 0.000000 0.000000 0.000000
1.982763 0.909550 0.800000 0.662456 -0.570112 0.000000 0.000000 0.000000
1.989368 0.903824 0.800000 0.658474 -0.575087 0.000000 0.000000 0.000000
1.995932 0.898049 0.800000 0.654453 -0.580036 0.000000 0.000000 0.000000
2.002457 0.892224 0.800000 0.650394 -0.584958 0.000000 0.000000 0.000000
2.008940 0.886350 0.800000 0.646297 -0.589852 0.000000 0.000000 0.000000
2.015383 0.880427 0.800000 0.642161 -0.594720 0.000000 0.000000 0.000000
2.021783 0.874455 0.800000 0.637988 -0.599559 0.000000 0.000000 0.000000
2.028142 0.868436 0.800000 0.633777 -0.604371 0.000000 0.000000 0.000000
2.034459 0.862368 0.800000 0.629529 -0.609155 0.000000 0.000000 0.000000
2.040733 0.856253 0.800000 0.625243 -0.613910 0.000000 0.000000 0.000000
2.046963 0.850090 0.800000 0.620920 -0.618636 0.000000 0.000000 0.000000
2.053151 0.843880 0.800000 0.616560 -0.623333 0.000000 0.000000 0.000000
2.059295 0.837623 0.800000 0.612163 -0.628001 0.000000 0.000000 0.000000
2.065394 0.831320 0.800000 0.607730 -0.632639 0.000000 0.000000 0.000000
2.071449 0.824971 0.800000 0.603260 -0.637247 0.000000 0.000000 0.000000
2.077459 0.818575 0.800000 0.598754 -0.641825 0.000000 0.000000 0.000000
2.083424 0.812134 0.800000 0.594212 -0.646372 0.000000 0.000000 0.000000
2.089343 0.805648 0.800000 0.589634 -0.650888 0.000000 0.000000 0.000000
2.095217 0.799117 0.800000 0.585020 -0.655373 0.000000 0.000000 0.000000
2.101043 0.792541 0.800000 0.580371 -0.659827 0.000000 0.000000 0.000000
2.106824 0.785920 0.800000 0.575687 -0.664248 0.000000 0.000000 0.000000
2.112557 0.779256 0.800000 0.570967 -0.668638 0.000000 0.000000 0.000000
2.118243 0.772548 0.800000 0.566213 -0.672996 0.000000 0.000000 0.000000
2.123881 0.765796 0.800000 0.561424 -0.677320 0.000000 0.000000 0.000000
2.129471 0.759001 0.800000 0.556601 -0.681612 0.000000 0.000000 0.000000
2.135013 0.752164 0.800000 0.551743 -0.685871 0.000000 0.000000 0.000000
2.140506 0.745284 0.800000 0.546852 -0.690096 0.000000 0.000000 0.000000
2.145950 0.738362 0.800000 0.541927 -0.694288 0.000000 0.000000 0.000000
2.151345 0.731398 0.800000 0.536968 -0.698445 0.000000 0.000000 0.000000
2.156689 0.724393 0.800000 0.531976 -0.702569 0.000000 0.000000 0.000000
2.161984 0.717347 0.800000 0.526951 -0.706657 0.000000 0.000000 0.000000
2.167228 0.710260 0.800000 0.521893 -0.710711 0.000000 0.000000 0.000000
2.172422 0.703133 0.800000 0.516803 -0.714730 0.000000 0.000000 0.000000
2.177564 0.695966 0.800000 0.511680 -0.718713 0.000000 0.000000 0.000000
2.182655 0.688759 0.800000 0.506525 -0.722661 0.000000 0.000000 0.000000
2.187695 0.681513 0.800000 0.501338 -0.726573 0.000000 0.000000 0.000000
2.192682 0.674227 0.800000 0.496119 -0.730448 0.000000 0.000000 0.000000
2.197617 0.666904 0.800000 0.490869 -0.734288 0.000000 0.000000 0.000000
2.202499 0.659542 0.800000 0.485588 -0.738090 0.000000 0.000000 0.000000
2.207329 0.652142 0.800000 0.480275 -0.741855 0.000000 0.000000 0.000000
2.212105 0.644705 0.800000 0.474933 -0.745584 0.000000 0.000000 0.000000
2.216827 0.637231 0.800000 0.469559 -0.749274 0.000000 0.000000 0.000000
2.221496 0.629719 0.800000 0.464156 -0.752927 0.000000 0.000000 0.000000
2.226110 0.622172 0.800000 0.458722 -0.756542 0.000000 0.000000 0.000000
2.230670 0.614589 0.800000 0.453259 -0.760119 0.000000 0.000000 0.000000
2.235175 0.606970 0.800000 0.447767 -0.763657 0.000000 0.000000 0.000000
2.239625 0.599316 0.800000 0.442245 -0.767157 0.000000 0.000000 0.000000
2.244020 0.591627 0.800000 0.436695 -0.770617 0.000000 0.000000 0.000000
2.248359 0.583904 0.800000 0.431115 -0.774038 0.000000 0.000000 0.000000
2.252642 0.576146 0.800000 0.425508 -0.777420 0.000000 0.000000 0.000000
2.256869 0.568355 0.800000 0.419872 -0.780762 0.000000 0.000000 0.000000
2.261040 0.560531 0.800000 0.414209 -0.784064 0.000000 0.000000 0.000000
2.265153 0.552674 0.800000 0.408518 -0.787326 0.000000 0.000000 0.000000
2.269210 0.544785 0.800000 0.402800 -0.790547 0.000000 0.000000 0.000000
2.273209 0.536863 0.800000 0.397055 -0.793728 0.000000 0.000000 0.000000
2.277151 0.528910 0.800000 0.391283 -0.796867 0.000000 0.000000 0.000000
2.281035 0.520926 0.800000 0.385485 -0.799966 0.000000 0.000000 0.000000
2.284860 0.512911 0.800000 0.379661 -0.803023 0.000000 0.000000 0.000000
2.288628 0.504866 0.800000 0.373811 -0.806038 0.000000 0.000000 0.000000
2.292337 0.496790 0.800000 0.367935 -0.809012 0.000000 0.000000 0.000000
2.295986 0.488686 0.800000 0.362035 -0.811943 0.000000 0.000000 0.000000
2.299577 0.480552 0.800000 0.356109 -0.814833 0.000000 0.000000 0.000000
2.303109 0.472389 0.800000 0.350158 -0.817679 0.000000 0.000000 0.000000
2.306580 0.464198 0.800000 0.344184 -0.820483 0.000000 0.000000 0.000000
2.309992 0.455980 0.800000 0.338185 -0.823244 0.000000 0.000000 0.000000
2.313344 0.447734 0.800000 0.332162 -0.825962 0.000000 0.000000 0.000000
2.316635 0.439461 0.800000 0.326116 -0.828636 0.000000 0.000000 0.000000
2.319866 0.431161 0.800000 0.320047 -0.831267 0.000000 0.000000 0.000000
2.323036 0.422835 0.800000 0.313955 -0.833854 0.000000 0.000000 0.000000
2.326145 0.414484 0.800000 0.307841 -0.836397 0.000000 0.000000 0.000000
2.329193 0.406108 0.800000 0.301704 -0.838896 0.000000 0.000000 0.000000
2.332179 0.397706 0.800000 0.295545 -0.841351 0.000000 0.000000 0.000000
2.335104 0.389281 0.800000 0.289365 -0.843760 0.000000 0.000000 0.000000
2.337966 0.380831 0.800000 0.283164 -0.846125 0.000000 0.000000 0.000000
2.340767 0.372358 0.800000 0.276942 -0.848445 0.000000 0.000000 0.000000
2.343505 0.363862 0.800000 0.270699 -0.850720 0.000000 0.000000 0.000000
2.346181 0.355344 0.800000 0.264435 -0.852950 0.000000 0.000000 0.000000
2.348794 0.346804 0.800000 0.258152 -0.855133 0.000000 0.000000 0.000000
2.351344 0.338242 0.800000 0.251849 -0.857271 0.000000 0.000000 0.000000
2.353831 0.329658 0.800000 0.245527 -0.859364 0.000000 0.000000 0.000000
2.356254 0.321054 0.800000 0.239186 -0.861409 0.000000 0.000000 0.000000
2.358614 0.312430 0.800000 0.232826 -0.863409 0.000000 0.000000 0.000000
2.360911 0.303786 0.800000 0.226447 -0.865362 0.000000 0.000000 0.000000
2.363143 0.295123 0.800000 0.220051 -0.867269 0.000000 0.000000 0.000000
2.365312 0.286441 0.800000 0.213637 -0.869128 0.000000 0.000000 0.000000
2.367416 0.277741 0.800000 0.207206 -0.870941 0.000000 0.000000 0.000000
2.369456 0.269023 0.800000 0.200758 -0.872706 0.000000 0.000000 0.000000
2.371431 0.260287 0.800000 0.194293 -0.874424 0.000000 0.000000 0.000000
2.373342 0.251534 0.800000 0.187812 -0.876095 0.000000 0.000000 0.000000
2.375187 0.242765 0.800000 0.181315 -0.877718 0.000000 0.000000 0.000000
2.376968 0.233980 0.800000 0.174803 -0.879293 0.000000 0.000000 0.000000
2.378683 0.225179 0.800000 0.168275 -0.880820 0.000000 0.000000 0.000000
2.380333 0.216364 0.800000 0.161732 -0.882299 0.000000 0.000000 0.000000
2.381918 0.207534 0.800000 0.155175 -0.883730 0.000000 0.000000 0.000000
2.383437 0.198689 0.800000 0.148603 -0.885112 0.000000 0.000000 0.000000
2.384890 0.189831 0.800000 0.142018 -0.886446 0.000000 0.000000 0.000000
2.386277 0.180961 0.800000 0.135419 -0.887731 0.000000 0.000000 0.000000
2.387598 0.172077 0.800000 0.128807 -0.888967 0.000000 0.000000 0.000000
2.388853 0.163181 0.800000 0.122182 -0.890154 0.000000 0.000000 0.000000
2.390042 0.154274 0.800000 0.115545 -0.891292 0.000000 0.000000 0.000000
2.391164 0.145356 0.800000 0.108896 -0.892380 0.000000 0.000000 0.000000
2.392220 0.136427 0.800000 0.102235 -0.893420 0.000000 0.000000 0.000000
2.393209 0.127488 0.800000 0.095563 -0.894409 0.000000 0.000000 0.000000
2.394131 0.118539 0.800000 0.088879 -0.895349 0.000000 0.000000 0.000000
2.394986 0.109581 0.800000 0.082186 -0.896240 0.000000 0.000000 0.000000
2.395775 0.100614 0.800000 0.075481 -0.897080 0.000000 0.000000 0.000000
2.396496 0.091639 0.800000 0.068768 -0.897870 0.000000 0.000000 0.000000
2.397150 0.082657 0.800000 0.062044 -0.898611 0.000000 0.000000 0.000000
2.397737 0.073667 0.800000 0.055312 -0.899301 0.000000 0.000000 0.000000
2.398256 0.064671 0.800000 0.048571 -0.899940 0.000000 0.000000 0.000000
2.398708 0.055669 0.800000 0.041821 -0.900529 0.000000 0.000000 0.000000
2.399092 0.046661 0.800000 0.035063 -0.901068 0.000000 0.000000 0.000000
2.399409 0.037647 0.800000 0.028298 -0.901556 0.000000 0.000000 0.000000
2.399658 0.028630 0.800000 0.021526 -0.901993 0.000000 0.000000 0.000000
2.399840 0.019608 0.800000 0.014747 -0.902380 0.000000 0.000000 0.000000
2.399953 0.010582 0.800000 0.007961 -0.902715 0.000000 0.000000 0.000000
2.399999 0.001554 0.800000 0.001169 -0.902999 0.000000 0.000000 0.000000
2.399977 -0.007478 0.800000 -0.005628 -0.903232 0.000000 0.000000 0.000000
2.399886 -0.016511 0.800000 -0.012431 -0.903414 0.000000 0.000000 0.000000
2.399728 -0.025546 0.800000 -0.019239 -0.903545 0.000000 0.000000 0.000000
2.399502 -0.034582 0.800000 -0.026052 -0.903625 0.000000 0.000000 0.000000
2.399207 -0.043618 0.800000 -0.032868 -0.903652 0.000000 0.000000 0.000000
2.398844 -0.052655 0.800000 -0.039688 -0.903629 0.000000 0.000000 0.000000
2.398413 -0.061690 0.800000 -0.046512 -0.903554 0.000000 0.000000 0.000000
2.397914 -0.070725 0.800000 -0.053339 -0.903427 0.000000 0.000000 0.000000
2.397346 -0.079759 0.800000 -0.060168 -0.903248 0.000000 0.000000 0.000000
2.396711 -0.088790 0.800000 -0.067000 -0.903018 0.000000 0.000000 0.000000
2.396006 -0.097819 0.800000 -0.073833 -0.902736 0.000000 0.000000 0.000000
2.395234 -0.106845 0.800000 -0.080668 -0.902402 0.000000 0.000000 0.000000
2.394393 -0.115867 0.800000 -0.087504 -0.902016 0.000000 0.000000 0.000000
2.393484 -0.124885 0.800000 -0.094340 -0.901578 0.000000 0.000000 0.000000
2.392506 -0.133898 0.800000 -0.101177 -0.901088 0.000000 0.000000 0.000000
2.391460 -0.142906 0.800000 -0.108013 -0.900545 0.000000 0.000000 0.000000
2.390346 -0.151909 0.800000 -0.114850 -0.899951 0.000000 0.000000 0.000000
2.389163 -0.160905 0.800000 -0.121685 -0.899305 0.000000 0.000000 0.000000
2.387912 -0.169895 0.800000 -0.128518 -0.898606 0.000000 0.000000 0.000000
2.386593 -0.178877 0.800000 -0.135350 -0.897855 0.000000 0.000000 0.000000
2.385205 -0.187852 0.800000 -0.142180 -0.897052 0.000000 0.000000 0.000000
2.383749 -0.196818 0.800000 -0.149008 -0.896197 0.000000 0.000000 0.000000
2.382225 -0.205776 0.800000 -0.155832 -0.895289 0.000000 0.000000 0.000000
2.380633 -0.214724 0.800000 -0.162653 -0.894329 0.000000 0.000000 0.000000
2.378972 -0.223662 0.800000 -0.169471 -0.893317 0.000000 0.000000 0.000000
2.377243 -0.232590 0.800000 -0.176284 -0.892252 0.000000 0.000000 0.000000
2.375446 -0.241507 0.800000 -0.183092 -0.891135 0.000000 0.000000 0.000000
2.373582 -0.250412 0.800000 -0.189896 -0.889966 0.000000 0.000000 0.000000
2.371649 -0.259306 0.800000 -0.196694 -0.888744 0.000000 0.000000 0.000000
2.369648 -0.268187 0.800000 -0.203487 -0.887470 0.000000 0.000000 0.000000
2.367579 -0.277055 0.800000 -0.210273 -0.886144 0.000000 0.000000 0.000000
2.365442 -0.285910 0.800000 -0.217053 -0.884765 0.000000 0.000000 0.000000
2.363238 -0.294750 0.800000 -0.223826 -0.883334 0.000000 0.000000 0.000000
2.360966 -0.303576 0.800000 -0.230592 -0.881850 0.000000 0.000000 0.000000
2.358626 -0.312387 0.800000 -0.237349 -0.880314 0.000000 0.000000 0.000000
2.356219 -0.321182 0.800000 -0.244099 -0.878726 0.000000 0.000000 0.000000
2.353744 -0.329962 0.800000 -0.250840 -0.877086 0.000000 0.000000 0.000000
2.351202 -0.338724 0.800000 -0.257571 -0.875393 0.000000 0.000000 0.000000
2.348593 -0.347469 0.800000 -0.264294 -0.873648 0.000000 0.000000 0.000000
2.345916 -0.356197 0.800000 -0.271006 -0.871851 0.000000 0.000000 0.000000
2.343173 -0.364906 0.800000 -0.277709 -0.870002 0.000000 0.000000 0.000000
2.340362 -0.373597 0.800000 -0.284400 -0.868101 0.000000 0.000000 0.000000
2.337485 -0.382268 0.800000 -0.291081 -0.866147 0.000000 0.000000 0.000000
2.334540 -0.390919 0.800000 -0.297750 -0.864142 0.000000 0.000000 0.000000
2.331530 -0.399551 0.800000 -0.304408 -0.862084 0.000000 0.000000 0.000000
2.328452 -0.408161 0.800000 -0.311053 -0.859975 0.000000 0.000000 0.000000
2.325309 -0.416750 0.800000 -0.317685 -0.857813 0.000000 0.000000 0.000000
2.322099 -0.425317 0.800000 -0.324304 -0.855600 0.000000 0.000000 0.000000
2.318823 -0.433862 0.800000 -0.330910 -0.853335 0.000000 0.000000 0.000000
2.315481 -0.442384 0.800000 -0.337502 -0.851019 0.000000 0.000000 0.000000
2.312073 -0.450882 0.800000 -0.344079 -0.848650 0.000000 0.000000 0.000000
2.308599 -0.459356 0.800000 -0.350642 -0.846231 0.000000 0.000000 0.000000
2.305060 -0.467806 0.800000 -0.357190 -0.843759 0.000000 0.000000 0.000000
2.301455 -0.476231 0.800000 -0.363722 -0.841236 0.000000 0.000000 0.000000
2.297785 -0.484631 0.800000 -0.370238 -0.838662 0.000000 0.000000 0.000000
2.294051 -0.493005 0.800000 -0.376738 -0.836037 0.000000 0.000000 0.000000
2.290251 -0.501352 0.800000 -0.383221 -0.833360 0.000000 0.000000 0.000000
2.286386 -0.509672 0.800000 -0.389686 -0.830633 0.000000 0.000000 0.000000
2.282457 -0.517964 0.800000 -0.396135 -0.827854 0.000000 0.000000 0.000000
2.278464 -0.526228 0.800000 -0.402565 -0.825025 0.000000 0.000000 0.000000
2.274406 -0.534464 0.800000 -0.408977 -0.822144 0.000000 0.000000 0.000000
2.270284 -0.542671 0.800000 -0.415370 -0.819213 0.000000 0.000000 0.000000
2.266098 -0.550848 0.800000 -0.421743 -0.816232 0.000000 0.000000 0.000000
2.261849 -0.558996 0.800000 -0.428098 -0.813200 0.000000 0.000000 0.000000
2.257537 -0.567112 0.800000 -0.434432 -0.810117 0.000000 0.000000 0.000000
2.253161 -0.575198 0.800000 -0.440745 -0.806984 0.000000 0.000000 0.000000
2.248722 -0.583252 0.800000 -0.447038 -0.803802 0.000000 0.000000 0.000000
2.244220 -0.591274 0.800000 -0.453310 -0.800569 0.000000 0.000000 0.000000
2.239656 -0.599263 0.800000 -0.459560 -0.797286 0.000000 0.000000 0.000000
2.235029 -0.607219 0.800000 -0.465788 -0.793953 0.000000 0.000000 0.000000
2.230340 -0.615142 0.800000 -0.471993 -0.790571 0.000000 0.000000 0.000000
2.225589 -0.623031 0.800000 -0.478176 -0.787140 0.000000 0.000000 0.000000
2.220777 -0.630885 0.800000 -0.484335 -0.783659 0.000000 0.000000 0.000000
2.215902 -0.638704 0.800000 -0.490471 -0.780128 0.000000 0.000000 0.000000
2.210967 -0.646487 0.800000 -0.496583 -0.776549 0.000000 0.000000 0.000000
2.205971 -0.654234 0.800000 -0.502670 -0.772921 0.000000 0.000000 0.000000
2.200914 -0.661945 0.800000 -0.508732 -0.769244 0.000000 0.000000 0.000000
2.195796 -0.669619 0.800000 -0.514770 -0.765518 0.000000 0.000000 0.000000
2.190619 -0.677255 0.800000 -0.520781 -0.761744 0.000000 0.000000 0.000000
2.185381 -0.684854 0.800000 -0.526767 -0.757922 0.000000 0.000000 0.000000
2.180083 -0.692414 0.800000 -0.532726 -0.754052 0.000000 0.000000 0.000000
2.174726 -0.699935 0.800000 -0.538658 -0.750133 0.000000 0.000000 0.000000
2.169310 -0.707416 0.800000 -0.544563 -0.746167 0.000000 0.000000 0.000000
2.163835 -0.714858 0.800000 -0.550441 -0.742153 0.000000 0.000000 0.000000
2.158302 -0.722259 0.800000 -0.556290 -0.738092 0.000000 0.000000 0.000000
2.152709 -0.729620 0.800000 -0.562111 -0.733983 0.000000 0.000000 0.000000
2.147059 -0.736939 0.800000 -0.567903 -0.729828 0.000000 0.000000 0.000000
2.141352 -0.744216 0.800000 -0.573666 -0.725625 0.000000 0.000000 0.000000
2.135586 -0.751451 0.800000 -0.579400 -0.721376 0.000000 0.000000 0.000000
2.129764 -0.758643 0.800000 -0.585104 -0.717080 0.000000 0.000000 0.000000
2.123884 -0.765792 0.800000 -0.590777 -0.712738 0.000000 0.000000 0.000000
2.117948 -0.772898 0.800000 -0.596420 -0.708350 0.000000 0.000000 0.000000
2.111956 -0.779959 0.800000 -0.602031 -0.703916 0.000000 0.000000 0.000000
2.105908 -0.786976 0.800000 -0.607611 -0.699436 0.000000 0.000000 0.000000
2.099804 -0.793948 0.800000 -0.613159 -0.694911 0.000000 0.000000 0.000000
2.093645 -0.800874 0.800000 -0.618675 -0.690340 0.000000 0.000000 0.000000
2.087430 -0.807754 0.800000 -0.624159 -0.685725 0.000000 0.000000 0.000000
2.081162 -0.814588 0.800000 -0.629609 -0.681064 0.000000 0.000000 0.000000
2.074838 -0.821376 0.800000 -0.635026 -0.676359 0.000000 0.000000 0.000000
2.068461 -0.828116 0.800000 -0.640409 -0.671610 0.000000 0.000000 0.000000
2.062030 -0.834808 0.800000 -0.645759 -0.666816 0.000000 0.000000 0.000000
2.055546 -0.841452 0.800000 -0.651073 -0.661979 0.000000 0.000000 0.000000
2.049009 -0.848047 0.800000 -0.656353 -0.657098 0.000000 0.000000 0.000000
2.042419 -0.854593 0.800000 -0.661598 -0.652173 0.000000 0.000000 0.000000
2.035777 -0.861090 0.800000 -0.666807 -0.647205 0.000000 0.000000 0.000000
2.029083 -0.867537 0.800000 -0.671980 -0.642194 0.000000 0.000000 0.000000
2.022338 -0.873934 0.800000 -0.677117 -0.637140 0.000000 0.000000 0.000000
2.015541 -0.880280 0.800000 -0.682217 -0.632044 0.000000 0.000000 0.000000
2.008693 -0.886575 0.800000 -0.687280 -0.626906 0.000000 0.000000 0.000000
2.001795 -0.892818 0.800000 -0.692306 -0.621726 0.000000 0.000000 0.000000
1.994847 -0.899009 0.800000 -0.697294 -0.616503 0.000000 0.000000 0.000000
1.987850 -0.905148 0.800000 -0.702244 -0.611240 0.000000 0.000000 0.000000
1.980803 -0.911234 0.800000 -0.707155 -0.605935 0.000000 0.000000 0.000000
1.973707 -0.917267 0.800000 -0.712028 -0.600590 0.000000 0.000000 0.000000
1.966562 -0.923246 0.800000 -0.716862 -0.595204 0.000000 0.000000 0.000000
1.959370 -0.929171 0.800000 -0.721656 -0.589777 0.000000 0.000000 0.000000
1.952129 -0.935041 0.800000 -0.726410 -0.584310 0.000000 0.000000 0.000000
1.944842 -0.940857 0.800000 -0.731124 -0.578804 0.000000 0.000000 0.000000
1.937507 -0.946617 0.800000 -0.735797 -0.573258 0.000000 0.000000 0.000000
1.930126 -0.952322 0.800000 -0.740430 -0.567673 0.000000 0.000000 0.000000
1.922698 -0.957970 0.800000 -0.745021 -0.562049 0.000000 0.000000 0.000000
1.915225 -0.963562 0.800000 -0.749571 -0.556386 0.000000 0.000000 0.000000
1.907707 -0.969098 0.800000 -0.754079 -0.550685 0.000000 0.000000 0.000000
1.900144 -0.974576 0.800000 -0.758545 -0.544945 0.000000 0.000000 0.000000
1.892536 -0.979997 0.800000 -0.762968 -0.539168 0.000000 0.000000 0.000000
1.884885 -0.985359 0.800000 -0.767349 -0.533354 0.000000 0.000000 0.000000
1.877190 -0.990664 0.800000 -0.771686 -0.527502 0.000000 0.000000 0.000000
1.869451 -0.995909 0.800000 -0.775979 -0.521614 0.000000 0.000000 0.000000
1.861670 -1.001096 0.800000 -0.780229 -0.515689 0.000000 0.000000 0.000000
1.853847 -1.006223 0.800000 -0.784435 -0.509728 0.000000 0.000000 0.000000
1.845982 -1.011290 0.800000 -0.788596 -0.503731 0.000000 0.000000 0.000000
1.838075 -1.016297 0.800000 -0.792712 -0.497698 0.000000 0.000000 0.000000
1.830127 -1.021244 0.800000 -0.796783 -0.491631 0.000000 0.000000 0.000000
1.822139 -1.026130 0.800000 -0.800809 -0.485528 0.000000 0.000000 0.000000
1.814111 -1.030954 0.800000 -0.804789 -0.479391 0.000000 0.000000 0.000000
1.806044 -1.035718 0.800000 -0.808723 -0.473219 0.000000 0.000000 0.000000
1.797937 -1.040419 0.800000 -0.812610 -0.467014 0.000000 0.000000 0.000000
1.789792 -1.045058 0.800000 -0.816451 -0.460775 0.000000 0.000000 0.000000
1.781608 -1.049634 0.800000 -0.820245 -0.454503 0.000000 0.000000 0.000000
1.773387 -1.054148 0.800000 -0.823992 -0.448198 0.000000 0.000000 0.000000
1.765129 -1.058598 0.800000 -0.827691 -0.441860 0.000000 0.000000 0.000000
1.756833 -1.062985 0.800000 -0.831343 -0.435490 0.000000 0.000000 0.000000
1.748502 -1.067308 0.800000 -0.834946 -0.429088 0.000000 0.000000 0.000000
1.740135 -1.071566 0.800000 -0.838501 -0.422655 0.000000 0.000000 0.000000
1.731732 -1.075761 0.800000 -0.842007 -0.416191 0.000000 0.000000 0.000000
1.723295 -1.079890 0.800000 -0.845464 -0.409696 0.000000 0.000000 0.000000
1.714823 -1.083955 0.800000 -0.848872 -0.403171 0.000000 0.000000 0.000000
1.706317 -1.087953 0.800000 -0.852230 -0.396615 0.000000 0.000000 0.000000
1.697778 -1.091887 0.800000 -0.855539 -0.390030 0.000000 0.000000 0.000000
1.689207 -1.095754 0.800000 -0.858797 -0.383416 0.000000 0.000000 0.000000
1.680603 -1.099555 0.800000 -0.862005 -0.376772 0.000000 0.000000 0.000000
1.671967 -1.103289 0.800000 -0.865163 -0.370101 0.000000 0.000000 0.000000
1.663300 -1.106957 0.800000 -0.868269 -0.363401 0.000000 0.000000 0.000000
1.654602 -1.110557 0.800000 -0.871325 -0.356673 0.000000 0.000000 0.000000
1.645873 -1.114090 0.800000 -0.874329 -0.349918 0.000000 0.000000 0.000000
1.637115 -1.117556 0.800000 -0.877281 -0.343135 0.000000 0.000000 0.000000
1.628328 -1.120953 0.800000 -0.880182 -0.336327 0.000000 0.000000 0.000000
1.619512 -1.124282 0.800000 -0.883030 -0.329492 0.000000 0.000000 0.000000
1.610667 -1.127543 0.800000 -0.885826 -0.322631 0.000000 0.000000 0.000000
1.601795 -1.130734 0.800000 -0.888569 -0.315744 0.000000 0.000000 0.000000
1.592896 -1.133857 0.800000 -0.891259 -0.308833 0.000000 0.000000 0.000000
1.583970 -1.136911 0.800000 -0.893896 -0.301897 0.000000 0.000000 0.000000
1.575018 -1.139895 0.800000 -0.896480 -0.294936 0.000000 0.000000 0.000000
1.566041 -1.142810 0.800000 -0.899010 -0.287952 0.000000 0.000000 0.000000
1.557038 -1.145654 0.800000 -0.901487 -0.280945 0.000000 0.000000 0.000000
1.548011 -1.148429 0.800000 -0.903909 -0.273914 0.000000 0.000000 0.000000
1.538960 -1.151132 0.800000 -0.906277 -0.266861 0.000000 0.000000 0.000000
1.529886 -1.153766 0.800000 -0.908590 -0.259785 0.000000 0.000000 0.000000
1.520789 -1.156328 0.800000 -0.910849 -0.252688 0.000000 0.000000 0.000000
1.511669 -1.158819 0.800000 -0.913053 -0.245569 0.000000 0.000000 0.000000
1.502528 -1.161239 0.800000 -0.915202 -0.238430 0.000000 0.000000 0.000000
1.493365 -1.163588 0.800000 -0.917295 -0.231270 0.000000 0.000000 0.000000
1.484182 -1.165865 0.800000 -0.919333 -0.224090 0.000000 0.000000 0.000000
1.474979 -1.168070 0.800000 -0.921315 -0.216890 0.000000 0.000000 0.000000
1.465756 -1.170202 0.800000 -0.923241 -0.209671 0.000000 0.000000 0.000000
1.456514 -1.172263 0.800000 -0.925111 -0.202433 0.000000 0.000000 0.000000
1.447254 -1.174251 0.800000 -0.926924 -0.195176 0.000000 0.000000 0.000000
1.437976 -1.176166 0.800000 -0.928681 -0.187902 0.000000 0.000000 0.000000
1.428681 -1.178009 0.800000 -0.930382 -0.180610 0.000000 0.000000 0.000000
1.419369 -1.179779 0.800000 -0.932025 -0.173301 0.000000 0.000000 0.000000
1.410040 -1.181475 0.800000 -0.933611 -0.165976 0.000000 0.000000 0.000000
1.400697 -1.183098 0.800000 -0.935140 -0.158634 0.000000 0.000000 0.000000
1.391338 -1.184648 0.800000 -0.936612 -0.151276 0.000000 0.000000 0.000000
1.381964 -1.186123 0.800000 -0.938026 -0.143904 0.000000 0.000000 0.000000
1.372577 -1.187526 0.800000 -0.939382 -0.136516 0.000000 0.000000 0.000000
1.363177 -1.188854 0.800000 -0.940681 -0.129114 0.000000 0.000000 0.000000
1.353764 -1.190108 0.800000 -0.941921 -0.121698 0.000000 0.000000 0.000000
1.344339 -1.191288 0.800000 -0.943103 -0.114268 0.000000 0.000000 0.000000
1.334902 -1.192393 0.800000 -0.944226 -0.106826 0.000000 0.000000 0.000000
1.325454 -1.193424 0.800000 -0.945291 -0.099370 0.000000 0.000000 0.000000
1.315996 -1.194381 0.800000 -0.946298 -0.091903 0.000000 0.000000 0.000000
1.306529 -1.195262 0.800000 -0.947245 -0.084424 0.000000 0.000000 0.000000
1.297052 -1.196069 0.800000 -0.948134 -0.076934 0.000000 0.000000 0.000000
1.287566 -1.196801 0.800000 -0.948963 -0.069433 0.000000 0.000000 0.000000
1.278073 -1.197458 0.800000 -0.949734 -0.061921 0.000000 0.000000 0.000000
1.268572 -1.198039 0.800000 -0.950444 -0.054400 0.000000 0.000000 0.000000
1.259064 -1.198546 0.800000 -0.951096 -0.046870 0.000000 0.000000 0.000000
1.249550 -1.198977 0.800000 -0.951688 -0.039330 0.000000 0.000000 0.000000
1.240030 -1.199332 0.800000 -0.952220 -0.031783 0.000000 0.000000 0.000000
1.230506 -1.199612 0.800000 -0.952692 -0.024227 0.000000 0.000000 0.000000
1.220977 -1.199817 0.800000 -0.953104 -0.016663 0.000000 0.000000 0.000000
1.211444 -1.199945 0.800000 -0.953457 -0.009093 0.000000 0.000000 0.000000
1.201908 -1.199998 0.800000 -0.953749 -0.001516 0.000000 0.000000 0.000000
1.192369 -1.199976 0.800000 -0.953981 0.006066 0.000000 0.000000 0.000000
1.182828 -1.199877 0.800000 -0.954152 0.013655 0.000000 0.000000 0.000000
1.173286 -1.199703 0.800000 -0.954263 0.021248 0.000000 0.000000 0.000000
1.163743 -1.199452 0.800000 -0.954314 0.028847 0.000000 0.000000 0.000000
1.154200 -1.199126 0.800000 -0.954304 0.036449 0.000000 0.000000 0.000000
1.144658 -1.198723 0.800000 -0.954234 0.044055 0.000000 0.000000 0.000000
1.135116 -1.198245 0.800000 -0.954102 0.051664 0.000000 0.000000 0.000000
1.125576 -1.197690 0.800000 -0.953910 0.059276 0.000000 0.000000 0.000000
1.116038 -1.197059 0.800000 -0.953657 0.066890 0.000000 0.000000 0.000000
1.106503 -1.196352 0.800000 -0.953343 0.074506 0.000000 0.000000 0.000000
1.096971 -1.195569 0.800000 -0.952968 0.082123 0.000000 0.000000 0.000000
1.087444 -1.194710 0.800000 -0.952532 0.089740 0.000000 0.000000 0.000000
1.077921 -1.193774 0.800000 -0.952035 0.097358 0.000000 0.000000 0.000000
1.068403 -1.192762 0.800000 -0.951477 0.104976 0.000000 0.000000 0.000000
1.058891 -1.191675 0.800000 -0.950857 0.112593 0.000000 0.000000 0.000000
1.049386 -1.190511 0.800000 -0.950176 0.120209 0.000000 0.000000 0.000000
1.039888 -1.189270 0.800000 -0.949434 0.127823 0.000000 0.000000 0.000000
1.030398 -1.187954 0.800000 -0.948631 0.135435 0.000000 0.000000 0.000000
1.020916 -1.186562 0.800000 -0.947766 0.143044 0.000000 0.000000 0.000000
1.011443 -1.185093 0.800000 -0.946840 0.150650 0.000000 0.000000 0.000000
1.001979 -1.183549 0.800000 -0.945853 0.158252 0.000000 0.000000 0.000000
0.992526 -1.181928 0.800000 -0.944804 0.165850 0.000000 0.000000 0.000000
0.983083 -1.180232 0.800000 -0.943694 0.173443 0.000000 0.000000 0.000000
0.973652 -1.178459 0.800000 -0.942522 0.181031 0.000000 0.000000 0.000000
0.964233 -1.176611 0.800000 -0.941289 0.188614 0.000000 0.000000 0.000000
0.954826 -1.174687 0.800000 -0.939994 0.196190 0.000000 0.000000 0.000000
0.945433 -1.172687 0.800000 -0.938639 0.203759 0.000000 0.000000 0.000000
0.936054 -1.170612 0.800000 -0.937221 0.211322 0.000000 0.000000 0.000000
0.926689 -1.168461 0.800000 -0.935743 0.218877 0.000000 0.000000 0.000000
0.917339 -1.166234 0.800000 -0.934202 0.226423 0.000000 0.000000 0.000000
0.908005 -1.163933 0.800000 -0.932601 0.233961 0.000000 0.000000 0.000000
0.898687 -1.161555 0.800000 -0.930938 0.241489 0.000000 0.000000 0.000000
0.889387 -1.159103 0.800000 -0.929214 0.249008 0.000000 0.000000 0.000000
0.880103 -1.156575 0.800000 -0.927429 0.256517 0.000000 0.000000 0.000000
0.870838 -1.153973 0.800000 -0.925582 0.264015 0.000000 0.000000 0.000000
0.861592 -1.151295 0.800000 -0.923674 0.271502 0.000000 0.000000 0.000000
0.852365 -1.148543 0.800000 -0.921705 0.278977 0.000000 0.000000 0.000000
0.843158 -1.145715 0.800000 -0.919675 0.286440 0.000000 0.000000 0.000000
0.833972 -1.142814 0.800000 -0.917584 0.293890 0.000000 0.000000 0.000000
0.824807 -1.139838 0.800000 -0.915432 0.301327 0.000000 0.000000 0.000000
0.815663 -1.136787 0.800000 -0.913219 0.308751 0.000000 0.000000 0.000000
0.806542 -1.133663 0.800000 -0.910945 0.316160 0.000000 0.000000 0.000000
0.797445 -1.130464 0.800000 -0.908611 0.323554 0.000000 0.000000 0.000000
0.788370 -1.127192 0.800000 -0.906215 0.330933 0.000000 0.000000 0.000000
0.779320 -1.123845 0.800000 -0.903759 0.338296 0.000000 0.000000 0.000000
0.770295 -1.120426 0.800000 -0.901242 0.345644 0.000000 0.000000 0.000000
0.761296 -1.116933 0.800000 -0.898665 0.352974 0.000000 0.000000 0.000000
0.752322 -1.113366 0.800000 -0.896028 0.360287 0.000000 0.000000 0.000000
0.743375 -1.109727 0.800000 -0.893330 0.367583 0.000000 0.000000 0.000000
0.734456 -1.106015 0.800000 -0.890572 0.374860 0.000000 0.000000 0.000000
0.725564 -1.102230 0.800000 -0.887754 0.382119 0.000000 0.000000 0.000000
0.716701 -1.098372 0.800000 -0.884876 0.389358 0.000000 0.000000 0.000000
0.707867 -1.094443 0.800000 -0.881938 0.396577 0.000000 0.000000 0.000000
0.699062 -1.090441 0.800000 -0.878941 0.403777 0.000000 0.000000 0.000000
0.690288 -1.086367 0.800000 -0.875884 0.410955 0.000000 0.000000 0.000000
0.681545 -1.082222 0.800000 -0.872767 0.418112 0.000000 0.000000 0.000000
0.672833 -1.078005 0.800000 -0.869591 0.425248 0.000000 0.000000 0.000000
0.664153 -1.073717 0.800000 -0.866355 0.432361 0.000000 0.000000 0.000000
0.655506 -1.069358 0.800000 -0.863061 0.439452 0.000000 0.000000 0.000000
0.646892 -1.064928 0.800000 -0.859708 0.446519 0.000000 0.000000 0.000000
0.638312 -1.060428 0.800000 -0.856295 0.453563 0.000000 0.000000 0.000000
0.629767 -1.055857 0.800000 -0.852824 0.460582 0.000000 0.000000 0.000000
0.621256 -1.051216 0.800000 -0.849295 0.467577 0.000000 0.000000 0.000000
0.612781 -1.046505 0.800000 -0.845707 0.474546 0.000000 0.000000 0.000000
0.604342 -1.041725 0.800000 -0.842061 0.481490 0.000000 0.000000 0.000000
0.595940 -1.036876 0.800000 -0.838357 0.488408 0.000000 0.000000 0.000000
0.587575 -1.031957 0.800000 -0.834595 0.495299 0.000000 0.000000 0.000000
0.579248 -1.026970 0.800000 -0.830776 0.502162 0.000000 0.000000 0.000000
0.570960 -1.021914 0.800000 -0.826899 0.508998 0.000000 0.000000 0.000000
0.562710 -1.016790 0.800000 -0.822964 0.515806 0.000000 0.000000 0.000000
0.554501 -1.011598 0.800000 -0.818973 0.522586 0.000000 0.000000 0.000000
0.546331 -1.006338 0.800000 -0.814924 0.529336 0.000000 0.000000 0.000000
0.538202 -1.001011 0.800000 -0.810819 0.536056 0.000000 0.000000 0.000000
0.530115 -0.995617 0.800000 -0.806657 0.542747 0.000000 0.000000 0.000000
0.522069 -0.990157 0.800000 -0.802439 0.549406 0.000000 0.000000 0.000000
0.514066 -0.984629 0.800000 -0.798165 0.556035 0.000000 0.000000 0.000000
0.506106 -0.979036 0.800000 -0.793835 0.562632 0.000000 0.000000 0.000000
0.498190 -0.973377 0.800000 -0.789449 0.569197 0.000000 0.000000 0.000000
0.490317 -0.967652 0.800000 -0.785008 0.575730 0.000000 0.000000 0.000000
0.482490 -0.961862 0.800000 -0.780511 0.582230 0.000000 0.000000 0.000000
0.474707 -0.956008 0.800000 -0.775960 0.588696 0.000000 0.000000 0.000000
0.466971 -0.950089 0.800000 -0.771353 0.595128 0.000000 0.000000 0.000000
0.459281 -0.944105 0.800000 -0.766692 0.601526 0.000000 0.000000 0.000000
0.451637 -0.938058 0.800000 -0.761977 0.607889 0.000000 0.000000 0.000000
0.444041 -0.931948 0.800000 -0.757207 0.614217 0.000000 0.000000 0.000000
0.436493 -0.925774 0.800000 -0.752384 0.620508 0.000000 0.000000 0.000000
0.428994 -0.919538 0.800000 -0.747507 0.626764 0.000000 0.000000 0.000000
0.421543 -0.913239 0.800000 -0.742577 0.632983 0.000000 0.000000 0.000000
0.414142 -0.906878 0.800000 -0.737594 0.639164 0.000000 0.000000 0.000000
0.406791 -0.900456 0.800000 -0.732558 0.645308 0.000000 0.000000 0.000000
0.399491 -0.893972 0.800000 -0.727470 0.651414 0.000000 0.000000 0.000000
0.392242 -0.887427 0.800000 -0.722329 0.657481 0.000000 0.000000 0.000000
0.385045 -0.880822 0.800000 -0.717136 0.663509 0.000000 0.000000 0.000000
0.377900 -0.874157 0.800000 -0.711892 0.669498 0.000000 0.000000 0.000000
0.370807 -0.867433 0.800000 -0.706596 0.675447 0.000000 0.000000 0.000000
0.363768 -0.860649 0.800000 -0.701249 0.681355 0.000000 0.000000 0.000000
0.356782 -0.853806 0.800000 -0.695852 0.687222 0.000000 0.000000 0.000000
0.349851 -0.846904 0.800000 -0.690403 0.693048 0.000000 0.000000 0.000000
0.342975 -0.839945 0.800000 -0.684905 0.698833 0.000000 0.000000 0.000000
0.336153 -0.832928 0.800000 -0.679357 0.704575 0.000000 0.000000 0.000000
0.329388 -0.825853 0.800000 -0.673759 0.710275 0.000000 0.000000 0.000000
0.322678 -0.818722 0.800000 -0.668112 0.715931 0.000000 0.000000 0.000000
0.316025 -0.811535 0.800000 -0.662415 0.721544 0.000000 0.000000 0.000000
0.309430 -0.804292 0.800000 -0.656671 0.727113 0.000000 0.000000 0.000000
0.302892 -0.796993 0.800000 -0.650878 0.732638 0.000000 0.000000 0.000000
0.296413 -0.789639 0.800000 -0.645036 0.738118 0.000000 0.000000 0.000000
0.289992 -0.782231 0.800000 -0.639148 0.743553 0.000000 0.000000 0.000000
0.283630 -0.774768 0.800000 -0.633212 0.748942 0.000000 0.000000 0.000000
0.277328 -0.767252 0.800000 -0.627228 0.754285 0.000000 0.000000 0.000000
0.271085 -0.759683 0.800000 -0.621199 0.759581 0.000000 0.000000 0.000000
0.264904 -0.752061 0.800000 -0.615123 0.764831 0.000000 0.000000 0.000000
0.258783 -0.744386 0.800000 -0.609001 0.770033 0.000000 0.000000 0.000000
0.252724 -0.736660 0.800000 -0.602833 0.775188 0.000000 0.000000 0.000000
0.246727 -0.728883 0.800000 -0.596621 0.780294 0.000000 0.000000 0.000000
0.240792 -0.721054 0.800000 -0.590363 0.785352 0.000000 0.000000 0.000000
0.234919 -0.713176 0.800000 -0.584061 0.790361 0.000000 0.000000 0.000000
0.229111 -0.705247 0.800000 -0.577715 0.795320 0.000000 0.000000 0.000000
0.223365 -0.697269 0.800000 -0.571325 0.800230 0.000000 0.000000 0.000000
0.217684 -0.689243 0.800000 -0.564892 0.805090 0.000000 0.000000 0.000000
0.212068 -0.681168 0.800000 -0.558416 0.809899 0.000000 0.000000 0.000000
0.206516 -0.673045 0.800000 -0.551897 0.814657 0.000000 0.000000 0.000000
0.201030 -0.664875 0.800000 -0.545336 0.819364 0.000000 0.000000 0.000000
0.195609 -0.656658 0.800000 -0.538733 0.824019 0.000000 0.000000 0.000000
0.190255 -0.648395 0.800000 -0.532089 0.828622 0.000000 0.000000 0.000000
0.184968 -0.640086 0.800000 -0.525404 0.833172 0.000000 0.000000 0.000000
0.179747 -0.631731 0.800000 -0.518678 0.837670 0.000000 0.000000 0.000000
0.174594 -0.623332 0.800000 -0.511912 0.842114 0.000000 0.000000 0.000000
0.169509 -0.614889 0.800000 -0.505106 0.846505 0.000000 0.000000 0.000000
0.164492 -0.606402 0.800000 -0.498261 0.850842 0.000000 0.000000 0.000000
0.159544 -0.597873 0.800000 -0.491377 0.855125 0.000000 0.000000 0.000000
0.154665 -0.589300 0.800000 -0.484454 0.859352 0.000000 0.000000 0.000000
0.149855 -0.580686 0.800000 -0.477493 0.863525 0.000000 0.000000 0.000000
0.145115 -0.572030 0.800000 -0.470495 0.867643 0.000000 0.000000 0.000000
0.140445 -0.563333 0.800000 -0.463459 0.871704 0.000000 0.000000 0.000000
0.135846 -0.554596 0.800000 -0.456386 0.875710 0.000000 0.000000 0.000000
0.131318 -0.545819 0.800000 -0.449277 0.879659 0.000000 0.000000 0.000000
0.126861 -0.537003 0.800000 -0.442132 0.883551 0.000000 0.000000 0.000000
0.122475 -0.528148 0.800000 -0.434952 0.887386 0.000000 0.000000 0.000000
0.118162 -0.519255 0.800000 -0.427737 0.891164 0.000000 0.000000 0.000000
0.113921 -0.510325 0.800000 -0.420487 0.894884 0.000000 0.000000 0.000000
0.109752 -0.501358 0.800000 -0.413203 0.898546 0.000000 0.000000 0.000000
0.105657 -0.492354 0.800000 -0.405885 0.902149 0.000000 0.000000 0.000000
0.101635 -0.483315 0.800000 -0.398534 0.905694 0.000000 0.000000 0.000000
0.097686 -0.474241 0.800000 -0.391150 0.909179 0.000000 0.000000 0.000000
0.093812 -0.465132 0.800000 -0.383734 0.912605 0.000000 0.000000 0.000000
0.090012 -0.455989 0.800000 -0.376286 0.915972 0.000000 0.000000 0.000000
0.086286 -0.446813 0.800000 -0.368807 0.919278 0.000000 0.000000 0.000000
0.082636 -0.437603 0.800000 -0.361296 0.922524 0.000000 0.000000 0.000000
0.079060 -0.428362 0.800000 -0.353756 0.925709 0.000000 0.000000 0.000000
0.075561 -0.419089 0.800000 -0.346185 0.928834 0.000000 0.000000 0.000000
0.072137 -0.409786 0.800000 -0.338586 0.931897 0.000000 0.000000 0.000000
0.068789 -0.400452 0.800000 -0.330957 0.934899 0.000000 0.000000 0.000000
0.065518 -0.391088 0.800000 -0.323299 0.937839 0.000000 0.000000 0.000000
0.062323 -0.381695 0.800000 -0.315614 0.940717 0.000000 0.000000 0.000000
0.059205 -0.372274 0.800000 -0.307902 0.943532 0.000000 0.000000 0.000000
0.056165 -0.362825 0.800000 -0.300162 0.946285 0.000000 0.000000 0.000000
0.053202 -0.353348 0.800000 -0.292396 0.948975 0.000000 0.000000 0.000000
0.050317 -0.343845 0.800000 -0.284604 0.951602 0.000000 0.000000 0.000000
0.047510 -0.334317 0.800000 -0.276786 0.954165 0.000000 0.000000 0.000000
0.044782 -0.324762 0.800000 -0.268944 0.956665 0.000000 0.000000 0.000000
0.042132 -0.315183 0.800000 -0.261077 0.959101 0.000000 0.000000 0.000000
0.039560 -0.305581 0.800000 -0.253186 0.961473 0.000000 0.000000 0.000000
0.037068 -0.295954 0.800000 -0.245272 0.963780 0.000000 0.000000 0.000000
0.034655 -0.286305 0.800000 -0.237335 0.966023 0.000000 0.000000 0.000000
0.032321 -0.276634 0.800000 -0.229376 0.968200 0.000000 0.000000 0.000000
0.030067 -0.266941 0.800000 -0.221395 0.970313 0.000000 0.000000 0.000000
0.027893 -0.257228 0.800000 -0.213392 0.972360 0.000000 0.000000 0.000000
0.025800 -0.247494 0.800000 -0.205369 0.974342 0.000000 0.000000 0.000000
0.023786 -0.237741 0.800000 -0.197325 0.976258 0.000000 0.000000 0.000000
0.021853 -0.227969 0.800000 -0.189262 0.978107 0.000000 0.000000 0.000000
0.020001 -0.218179 0.800000 -0.181180 0.979891 0.000000 0.000000 0.000000
0.018230 -0.208372 0.800000 -0.173079 0.981608 0.000000 0.000000 0.000000
0.016539 -0.198547 0.800000 -0.164960 0.983258 0.000000 0.000000 0.000000
0.014931 -0.188707 0.800000 -0.156823 0.984842 0.000000 0.000000 0.000000
0.013403 -0.178851 0.800000 -0.148670 0.986359 0.000000 0.000000 0.000000
0.011957 -0.168980 0.800000 -0.140500 0.987808 0.000000 0.000000 0.000000
0.010593 -0.159095 0.800000 -0.132314 0.989190 0.000000 0.000000 0.000000
0.009311 -0.149196 0.800000 -0.124113 0.990504 0.000000 0.000000 0.000000
0.008111 -0.139285 0.800000 -0.115897 0.991751 0.000000 0.000000 0.000000
0.006993 -0.129362 0.800000 -0.107667 0.992930 0.000000 0.000000 0.000000
0.005958 -0.119427 0.800000 -0.099423 0.994040 0.000000 0.000000 0.000000
0.005005 -0.109481 0.800000 -0.091166 0.995083 0.000000 0.000000 0.000000
0.004134 -0.099525 0.800000 -0.082896 0.996056 0.000000 0.000000 0.000000
0.003347 -0.089560 0.800000 -0.074615 0.996962 0.000000 0.000000 0.000000
0.002642 -0.079586 0.800000 -0.066322 0.997798 0.000000 0.000000 0.000000
0.002020 -0.069604 0.800000 -0.058018 0.998566 0.000000 0.000000 0.000000
0.001482 -0.059615 0.800000 -0.049704 0.999265 0.000000 0.000000 0.000000
0.001026 -0.049619 0.800000 -0.041380 0.999894 0.000000 0.000000 0.000000
0.000654 -0.039618 0.800000 -0.033048 1.000454 0.000000 0.000000 0.000000
0.000365 -0.029610 0.800000 -0.024706 1.000945 0.000000 0.000000 0.000000
0.000160 -0.019599 0.800000 -0.016357 1.001366 0.000000 0.000000 0.000000
0.000038 -0.009583 0.800000 -0.008000 1.001718 0.000000 0.000000 0.000000
0.000000 0.000435 0.800000 0.000363 1.002000 0.000000 0.000000 0.000000
0.000046 0.010456 0.800000 0.008733 1.002212 0.000000 0.000000 0.000000
0.000175 0.020479 0.800000 0.017109 1.002354 0.000000 0.000000 0.000000
0.000388 0.030503 0.800000 0.025489 1.002426 0.000000 0.000000 0.000000
0.000685 0.040528 0.800000 0.033874 1.002428 0.000000 0.000000 0.000000
0.001065 0.050552 0.800000 0.042263 1.002359 0.000000 0.000000 0.000000
0.001530 0.060575 0.800000 0.050655 1.002221 0.000000 0.000000 0.000000
0.002078 0.070596 0.800000 0.059050 1.002012 0.000000 0.000000 0.000000
0.002711 0.080615 0.800000 0.067447 1.001732 0.000000 0.000000 0.000000
0.003427 0.090630 0.800000 0.075846 1.001382 0.000000 0.000000 0.000000
0.004228 0.100642 0.800000 0.084246 1.000961 0.000000 0.000000 0.000000
0.005112 0.110649 0.800000 0.092646 1.000470 0.000000 0.000000 0.000000
0.006081 0.120651 0.800000 0.101045 0.999907 0.000000 0.000000 0.000000
0.007133 0.130647 0.800000 0.109444 0.999275 0.000000 0.000000 0.000000
0.008270 0.140636 0.800000 0.117842 0.998571 0.000000 0.000000 0.000000
0.009490 0.150618 0.800000 0.126237 0.997796 0.000000 0.000000 0.000000
0.010794 0.160592 0.800000 0.134630 0.996951 0.000000 0.000000 0.000000
0.012183 0.170557 0.800000 0.143019 0.996034 0.000000 0.000000 0.000000
0.013655 0.180512 0.800000 0.151405 0.995047 0.000000 0.000000 0.000000
0.015211 0.190458 0.800000 0.159786 0.993989 0.000000 0.000000 0.000000
0.016850 0.200392 0.800000 0.168162 0.992860 0.000000 0.000000 0.000000
0.018574 0.210315 0.800000 0.176533 0.991660 0.000000 0.000000 0.000000
0.020381 0.220225 0.800000 0.184897 0.990388 0.000000 0.000000 0.000000
0.022272 0.230122 0.800000 0.193255 0.989046 0.000000 0.000000 0.000000
0.024246 0.240006 0.800000 0.201605 0.987633 0.000000 0.000000 0.000000
0.026304 0.249875 0.800000 0.209947 0.986149 0.000000 0.000000 0.000000
0.028445 0.259728 0.800000 0.218280 0.984594 0.000000 0.000000 0.000000
0.030669 0.269566 0.800000 0.226604 0.982969 0.000000 0.000000 0.000000
0.032977 0.279388 0.800000 0.234918 0.981272 0.000000 0.000000 0.000000
0.035368 0.289191 0.800000 0.243222 0.979504 0.000000 0.000000 0.000000
0.037841 0.298977 0.800000 0.251515 0.977666 0.000000 0.000000 0.000000
0.040398 0.308745 0.800000 0.259796 0.975757 0.000000 0.000000 0.000000
0.043037 0.318492 0.800000 0.268064 0.973777 0.000000 0.000000 0.000000
0.045759 0.328220 0.800000 0.276320 0.971726 0.000000 0.000000 0.000000
0.048564 0.337927 0.800000 0.284562 0.969605 0.000000 0.000000 0.000000
0.051450 0.347612 0.800000 0.292790 0.967414 0.000000 0.000000 0.000000
0.054419 0.357275 0.800000 0.301004 0.965152 0.000000 0.000000 0.000000
0.057470 0.366915 0.800000 0.309202 0.962819 0.000000 0.000000 0.000000
0.060603 0.376531 0.800000 0.317384 0.960416 0.000000 0.000000 0.000000
0.063818 0.386123 0.800000 0.325550 0.957943 0.000000 0.000000 0.000000
0.067114 0.395689 0.800000 0.333698 0.955400 0.000000 0.000000 0.000000
0.070492 0.405230 0.800000 0.341829 0.952787 0.000000 0.000000 0.000000
0.073951 0.414745 0.800000 0.349941 0.950104 0.000000 0.000000 0.000000
0.077491 0.424232 0.800000 0.358034 0.947351 0.000000 0.000000 0.000000
0.081111 0.433692 0.800000 0.366108 0.944528 0.000000 0.000000 0.000000
0.084813 0.443123 0.800000 0.374162 0.941636 0.000000 0.000000 0.000000
0.088595 0.452524 0.800000 0.382194 0.938674 0.000000 0.000000 0.000000
0.092457 0.461896 0.800000 0.390206 0.935643 0.000000 0.000000 0.000000
0.096399 0.471237 0.800000 0.398195 0.932543 0.000000 0.000000 0.000000
0.100420 0.480546 0.800000 0.406162 0.929374 0.000000 0.000000 0.000000
0.104522 0.489824 0.800000 0.414105 0.926135 0.000000 0.000000 0.000000
0.108703 0.499069 0.800000 0.422025 0.922828 0.000000 0.000000 0.000000
0.112962 0.508280 0.800000 0.429921 0.919453 0.000000 0.000000 0.000000
0.117301 0.517458 0.800000 0.437791 0.916009 0.000000 0.000000 0.000000
0.121718 0.526600 0.800000 0.445636 0.912496 0.000000 0.000000 0.000000
0.126213 0.535707 0.800000 0.453454 0.908916 0.000000 0.000000 0.000000
0.130787 0.544778 0.800000 0.461246 0.905267 0.000000 0.000000 0.000000
0.135438 0.553813 0.800000 0.469010 0.901551 0.000000 0.000000 0.000000
0.140167 0.562809 0.800000 0.476746 0.897767 0.000000 0.000000 0.000000
0.144973 0.571768 0.800000 0.484454 0.893915 0.000000 0.000000 0.000000
0.149856 0.580687 0.800000 0.492132 0.889997 0.000000 0.000000 0.000000
0.154816 0.589567 0.800000 0.499781 0.886011 0.000000 0.000000 0.000000
0.159852 0.598407 0.800000 0.507400 0.881959 0.000000 0.000000 0.000000
0.164964 0.607206 0.800000 0.514987 0.877840 0.000000 0.000000 0.000000
0.170151 0.615964 0.800000 0.522543 0.873655 0.000000 0.000000 0.000000
0.175414 0.624679 0.800000 0.530066 0.869404 0.000000 0.000000 0.000000
0.180752 0.633352 0.800000 0.537557 0.865086 0.000000 0.000000 0.000000
0.186165 0.641981 0.800000 0.545015 0.860703 0.000000 0.000000 0.000000
0.191653 0.650566 0.800000 0.552439 0.856255 0.000000 0.000000 0.000000
0.197214 0.659106 0.800000 0.559828 0.851741 0.000000 0.000000 0.000000
0.202849 0.667600 0.800000 0.567182 0.847163 0.000000 0.000000 0.000000
0.208558 0.676049 0.800000 0.574501 0.842520 0.000000 0.000000 0.000000
0.214339 0.684450 0.800000 0.581783 0.837812 0.000000 0.000000 0.000000
0.220193 0.692805 0.800000 0.589028 0.833040 0.000000 0.000000 0.000000
0.226119 0.701111 0.800000 0.596236 0.828204 0.000000 0.000000 0.000000
0.232118 0.709369 0.800000 0.603407 0.823305 0.000000 0.000000 0.000000
0.238187 0.717577 0.800000 0.610538 0.818342 0.000000 0.000000 0.000000
0.244328 0.725735 0.800000 0.617631 0.813316 0.000000 0.000000 0.000000
0.250540 0.733843 0.800000 0.624684 0.808228 0.000000 0.000000 0.000000
0.256822 0.741900 0.800000 0.631697 0.803077 0.000000 0.000000 0.000000
0.263174 0.749904 0.800000 0.638669 0.797864 0.000000 0.000000 0.000000
0.269595 0.757857 0.800000 0.645599 0.792589 0.000000 0.000000 0.000000
0.276086 0.765756 0.800000 0.652488 0.787252 0.000000 0.000000 0.000000
0.282645 0.773601 0.800000 0.659334 0.781854 0.000000 0.000000 0.000000
0.289272 0.781393 0.800000 0.666137 0.776396 0.000000 0.000000 0.000000
0.295967 0.789129 0.800000 0.672897 0.770876 0.000000 0.000000 0.000000
0.302730 0.796810 0.800000 0.679613 0.765297 0.000000 0.000000 0.000000
0.309559 0.804435 0.800000 0.686284 0.759657 0.000000 0.000000 0.000000
0.316455 0.812003 0.800000 0.692909 0.753958 0.000000 0.000000 0.000000
0.323417 0.819514 0.800000 0.699489 0.748200 0.000000 0.000000 0.000000
0.330445 0.826967 0.800000 0.706023 0.742383 0.000000 0.000000 0.000000
0.337538 0.834361 0.800000 0.712510 0.736507 0.000000 0.000000 0.000000
0.344695 0.841697 0.800000 0.718949 0.730573 0.000000 0.000000 0.000000
0.351917 0.848973 0.800000 0.725341 0.724581 0.000000 0.000000 0.000000
0.359202 0.856188 0.800000 0.731684 0.718532 0.000000 0.000000 0.000000
0.366550 0.863343 0.800000 0.737978 0.712426 0.000000 0.000000 0.000000
0.373961 0.870437 0.800000 0.744223 0.706263 0.000000 0.000000 0.000000
0.381434 0.877468 0.800000 0.750418 0.700044 0.000000 0.000000 0.000000
0.388969 0.884437 0.800000 0.756562 0.693769 0.000000 0.000000 0.000000
0.396565 0.891343 0.800000 0.762656 0.687439 0.000000 0.000000 0.000000
0.404222 0.898186 0.800000 0.768697 0.681053 0.000000 0.000000 0.000000
0.411939 0.904964 0.800000 0.774687 0.674613 0.000000 0.000000 0.000000
0.419716 0.911678 0.800000 0.780624 0.668118 0.000000 0.000000 0.000000
0.427552 0.918326 0.800000 0.786508 0.661570 0.000000 0.000000 0.000000
0.435446 0.924909 0.800000 0.792339 0.654968 0.000000 0.000000 0.000000
0.443398 0.931426 0.800000 0.798115 0.648313 0.000000 0.000000 0.000000
0.451408 0.937875 0.800000 0.803837 0.641606 0.000000 0.000000 0.000000
0.459475 0.944258 0.800000 0.809504 0.634846 0.000000 0.000000 0.000000
0.467598 0.950572 0.800000 0.815115 0.628035 0.000000 0.000000 0.000000
0.475777 0.956818 0.800000 0.820671 0.621172 0.000000 0.000000 0.000000
0.484011 0.962995 0.800000 0.826170 0.614259 0.000000 0.000000 0.000000
0.492300 0.969103 0.800000 0.831612 0.607295 0.000000 0.000000 0.000000
0.500643 0.975141 0.800000 0.836996 0.600281 0.000000 0.000000 0.000000
0.509040 0.981109 0.800000 0.842323 0.593218 0.000000 0.000000 0.000000
0.517489 0.987005 0.800000 0.847591 0.586106 0.000000 0.000000 0.000000
0.525991 0.992830 0.800000 0.852800 0.578945 0.000000 0.000000 0.000000
0.534545 0.998584 0.800000 0.857950 0.571737 0.000000 0.000000 0.000000
0.543150 1.004265 0.800000 0.863040 0.564480 0.000000 0.000000 0.000000
0.551806 1.009873 0.800000 0.868070 0.557177 0.000000 0.000000 0.000000
0.560511 1.015408 0.800000 0.873040 0.549827 0.000000 0.000000 0.000000
0.569266 1.020870 0.800000 0.877948 0.542431 0.000000 0.000000 0.000000
0.578070 1.026257 0.800000 0.882795 0.534989 0.000000 0.000000 0.000000
0.586922 1.031569 0.800000 0.887579 0.527502 0.000000 0.000000 0.000000
0.595821 1.036807 0.800000 0.892302 0.519971 0.000000 0.000000 0.000000
0.604768 1.041969 0.800000 0.896961 0.512396 0.000000 0.000000 0.000000
0.613761 1.047055 0.800000 0.901558 0.504777 0.000000 0.000000 0.000000
0.622799 1.052064 0.800000 0.906090 0.497115 0.000000 0.000000 0.000000
0.631882 1.056997 0.800000 0.910559 0.489410 0.000000 0.000000 0.000000
0.641010 1.061852 0.800000 0.914963 0.481663 0.000000 0.000000 0.000000
0.650181 1.066630 0.800000 0.919302 0.473875 0.000000 0.000000 0.000000
0.659396 1.071329 0.800000 0.923575 0.466046 0.000000 0.000000 0.000000
0.668652 1.075951 0.800000 0.927783 0.458177 0.000000 0.000000 0.000000
0.677951 1.080493 0.800000 0.931925 0.450267 0.000000 0.000000 0.000000
0.687291 1.084956 0.800000 0.936000 0.442319 0.000000 0.000000 0.000000
0.696671 1.089339 0.800000 0.940009 0.434331 0.000000 0.000000 0.000000
0.706091 1.093642 0.800000 0.943950 0.426306 0.000000 0.000000 0.000000
0.715550 1.097865 0.800000 0.947824 0.418242 0.000000 0.000000 0.000000
0.725047 1.102007 0.800000 0.951629 0.410142 0.000000 0.000000 0.000000
0.734582 1.106068 0.800000 0.955366 0.402005 0.000000 0.000000 0.000000
0.744154 1.110047 0.800000 0.959034 0.393832 0.000000 0.000000 0.000000
0.753762 1.113944 0.800000 0.962634 0.385624 0.000000 0.000000 0.000000
0.763406 1.117759 0.800000 0.966163 0.377381 0.000000 0.000000 0.000000
0.773085 1.121492 0.800000 0.969623 0.369103 0.000000 0.000000 0.000000
0.782799 1.125141 0.800000 0.973013 0.360792 0.000000 0.000000 0.000000
0.792545 1.128708 0.800000 0.976332 0.352448 0.000000 0.000000 0.000000
0.802325 1.132190 0.800000 0.979580 0.344072 0.000000 0.000000 0.000000
0.812137 1.135589 0.800000 0.982758 0.335663 0.000000 0.000000 0.000000
0.821980 1.138903 0.800000 0.985863 0.327224 0.000000 0.000000 0.000000
0.831854 1.142133 0.800000 0.988897 0.318753 0.000000 0.000000 0.000000
0.841758 1.145278 0.800000 0.991859 0.310253 0.000000 0.000000 0.000000
0.851691 1.148338 0.800000 0.994748 0.301723 0.000000 0.000000 0.000000
0.861652 1.151313 0.800000 0.997564 0.293164 0.000000 0.000000 0.000000
0.871642 1.154201 0.800000 1.000308 0.284577 0.000000 0.000000 0.000000
0.881658 1.157004 0.800000 1.002978 0.275962 0.000000 0.000000 0.000000
0.891701 1.159721 0.800000 1.005574 0.267321 0.000000 0.000000 0.000000
0.901770 1.162350 0.800000 1.008097 0.258653 0.000000 0.000000 0.000000
0.911863 1.164894 0.800000 1.010545 0.249959 0.000000 0.000000 0.000000
0.921980 1.167350 0.800000 1.012919 0.241240 0.000000 0.000000 0.000000
0.932121 1.169718 0.800000 1.015218 0.232497 0.000000 0.000000 0.000000
0.942284 1.171999 0.800000 1.017442 0.223729 0.000000 0.000000 0.000000
0.952470 1.174193 0.800000 1.019591 0.214939 0.000000 0.000000 0.000000
0.962676 1.176298 0.800000 1.021664 0.206126 0.000000 0.000000 0.000000
0.972903 1.178315 0.800000 1.023661 0.197291 0.000000 0.000000 0.000000
0.983149 1.180244 0.800000 1.025583 0.188435 0.000000 0.000000 0.000000
0.993414 1.182084 0.800000 1.027428 0.179558 0.000000 0.000000 0.000000
1.003697 1.183835 0.800000 1.029197 0.170661 0.000000 0.000000 0.000000
1.013998 1.185497 0.800000 1.030888 0.161745 0.000000 0.000000 0.000000
1.024315 1.187070 0.800000 1.032503 0.152810 0.000000 0.000000 0.000000
1.034647 1.188553 0.800000 1.034041 0.143857 0.000000 0.000000 0.000000
1.044995 1.189947 0.800000 1.035502 0.134886 0.000000 0.000000 0.000000
1.055357 1.191251 0.800000 1.036885 0.125899 0.000000 0.000000 0.000000
1.065733 1.192465 0.800000 1.038190 0.116896 0.000000 0.000000 0.000000
1.076121 1.193589 0.800000 1.039417 0.107878 0.000000 0.000000 0.000000
1.086521 1.194622 0.800000 1.040566 0.098845 0.000000 0.000000 0.000000
1.096932 1.195566 0.800000 1.041636 0.089798 0.000000 0.000000 0.000000
1.107353 1.196418 0.800000 1.042629 0.080738 0.000000 0.000000 0.000000
1.117784 1.197180 0.800000 1.043542 0.071665 0.000000 0.000000 0.000000
1.128224 1.197851 0.800000 1.044377 0.062580 0.000000 0.000000 0.000000
1.138671 1.198432 0.800000 1.045132 0.053484 0.000000 0.000000 0.000000
1.149126 1.198921 0.800000 1.045809 0.044377 0.000000 0.000000 0.000000
1.159587 1.199319 0.800000 1.046406 0.035260 0.000000 0.000000 0.000000
1.170054 1.199626 0.800000 1.046924 0.026134 0.000000 0.000000 0.000000
1.180526 1.199842 0.800000 1.047362 0.017000 0.000000 0.000000 0.000000
1.191001 1.199966 0.800000 1.047721 0.007857 0.000000 0.000000 0.000000
1.201480 1.199999 0.800000 1.047999 -0.001292 0.000000 0.000000 0.000000
1.211961 1.199940 0.800000 1.048198 -0.010448 0.000000 0.000000 0.000000
1.222443 1.199790 0.800000 1.048317 -0.019610 0.000000 0.000000 0.000000
1.232927 1.199548 0.800000 1.048355 -0.028777 0.000000 0.000000 0.000000
1.243410 1.199215 0.800000 1.048313 -0.037948 0.000000 0.000000 0.000000
1.253893 1.198789 0.800000 1.048191 -0.047123 0.000000 0.000000 0.000000
1.264374 1.198272 0.800000 1.047989 -0.056300 0.000000 0.000000 0.000000
1.274852 1.197663 0.800000 1.047706 -0.065480 0.000000 0.000000 0.000000
1.285328 1.196962 0.800000 1.047342 -0.074662 0.000000 0.000000 0.000000
1.295799 1.196170 0.800000 1.046898 -0.083844 0.000000 0.000000 0.000000
1.306265 1.195286 0.800000 1.046373 -0.093026 0.000000 0.000000 0.000000
1.316726 1.194309 0.800000 1.045767 -0.102208 0.000000 0.000000 0.000000
1.327180 1.193241 0.800000 1.045081 -0.111389 0.000000 0.000000 0.000000
1.337627 1.192082 0.800000 1.044313 -0.120567 0.000000 0.000000 0.000000
1.348066 1.190830 0.800000 1.043465 -0.129743 0.000000 0.000000 0.000000
1.358496 1.189487 0.800000 1.042536 -0.138916 0.000000 0.000000 0.000000
1.368917 1.188052 0.800000 1.041525 -0.148084 0.000000 0.000000 0.000000
1.379327 1.186525 0.800000 1.040434 -0.157247 0.000000 0.000000 0.000000
1.389725 1.184907 0.800000 1.039262 -0.166405 0.000000 0.000000 0.000000
1.400112 1.183197 0.800000 1.038009 -0.175556 0.000000 0.000000 0.000000
1.410485 1.181396 0.800000 1.036675 -0.184701 0.000000 0.000000 0.000000
1.420845 1.179503 0.800000 1.035260 -0.193837 0.000000 0.000000 0.000000
1.431190 1.177519 0.800000 1.033764 -0.202966 0.000000 0.000000 0.000000
1.441520 1.175444 0.800000 1.032187 -0.212085 0.000000 0.000000 0.000000
1.451834 1.173277 0.800000 1.030529 -0.221194 0.000000 0.000000 0.000000
1.462130 1.171020 0.800000 1.028790 -0.230292 0.000000 0.000000 0.000000
1.472409 1.168672 0.800000 1.026970 -0.239379 0.000000 0.000000 0.000000
1.482669 1.166232 0.800000 1.025070 -0.248455 0.000000 0.000000 0.000000
1.492910 1.163703 0.800000 1.023088 -0.257517 0.000000 0.000000 0.000000
1.503131 1.161082 0.800000 1.021027 -0.266566 0.000000 0.000000 0.000000
1.513330 1.158371 0.800000 1.018884 -0.275600 0.000000 0.000000 0.000000
1.523508 1.155570 0.800000 1.016661 -0.284620 0.000000 0.000000 0.000000
1.533663 1.152679 0.800000 1.014357 -0.293624 0.000000 0.000000 0.000000
1.543795 1.149698 0.800000 1.011974 -0.302611 0.000000 0.000000 0.000000
1.553903 1.146627 0.800000 1.009509 -0.311582 0.000000 0.000000 0.000000
1.563985 1.143466 0.800000 1.006965 -0.320534 0.000000 0.000000 0.000000
1.574042 1.140216 0.800000 1.004340 -0.329468 0.000000 0.000000 0.000000
1.584072 1.136877 0.800000 1.001636 -0.338383 0.000000 0.000000 0.000000
1.594074 1.133449 0.800000 0.998852 -0.347278 0.000000 0.000000 0.000000
1.604048 1.129931 0.800000 0.995987 -0.356152 0.000000 0.000000 0.000000
1.613994 1.126326 0.800000 0.993044 -0.365004 0.000000 0.000000 0.000000
1.623909 1.122631 0.800000 0.990021 -0.373835 0.000000 0.000000 0.000000
1.633794 1.118849 0.800000 0.986918 -0.382642 0.000000 0.000000 0.000000
1.643647 1.114979 0.800000 0.983736 -0.391426 0.000000 0.000000 0.000000
1.653468 1.111021 0.800000 0.980476 -0.400186 0.000000 0.000000 0.000000
1.663256 1.106975 0.800000 0.977136 -0.408920 0.000000 0.000000 0.000000
1.673011 1.102842 0.800000 0.973718 -0.417629 0.000000 0.000000 0.000000
1.682730 1.098622 0.800000 0.970221 -0.426311 0.000000 0.000000 0.000000
1.692415 1.094316 0.800000 0.966646 -0.434966 0.000000 0.000000 0.000000
1.702063 1.089923 0.800000 0.962993 -0.443594 0.000000 0.000000 0.000000
1.711674 1.085444 0.800000 0.959261 -0.452192 0.000000 0.000000 0.000000
1.721248 1.080880 0.800000 0.955452 -0.460762 0.000000 0.000000 0.000000
1.730783 1.076229 0.800000 0.951566 -0.469301 0.000000 0.000000 0.000000
1.740279 1.071494 0.800000 0.947602 -0.477809 0.000000 0.000000 0.000000
1.749735 1.066673 0.800000 0.943561 -0.486286 0.000000 0.000000 0.000000
1.759150 1.061768 0.800000 0.939443 -0.494731 0.000000 0.000000 0.000000
1.768524 1.056779 0.800000 0.935249 -0.503143 0.000000 0.000000 0.000000
1.777855 1.051705 0.800000 0.930978 -0.511522 0.000000 0.000000 0.000000
1.787143 1.046548 0.800000 0.926631 -0.519866 0.000000 0.000000 0.000000
1.796387 1.041308 0.800000 0.922208 -0.528175 0.000000 0.000000 0.000000
1.805587 1.035985 0.800000 0.917710 -0.536449 0.000000 0.000000 0.000000
1.814741 1.030579 0.800000 0.913136 -0.544686 0.000000 0.000000 0.000000
1.823849 1.025091 0.800000 0.908487 -0.552886 0.000000 0.000000 0.000000
1.832911 1.019522 0.800000 0.903763 -0.561049 0.000000 0.000000 0.000000
1.841924 1.013870 0.800000 0.898965 -0.569173 0.000000 0.000000 0.000000
1.850890 1.008138 0.800000 0.894093 -0.577258 0.000000 0.000000 0.000000
1.859806 1.002325 0.800000 0.889146 -0.585303 0.000000 0.000000 0.000000
1.868672 0.996432 0.800000 0.884126 -0.593307 0.000000 0.000000 0.000000
1.877488 0.990459 0.800000 0.879033 -0.601271 0.000000 0.000000 0.000000
1.886253 0.984407 0.800000 0.873866 -0.609192 0.000000 0.000000 0.000000
1.894965 0.978276 0.800000 0.868627 -0.617071 0.000000 0.000000 0.000000
1.903625 0.972066 0.800000 0.863316 -0.624907 0.000000 0.000000 0.000000
1.912231 0.965778 0.800000 0.857933 -0.632699 0.000000 0.000000 0.000000
1.920783 0.959412 0.800000 0.852477 -0.640446 0.000000 0.000000 0.000000
1.929281 0.952969 0.800000 0.846951 -0.648148 0.000000 0.000000 0.000000
1.937722 0.946449 0.800000 0.841354 -0.655804 0.000000 0.000000 0.000000
1.946107 0.939853 0.800000 0.835686 -0.663414 0.000000 0.000000 0.000000
1.954436 0.933181 0.800000 0.829948 -0.670976 0.000000 0.000000 0.000000
1.962706 0.926434 0.800000 0.824140 -0.678491 0.000000 0.000000 0.000000
1.970918 0.919611 0.800000 0.818263 -0.685957 0.000000 0.000000 0.000000
1.979071 0.912715 0.800000 0.812316 -0.693373 0.000000 0.000000 0.000000
1.987164 0.905744 0.800000 0.806301 -0.700740 0.000000 0.000000 0.000000
1.995197 0.898700 0.800000 0.800217 -0.708057 0.000000 0.000000 0.000000
2.003168 0.891583 0.800000 0.794066 -0.715322 0.000000 0.000000 0.000000
2.011078 0.884394 0.800000 0.787847 -0.722535 0.000000 0.000000 0.000000
2.018925 0.877133 0.800000 0.781562 -0.729696 0.000000 0.000000 0.000000
2.026709 0.869800 0.800000 0.775209 -0.736805 0.000000 0.000000 0.000000
2.034429 0.862397 0.800000 0.768791 -0.743859 0.000000 0.000000 0.000000
2.042085 0.854923 0.800000 0.762306 -0.750859 0.000000 0.000000 0.000000
2.049675 0.847380 0.800000 0.755757 -0.757804 0.000000 0.000000 0.000000
2.057200 0.839767 0.800000 0.749142 -0.764694 0.000000 0.000000 0.000000
2.064658 0.832086 0.800000 0.742463 -0.771527 0.000000 0.000000 0.000000
2.072049 0.824337 0.800000 0.735721 -0.778303 0.000000 0.000000 0.000000
2.079372 0.816520 0.800000 0.728914 -0.785023 0.000000 0.000000 0.000000
2.086627 0.808636 0.800000 0.722045 -0.791684 0.000000 0.000000 0.000000
2.093813 0.800687 0.800000 0.715113 -0.798286 0.000000 0.000000 0.000000
2.100929 0.792671 0.800000 0.708119 -0.804830 0.000000 0.000000 0.000000
2.107975 0.784590 0.800000 0.701064 -0.811313 0.000000 0.000000 0.000000
2.114950 0.776445 0.800000 0.693948 -0.817736 0.000000 0.000000 0.000000
2.121854 0.768236 0.800000 0.686771 -0.824099 0.000000 0.000000 0.000000
2.128685 0.759963 0.800000 0.679534 -0.830399 0.000000 0.000000 0.000000
2.135444 0.751628 0.800000 0.672237 -0.836638 0.000000 0.000000 0.000000
2.142130 0.743231 0.800000 0.664882 -0.842813 0.000000 0.000000 0.000000
2.148741 0.734772 0.800000 0.657468 -0.848926 0.000000 0.000000 0.000000
2.155279 0.726252 0.800000 0.649996 -0.854975 0.000000 0.000000 0.000000
2.161741 0.717673 0.800000 0.642466 -0.860959 0.000000 0.000000 0.000000
2.168128 0.709033 0.800000 0.634880 -0.866878 0.000000 0.000000 0.000000
2.174439 0.700335 0.800000 0.627238 -0.872732 0.000000 0.000000 0.000000
2.180673 0.691579 0.800000 0.619539 -0.878519 0.000000 0.000000 0.000000
2.186829 0.682765 0.800000 0.611786 -0.884240 0.000000 0.000000 0.000000
2.192908 0.673894 0.800000 0.603978 -0.889894 0.000000 0.000000 0.000000
2.198909 0.664967 0.800000 0.596116 -0.895480 0.000000 0.000000 0.000000
2.204830 0.655985 0.800000 0.588200 -0.900998 0.000000 0.000000 0.000000
2.210672 0.646948 0.800000 0.580231 -0.906447 0.000000 0.000000 0.000000
2.216435 0.637856 0.800000 0.572210 -0.911827 0.000000 0.000000 0.000000
2.222116 0.628711 0.800000 0.564137 -0.917137 0.000000 0.000000 0.000000
2.227717 0.619514 0.800000 0.556014 -0.922376 0.000000 0.000000 0.000000
2.233237 0.610264 0.800000 0.547839 -0.927545 0.000000 0.000000 0.000000
2.238674 0.600963 0.800000 0.539615 -0.932643 0.000000 0.000000 0.000000
2.244029 0.591611 0.800000 0.531341 -0.937668 0.000000 0.000000 0.000000
2.249301 0.582210 0.800000 0.523019 -0.942622 0.000000 0.000000 0.000000
2.254489 0.572759 0.800000 0.514648 -0.947502 0.000000 0.000000 0.000000
2.259593 0.563260 0.800000 0.506230 -0.952309 0.000000 0.000000 0.000000
2.264613 0.553713 0.800000 0.497765 -0.957043 0.000000 0.000000 0.000000
2.269548 0.544120 0.800000 0.489254 -0.961702 0.000000 0.000000 0.000000
2.274398 0.534480 0.800000 0.480698 -0.966287 0.000000 0.000000 0.000000
2.279162 0.524794 0.800000 0.472096 -0.970796 0.000000 0.000000 0.000000
2.283840 0.515064 0.800000 0.463450 -0.975230 0.000000 0.000000 0.000000
2.288431 0.505290 0.800000 0.454761 -0.979588 0.000000 0.000000 0.000000
2.292935 0.495472 0.800000 0.446028 -0.983869 0.000000 0.000000 0.000000
2.297352 0.485613 0.800000 0.437254 -0.988074 0.000000 0.000000 0.000000
2.301680 0.475711 0.800000 0.428437 -0.992201 0.000000 0.000000 0.000000
2.305920 0.465769 0.800000 0.419580 -0.996250 0.000000 0.000000 0.000000
2.310071 0.455786 0.800000 0.410683 -1.000221 0.000000 0.000000 0.000000
2.314134 0.445765 0.800000 0.401745 -1.004113 0.000000 0.000000 0.000000
2.318106 0.435704 0.800000 0.392769 -1.007926 0.000000 0.000000 0.000000
2.321989 0.425606 0.800000 0.383755 -1.011660 0.000000 0.000000 0.000000
2.325781 0.415471 0.800000 0.374703 -1.015314 0.000000 0.000000 0.000000
2.329483 0.405300 0.800000 0.365615 -1.018888 0.000000 0.000000 0.000000
2.333093 0.395094 0.800000 0.356490 -1.022381 0.000000 0.000000 0.000000
2.336613 0.384853 0.800000 0.347330 -1.025793 0.000000 0.000000 0.000000
2.340040 0.374578 0.800000 0.338135 -1.029124 0.000000 0.000000 0.000000
2.343375 0.364271 0.800000 0.328906 -1.032372 0.000000 0.000000 0.000000
2.346618 0.353931 0.800000 0.319644 -1.035539 0.000000 0.000000 0.000000
2.349768 0.343560 0.800000 0.310350 -1.038624 0.000000 0.000000 0.000000
2.352825 0.333159 0.800000 0.301023 -1.041625 0.000000 0.000000 0.000000
2.355788 0.322728 0.800000 0.291666 -1.044544 0.000000 0.000000 0.000000
2.358658 0.312268 0.800000 0.282278 -1.047379 0.000000 0.000000 0.000000
2.361434 0.301781 0.800000 0.272860 -1.050130 0.000000 0.000000 0.000000
2.364115 0.291266 0.800000 0.263414 -1.052797 0.000000 0.000000 0.000000
2.366702 0.280725 0.800000 0.253939 -1.055379 0.000000 0.000000 0.000000
2.369194 0.270159 0.800000 0.244437 -1.057877 0.000000 0.000000 0.000000
2.371591 0.259568 0.800000 0.234909 -1.060289 0.000000 0.000000 0.000000
2.373892 0.248953 0.800000 0.225355 -1.062617 0.000000 0.000000 0.000000
2.376098 0.238316 0.800000 0.215775 -1.064858 0.000000 0.000000 0.000000
2.378207 0.227656 0.800000 0.206171 -1.067014 0.000000 0.000000 0.000000
2.380221 0.216976 0.800000 0.196544 -1.069083 0.000000 0.000000 0.000000
2.382138 0.206275 0.800000 0.186894 -1.071066 0.000000 0.000000 0.000000
2.383959 0.195555 0.800000 0.177222 -1.072963 0.000000 0.000000 0.000000
2.385683 0.184816 0.800000 0.167528 -1.074772 0.000000 0.000000 0.000000
2.387309 0.174060 0.800000 0.157814 -1.076494 0.000000 0.000000 0.000000
2.388839 0.163287 0.800000 0.148080 -1.078128 0.000000 0.000000 0.000000
2.390271 0.152497 0.800000 0.138328 -1.079675 0.000000 0.000000 0.000000
2.391605 0.141693 0.800000 0.128557 -1.081133 0.000000 0.000000 0.000000
2.392842 0.130875 0.800000 0.118769 -1.082504 0.000000 0.000000 0.000000
2.393981 0.120044 0.800000 0.108965 -1.083786 0.000000 0.000000 0.000000
2.395021 0.109200 0.800000 0.099144 -1.084980 0.000000 0.000000 0.000000
2.395963 0.098344 0.800000 0.089309 -1.086084 0.000000 0.000000 0.000000
2.396807 0.087478 0.800000 0.079459 -1.087100 0.000000 0.000000 0.000000
2.397553 0.076603 0.800000 0.069597 -1.088026 0.000000 0.000000 0.000000
2.398199 0.065718 0.800000 0.059721 -1.088863 0.000000 0.000000 0.000000
2.398747 0.054826 0.800000 0.049834 -1.089611 0.000000 0.000000 0.000000
2.399196 0.043926 0.800000 0.039936 -1.090269 0.000000 0.000000 0.000000
2.399546 0.033021 0.800000 0.030028 -1.090837 0.000000 0.000000 0.000000
2.399796 0.022110 0.800000 0.020111 -1.091315 0.000000 0.000000 0.000000
2.399948 0.011195 0.800000 0.010185 -1.091702 0.000000 0.000000 0.000000
2.400000 0.000276 0.800000 0.000251 -1.092000 0.000000 0.000000 0.000000
2.399953 -0.010645 0.800000 -0.009689 -1.092207 0.000000 0.000000 0.000000
2.399806 -0.021568 0.800000 -0.019636 -1.092324 0.000000 0.000000 0.000000
2.399560 -0.032491 0.800000 -0.029587 -1.092349 0.000000 0.000000 0.000000
2.399214 -0.043415 0.800000 -0.039543 -1.092284 0.000000 0.000000 0.000000
2.398769 -0.054337 0.800000 -0.049503 -1.092129 0.000000 0.000000 0.000000
2.398224 -0.065257 0.800000 -0.059465 -1.091882 0.000000 0.000000 0.000000
2.397580 -0.076174 0.800000 -0.069429 -1.091544 0.000000 0.000000 0.000000
2.396836 -0.087087 0.800000 -0.079395 -1.091115 0.000000 0.000000 0.000000
2.395992 -0.097996 0.800000 -0.089360 -1.090595 0.000000 0.000000 0.000000
2.395049 -0.108899 0.800000 -0.099325 -1.089984 0.000000 0.000000 0.000000
2.394005 -0.119795 0.800000 -0.109288 -1.089281 0.000000 0.000000 0.000000
2.392863 -0.130684 0.800000 -0.119249 -1.088487 0.000000 0.000000 0.000000
2.391620 -0.141565 0.800000 -0.129207 -1.087602 0.000000 0.000000 0.000000
2.390279 -0.152436 0.800000 -0.139161 -1.086625 0.000000 0.000000 0.000000
2.388837 -0.163297 0.800000 -0.149111 -1.085557 0.000000 0.000000 0.000000
2.387296 -0.174147 0.800000 -0.159054 -1.084397 0.000000 0.000000 0.000000
2.385656 -0.184985 0.800000 -0.168991 -1.083146 0.000000 0.000000 0.000000
2.383917 -0.195810 0.800000 -0.178921 -1.081804 0.000000 0.000000 0.000000
2.382078 -0.206621 0.800000 -0.188843 -1.080370 0.000000 0.000000 0.000000
2.380140 -0.217417 0.800000 -0.198755 -1.078844 0.000000 0.000000 0.000000
2.378103 -0.228197 0.800000 -0.208658 -1.077228 0.000000 0.000000 0.000000
2.375967 -0.238961 0.800000 -0.218550 -1.075520 0.000000 0.000000 0.000000
2.373732 -0.249707 0.800000 -0.228430 -1.073720 0.000000 0.000000 0.000000
2.371398 -0.260435 0.800000 -0.238298 -1.071829 0.000000 0.000000 0.000000
2.368966 -0.271143 0.800000 -0.248153 -1.069847 0.000000 0.000000 0.000000
2.366435 -0.281832 0.800000 -0.257993 -1.067774 0.000000 0.000000 0.000000
2.363806 -0.292499 0.800000 -0.267819 -1.065610 0.000000 0.000000 0.000000
2.361079 -0.303144 0.800000 -0.277629 -1.063355 0.000000 0.000000 0.000000
2.358254 -0.313765 0.800000 -0.287422 -1.061008 0.000000 0.000000 0.000000
2.355330 -0.324363 0.800000 -0.297198 -1.058571 0.000000 0.000000 0.000000
2.352310 -0.334937 0.800000 -0.306955 -1.056044 0.000000 0.000000 0.000000
2.349191 -0.345484 0.800000 -0.316694 -1.053425 0.000000 0.000000 0.000000
2.345976 -0.356005 0.800000 -0.326412 -1.050717 0.000000 0.000000 0.000000
2.342663 -0.366498 0.800000 -0.336109 -1.047917 0.000000 0.000000 0.000000
2.339254 -0.376963 0.800000 -0.345785 -1.045028 0.000000 0.000000 0.000000
2.335748 -0.387398 0.800000 -0.355438 -1.042048 0.000000 0.000000 0.000000
2.332145 -0.397803 0.800000 -0.365068 -1.038979 0.000000 0.000000 0.000000
2.328446 -0.408178 0.800000 -0.374673 -1.035820 0.000000 0.000000 0.000000
2.324652 -0.418520 0.800000 -0.384253 -1.032571 0.000000 0.000000 0.000000
2.320761 -0.428829 0.800000 -0.393808 -1.029232 0.000000 0.000000 0.000000
2.316776 -0.439104 0.800000 -0.403335 -1.025805 0.000000 0.000000 0.000000
2.312695 -0.449344 0.800000 -0.412835 -1.022288 0.000000 0.000000 0.000000
2.308519 -0.459549 0.800000 -0.422307 -1.018683 0.000000 0.000000 0.000000
2.304249 -0.469718 0.800000 -0.431749 -1.014989 0.000000 0.000000 0.000000
2.299884 -0.479849 0.800000 -0.441161 -1.011206 0.000000 0.000000 0.000000
2.295426 -0.489942 0.800000 -0.450542 -1.007335 0.000000 0.000000 0.000000
2.290873 -0.499995 0.800000 -0.459891 -1.003376 0.000000 0.000000 0.000000
2.286228 -0.510009 0.800000 -0.469208 -0.999330 0.000000 0.000000 0.000000
2.281489 -0.519982 0.800000 -0.478491 -0.995195 0.000000 0.000000 0.000000
2.276658 -0.529913 0.800000 -0.487740 -0.990974 0.000000 0.000000 0.000000
2.271735 -0.539801 0.800000 -0.496954 -0.986666 0.000000 0.000000 0.000000
2.266719 -0.549646 0.800000 -0.506132 -0.982271 0.000000 0.000000 0.000000
2.261612 -0.559446 0.800000 -0.515273 -0.977789 0.000000 0.000000 0.000000
2.256414 -0.569201 0.800000 -0.524376 -0.973221 0.000000 0.000000 0.000000
2.251125 -0.578910 0.800000 -0.533441 -0.968568 0.000000 0.000000 0.000000
2.245745 -0.588572 0.800000 -0.542467 -0.963828 0.000000 0.000000 0.000000
2.240276 -0.598186 0.800000 -0.551453 -0.959004 0.000000 0.000000 0.000000
2.234716 -0.607752 0.800000 -0.560398 -0.954095 0.000000 0.000000 0.000000
2.229068 -0.617268 0.800000 -0.569301 -0.949101 0.000000 0.000000 0.000000
2.223330 -0.626734 0.800000 -0.578162 -0.944022 0.000000 0.000000 0.000000
2.217505 -0.636148 0.800000 -0.586979 -0.938860 0.000000 0.000000 0.000000
2.211591 -0.645511 0.800000 -0.595752 -0.933614 0.000000 0.000000 0.000000
2.205590 -0.654820 0.800000 -0.604481 -0.928285 0.000000 0.000000 0.000000
2.199501 -0.664076 0.800000 -0.613163 -0.922873 0.000000 0.000000 0.000000
2.193327 -0.673277 0.800000 -0.621800 -0.917378 0.000000 0.000000 0.000000
2.187066 -0.682423 0.800000 -0.630388 -0.911802 0.000000 0.000000 0.000000
2.180719 -0.691513 0.800000 -0.638929 -0.906143 0.000000 0.000000 0.000000
2.174287 -0.700546 0.800000 -0.647421 -0.900404 0.000000 0.000000 0.000000
2.167771 -0.709521 0.800000 -0.655863 -0.894583 0.000000 0.000000 0.000000
2.161170 -0.718437 0.800000 -0.664255 -0.888682 0.000000 0.000000 0.000000
2.154486 -0.727294 0.800000 -0.672596 -0.882700 0.000000 0.000000 0.000000
2.147718 -0.736091 0.800000 -0.680884 -0.876639 0.000000 0.000000 0.000000
2.140868 -0.744827 0.800000 -0.689120 -0.870499 0.000000 0.000000 0.000000
2.133936 -0.753501 0.800000 -0.697302 -0.864280 0.000000 0.000000 0.000000
2.126922 -0.762112 0.800000 -0.705430 -0.857983 0.000000 0.000000 0.000000
2.119828 -0.770660 0.800000 -0.713503 -0.851607 0.000000 0.000000 0.000000
2.112653 -0.779144 0.800000 -0.721520 -0.845154 0.000000 0.000000 0.000000
2.105397 -0.787563 0.800000 -0.729480 -0.838624 0.000000 0.000000 0.000000
2.098063 -0.795916 0.800000 -0.737383 -0.832018 0.000000 0.000000 0.000000
2.090650 -0.804203 0.800000 -0.745228 -0.825336 0.000000 0.000000 0.000000
2.083159 -0.812423 0.800000 -0.753014 -0.818578 0.000000 0.000000 0.000000
2.075590 -0.820574 0.800000 -0.760741 -0.811745 0.000000 0.000000 0.000000
2.067944 -0.828657 0.800000 -0.768407 -0.804837 0.000000 0.000000 0.000000
2.060222 -0.836671 0.800000 -0.776012 -0.797856 0.000000 0.000000 0.000000
2.052424 -0.844614 0.800000 -0.783556 -0.790801 0.000000 0.000000 0.000000
2.044551 -0.852487 0.800000 -0.791037 -0.783673 0.000000 0.000000 0.000000
2.036604 -0.860287 0.800000 -0.798454 -0.776473 0.000000 0.000000 0.000000
2.028582 -0.868016 0.800000 -0.805808 -0.769201 0.000000 0.000000 0.000000
2.020488 -0.875671 0.800000 -0.813097 -0.761857 0.000000 0.000000 0.000000
2.012321 -0.883253 0.800000 -0.820321 -0.754443 0.000000 0.000000 0.000000
2.004081 -0.890760 0.800000 -0.827479 -0.746958 0.000000 0.000000 0.000000
1.995771 -0.898192 0.800000 -0.834570 -0.739404 0.000000 0.000000 0.000000
1.987390 -0.905548 0.800000 -0.841593 -0.731781 0.000000 0.000000 0.000000
1.978940 -0.912827 0.800000 -0.848549 -0.724089 0.000000 0.000000 0.000000
1.970420 -0.920029 0.800000 -0.855435 -0.716330 0.000000 0.000000 0.000000
1.961831 -0.927153 0.800000 -0.862253 -0.708503 0.000000 0.000000 0.000000
1.953175 -0.934199 0.800000 -0.869000 -0.700609 0.000000 0.000000 0.000000
1.944451 -0.941165 0.800000 -0.875676 -0.692650 0.000000 0.000000 0.000000
1.935661 -0.948052 0.800000 -0.882281 -0.684625 0.000000 0.000000 0.000000
1.926806 -0.954858 0.800000 -0.888813 -0.676535 0.000000 0.000000 0.000000
1.917885 -0.961582 0.800000 -0.895273 -0.668381 0.000000 0.000000 0.000000
1.908901 -0.968225 0.800000 -0.901660 -0.660164 0.000000 0.000000 0.000000
1.899852 -0.974785 0.800000 -0.907972 -0.651883 0.000000 0.000000 0.000000
1.890741 -0.981263 0.800000 -0.914210 -0.643541 0.000000 0.000000 0.000000
1.881569 -0.987656 0.800000 -0.920372 -0.635137 0.000000 0.000000 0.000000
1.872334 -0.993965 0.800000 -0.926458 -0.626672 0.000000 0.000000 0.000000
1.863040 -1.000189 0.800000 -0.932468 -0.618146 0.000000 0.000000 0.000000
1.853685 -1.006328 0.800000 -0.938401 -0.609561 0.000000 0.000000 0.000000
1.844272 -1.012380 0.800000 -0.944255 -0.600918 0.000000 0.000000 0.000000
1.834800 -1.018346 0.800000 -0.950032 -0.592216 0.000000 0.000000 0.000000
1.825271 -1.024224 0.800000 -0.955729 -0.583456 0.000000 0.000000 0.000000
1.815686 -1.030015 0.800000 -0.961347 -0.574640 0.000000 0.000000 0.000000
1.806045 -1.035717 0.800000 -0.966885 -0.565768 0.000000 0.000000 0.000000
1.796349 -1.041330 0.800000 -0.972342 -0.556841 0.000000 0.000000 0.000000
1.786598 -1.046854 0.800000 -0.977718 -0.547858 0.000000 0.000000 0.000000
1.776795 -1.052287 0.800000 -0.983012 -0.538822 0.000000 0.000000 0.000000
1.766938 -1.057630 0.800000 -0.988223 -0.529733 0.000000 0.000000 0.000000
1.757030 -1.062882 0.800000 -0.993351 -0.520591 0.000000 0.000000 0.000000
1.747072 -1.068042 0.800000 -0.998396 -0.511398 0.000000 0.000000 0.000000
1.737063 -1.073109 0.800000 -1.003357 -0.502154 0.000000 0.000000 0.000000
1.727005 -1.078084 0.800000 -1.008234 -0.492859 0.000000 0.000000 0.000000
1.716898 -1.082966 0.800000 -1.013025 -0.483515 0.000000 0.000000 0.000000
1.706744 -1.087755 0.800000 -1.017730 -0.474123 0.000000 0.000000 0.000000
1.696544 -1.092449 0.800000 -1.022350 -0.464682 0.000000 0.000000 0.000000
1.686298 -1.097048 0.800000 -1.026883 -0.455195 0.000000 0.000000 0.000000
1.676007 -1.101552 0.800000 -1.031328 -0.445661 0.000000 0.000000 0.000000
1.665671 -1.105961 0.800000 -1.035687 -0.436082 0.000000 0.000000 0.000000
1.655293 -1.110274 0.800000 -1.039957 -0.426458 0.000000 0.000000 0.000000
1.644873 -1.114490 0.800000 -1.044138 -0.416790 0.000000 0.000000 0.000000
1.634411 -1.118610 0.800000 -1.048230 -0.407079 0.000000 0.000000 0.000000
1.623908 -1.122632 0.800000 -1.052233 -0.397326 0.000000 0.000000 0.000000
1.613366 -1.126556 0.800000 -1.056146 -0.387531 0.000000 0.000000 0.000000
1.602786 -1.130382 0.800000 -1.059969 -0.377696 0.000000 0.000000 0.000000
1.592167 -1.134110 0.800000 -1.063700 -0.367820 0.000000 0.000000 0.000000
1.581512 -1.137738 0.800000 -1.067341 -0.357906 0.000000 0.000000 0.000000
1.570821 -1.141268 0.800000 -1.070890 -0.347953 0.000000 0.000000 0.000000
1.560095 -1.144697 0.800000 -1.074346 -0.337964 0.000000 0.000000 0.000000
1.549334 -1.148027 0.800000 -1.077710 -0.327937 0.000000 0.000000 0.000000
1.538541 -1.151256 0.800000 -1.080981 -0.317876 0.000000 0.000000 0.000000
1.527715 -1.154384 0.800000 -1.084159 -0.307779 0.000000 0.000000 0.000000
1.516858 -1.157411 0.800000 -1.087243 -0.297648 0.000000 0.000000 0.000000
1.505970 -1.160337 0.800000 -1.090233 -0.287485 0.000000 0.000000 0.000000
1.495053 -1.163161 0.800000 -1.093129 -0.277289 0.000000 0.000000 0.000000
1.484108 -1.165883 0.800000 -1.095930 -0.267062 0.000000 0.000000 0.000000
1.473135 -1.168502 0.800000 -1.098635 -0.256804 0.000000 0.000000 0.000000
1.462136 -1.171019 0.800000 -1.101246 -0.246517 0.000000 0.000000 0.000000
1.451111 -1.173432 0.800000 -1.103760 -0.236201 0.000000 0.000000 0.000000
1.440061 -1.175743 0.800000 -1.106178 -0.225857 0.000000 0.000000 0.000000
1.428987 -1.177949 0.800000 -1.108499 -0.215487 0.000000 0.000000 0.000000
1.417891 -1.180052 0.800000 -1.110724 -0.205090 0.000000 0.000000 0.000000
1.406773 -1.182051 0.800000 -1.112852 -0.194668 0.000000 0.000000 0.000000
1.395634 -1.183946 0.800000 -1.114882 -0.184222 0.000000 0.000000 0.000000
1.384476 -1.185735 0.800000 -1.116815 -0.173753 0.000000 0.000000 0.000000
1.373298 -1.187421 0.800000 -1.118649 -0.163262 0.000000 0.000000 0.000000
1.362103 -1.189001 0.800000 -1.120385 -0.152748 0.000000 0.000000 0.000000
1.350891 -1.190475 0.800000 -1.122023 -0.142215 0.000000 0.000000 0.000000
1.339663 -1.191845 0.800000 -1.123562 -0.131661 0.000000 0.000000 0.000000
1.328420 -1.193109 0.800000 -1.125002 -0.121089 0.000000 0.000000 0.000000
1.317163 -1.194267 0.800000 -1.126343 -0.110500 0.000000 0.000000 0.000000
1.305894 -1.195319 0.800000 -1.127584 -0.099893 0.000000 0.000000 0.000000
1.294612 -1.196264 0.800000 -1.128725 -0.089270 0.000000 0.000000 0.000000
1.283319 -1.197104 0.800000 -1.129767 -0.078633 0.000000 0.000000 0.000000
1.272017 -1.197837 0.800000 -1.130708 -0.067981 0.000000 0.000000 0.000000
1.260706 -1.198464 0.800000 -1.131549 -0.057316 0.000000 0.000000 0.000000
1.249386 -1.198983 0.800000 -1.132290 -0.046639 0.000000 0.000000 0.000000
1.238060 -1.199396 0.800000 -1.132930 -0.035951 0.000000 0.000000 0.000000
1.226728 -1.199702 0.800000 -1.133469 -0.025252 0.000000 0.000000 0.000000
1.215391 -1.199901 0.800000 -1.133907 -0.014545 0.000000 0.000000 0.000000
1.204050 -1.199993 0.800000 -1.134244 -0.003828 0.000000 0.000000 0.000000
1.192707 -1.199978 0.800000 -1.134479 0.006895 0.000000 0.000000 0.000000
1.181361 -1.199855 0.800000 -1.134613 0.017625 0.000000 0.000000 0.000000
1.170015 -1.199625 0.800000 -1.134646 0.028361 0.000000 0.000000 0.000000
1.158668 -1.199288 0.800000 -1.134576 0.039101 0.000000 0.000000 0.000000
1.147323 -1.198843 0.800000 -1.134405 0.049845 0.000000 0.000000 0.000000
1.135981 -1.198291 0.800000 -1.134133 0.060592 0.000000 0.000000 0.000000
1.124641 -1.197631 0.800000 -1.133758 0.071340 0.000000 0.000000 0.000000
1.113306 -1.196864 0.800000 -1.133281 0.082089 0.000000 0.000000 0.000000
1.101976 -1.195990 0.800000 -1.132702 0.092837 0.000000 0.000000 0.000000
1.090652 -1.195008 0.800000 -1.132021 0.103584 0.000000 0.000000 0.000000
1.079336 -1.193918 0.800000 -1.131237 0.114329 0.000000 0.000000 0.000000
1.068028 -1.192721 0.800000 -1.130352 0.125071 0.000000 0.000000 0.000000
1.056729 -1.191417 0.800000 -1.129364 0.135809 0.000000 0.000000 0.000000
1.045441 -1.190005 0.800000 -1.128273 0.146541 0.000000 0.000000 0.000000
1.034164 -1.188486 0.800000 -1.127081 0.157268 0.000000 0.000000 0.000000
1.022900 -1.186859 0.800000 -1.125786 0.167987 0.000000 0.000000 0.000000
1.011649 -1.185126 0.800000 -1.124388 0.178698 0.000000 0.000000 0.000000
1.000412 -1.183286 0.800000 -1.122889 0.189401 0.000000 0.000000 0.000000
0.989191 -1.181338 0.800000 -1.121287 0.200093 0.000000 0.000000 0.000000
0.977987 -1.179284 0.800000 -1.119582 0.210774 0.000000 0.000000 0.000000
0.966800 -1.177123 0.800000 -1.117776 0.221443 0.000000 0.000000 0.000000
0.955632 -1.174855 0.800000 -1.115867 0.232099 0.000000 0.000000 0.000000
0.944483 -1.172481 0.800000 -1.113857 0.242741 0.000000 0.000000 0.000000
0.933355 -1.170000 0.800000 -1.111744 0.253369 0.000000 0.000000 0.000000
0.922248 -1.167413 0.800000 -1.109529 0.263980 0.000000 0.000000 0.000000
0.911165 -1.164721 0.800000 -1.107213 0.274574 0.000000 0.000000 0.000000
0.900104 -1.161922 0.800000 -1.104794 0.285151 0.000000 0.000000 0.000000
0.889069 -1.159018 0.800000 -1.102274 0.295708 0.000000 0.000000 0.000000
0.878059 -1.156008 0.800000 -1.099652 0.306246 0.000000 0.000000 0.000000
0.867076 -1.152893 0.800000 -1.096929 0.316763 0.000000 0.000000 0.000000
0.856121 -1.149673 0.800000 -1.094105 0.327258 0.000000 0.000000 0.000000
0.845194 -1.146348 0.800000 -1.091180 0.337730 0.000000 0.000000 0.000000
0.834298 -1.142918 0.800000 -1.088153 0.348179 0.000000 0.000000 0.000000
0.823432 -1.139384 0.800000 -1.085026 0.358603 0.000000 0.000000 0.000000
0.812598 -1.135746 0.800000 -1.081798 0.369001 0.000000 0.000000 0.000000
0.801796 -1.132004 0.800000 -1.078470 0.379372 0.000000 0.000000 0.000000
0.791028 -1.128159 0.800000 -1.075041 0.389716 0.000000 0.000000 0.000000
0.780296 -1.124210 0.800000 -1.071513 0.400031 0.000000 0.000000 0.000000
0.769599 -1.120158 0.800000 -1.067884 0.410316 0.000000 0.000000 0.000000
0.758938 -1.116004 0.800000 -1.064156 0.420571 0.000000 0.000000 0.000000
0.748316 -1.111747 0.800000 -1.060329 0.430794 0.000000 0.000000 0.000000
0.737732 -1.107388 0.800000 -1.056402 0.440984 0.000000 0.000000 0.000000
0.727188 -1.102927 0.800000 -1.052377 0.451141 0.000000 0.000000 0.000000
0.716685 -1.098365 0.800000 -1.048252 0.461264 0.000000 0.000000 0.000000
0.706223 -1.093702 0.800000 -1.044030 0.471351 0.000000 0.000000 0.000000
0.695805 -1.088938 0.800000 -1.039709 0.481402 0.000000 0.000000 0.000000
0.685429 -1.084074 0.800000 -1.035291 0.491415 0.000000 0.000000 0.000000
0.675099 -1.079110 0.800000 -1.030775 0.501390 0.000000 0.000000 0.000000
0.664814 -1.074047 0.800000 -1.026162 0.511325 0.000000 0.000000 0.000000
0.654576 -1.068884 0.800000 -1.021452 0.521221 0.000000 0.000000 0.000000
0.644386 -1.063622 0.800000 -1.016646 0.531075 0.000000 0.000000 0.000000
0.634244 -1.058263 0.800000 -1.011743 0.540887 0.000000 0.000000 0.000000
0.624151 -1.052805 0.800000 -1.006745 0.550656 0.000000 0.000000 0.000000
0.614109 -1.047250 0.800000 -1.001651 0.560380 0.000000 0.000000 0.000000
0.604118 -1.041597 0.800000 -0.996461 0.570060 0.000000 0.000000 0.000000
0.594180 -1.035849 0.800000 -0.991178 0.579694 0.000000 0.000000 0.000000
0.584295 -1.030004 0.800000 -0.985799 0.589281 0.000000 0.000000 0.000000
0.574464 -1.024063 0.800000 -0.980327 0.598820 0.000000 0.000000 0.000000
0.564689 -1.018027 0.800000 -0.974761 0.608310 0.000000 0.000000 0.000000
0.554969 -1.011897 0.800000 -0.969102 0.617751 0.000000 0.000000 0.000000
0.545307 -1.005673 0.800000 -0.963350 0.627141 0.000000 0.000000 0.000000
0.535703 -0.999354 0.800000 -0.957506 0.636480 0.000000 0.000000 0.000000
0.526157 -0.992943 0.800000 -0.951570 0.645766 0.000000 0.000000 0.000000
0.516672 -0.986439 0.800000 -0.945543 0.654999 0.000000 0.000000 0.000000
0.507247 -0.979843 0.800000 -0.939425 0.664177 0.000000 0.000000 0.000000
0.497883 -0.973156 0.800000 -0.933216 0.673300 0.000000 0.000000 0.000000
0.488583 -0.966378 0.800000 -0.926917 0.682368 0.000000 0.000000 0.000000
0.479345 -0.959509 0.800000 -0.920529 0.691378 0.000000 0.000000 0.000000
0.470172 -0.952550 0.800000 -0.914051 0.700330 0.000000 0.000000 0.000000
0.461065 -0.945502 0.800000 -0.907485 0.709224 0.000000 0.000000 0.000000
0.452023 -0.938366 0.800000 -0.900831 0.718058 0.000000 0.000000 0.000000
0.443048 -0.931141 0.800000 -0.894090 0.726831 0.000000 0.000000 0.000000
0.434142 -0.923829 0.800000 -0.887261 0.735543 0.000000 0.000000 0.000000
0.425303 -0.916431 0.800000 -0.880346 0.744193 0.000000 0.000000 0.000000
0.416535 -0.908946 0.800000 -0.873345 0.752779 0.000000 0.000000 0.000000
0.407837 -0.901375 0.800000 -0.866259 0.761302 0.000000 0.000000 0.000000
0.399210 -0.893720 0.800000 -0.859088 0.769759 0.000000 0.000000 0.000000
0.390655 -0.885980 0.800000 -0.851833 0.778151 0.000000 0.000000 0.000000
0.382174 -0.878157 0.800000 -0.844494 0.786476 0.000000 0.000000 0.000000
0.373766 -0.870251 0.800000 -0.837073 0.794734 0.000000 0.000000 0.000000
0.365432 -0.862263 0.800000 -0.829569 0.802924 0.000000 0.000000 0.000000
0.357175 -0.854193 0.800000 -0.821983 0.811044 0.000000 0.000000 0.000000
0.348993 -0.846042 0.800000 -0.814315 0.819094 0.000000 0.000000 0.000000
0.340889 -0.837811 0.800000 -0.806568 0.827074 0.000000 0.000000 0.000000
0.332862 -0.829501 0.800000 -0.798740 0.834982 0.000000 0.000000 0.000000
0.324914 -0.821112 0.800000 -0.790833 0.842817 0.000000 0.000000 0.000000
0.317046 -0.812645 0.800000 -0.782848 0.850579 0.000000 0.000000 0.000000
0.309257 -0.804100 0.800000 -0.774784 0.858268 0.000000 0.000000 0.000000
0.301550 -0.795480 0.800000 -0.766644 0.865881 0.000000 0.000000 0.000000
0.293925 -0.786783 0.800000 -0.758426 0.873419 0.000000 0.000000 0.000000
0.286382 -0.778012 0.800000 -0.750133 0.880880 0.000000 0.000000 0.000000
0.278922 -0.769166 0.800000 -0.741764 0.888264 0.000000 0.000000 0.000000
0.271547 -0.760246 0.800000 -0.733321 0.895570 0.000000 0.000000 0.000000
0.264256 -0.751255 0.800000 -0.724804 0.902798 0.000000 0.000000 0.000000
0.257051 -0.742191 0.800000 -0.716214 0.909946 0.000000 0.000000 0.000000
0.249932 -0.733056 0.800000 -0.707552 0.917013 0.000000 0.000000 0.000000
0.242900 -0.723851 0.800000 -0.698818 0.924000 0.000000 0.000000 0.000000
0.235956 -0.714576 0.800000 -0.690013 0.930905 0.000000 0.000000 0.000000
0.229100 -0.705233 0.800000 -0.681138 0.937727 0.000000 0.000000 0.000000
0.222333 -0.695822 0.800000 -0.672193 0.944467 0.000000 0.000000 0.000000
0.215657 -0.686344 0.800000 -0.663180 0.951122 0.000000 0.000000 0.000000
0.209070 -0.676800 0.800000 -0.654099 0.957692 0.000000 0.000000 0.000000
0.202575 -0.667190 0.800000 -0.644951 0.964178 0.000000 0.000000 0.000000
0.196171 -0.657517 0.800000 -0.635736 0.970577 0.000000 0.000000 0.000000
0.189860 -0.647779 0.800000 -0.626456 0.976889 0.000000 0.000000 0.000000
0.183642 -0.637979 0.800000 -0.617112 0.983114 0.000000 0.000000 0.000000
0.177518 -0.628117 0.800000 -0.607703 0.989251 0.000000 0.000000 0.000000
0.171489 -0.618194 0.800000 -0.598232 0.995299 0.000000 0.000000 0.000000
0.165554 -0.608211 0.800000 -0.588698 1.001258 0.000000 0.000000 0.000000
0.159715 -0.598169 0.800000 -0.579103 1.007126 0.000000 0.000000 0.000000
0.153972 -0.588069 0.800000 -0.569447 1.012904 0.000000 0.000000 0.000000
0.148326 -0.577912 0.800000 -0.559732 1.018590 0.000000 0.000000 0.000000
0.142778 -0.567698 0.800000 -0.549957 1.024184 0.000000 0.000000 0.000000
0.137327 -0.557428 0.800000 -0.540125 1.029686 0.000000 0.000000 0.000000
0.131975 -0.547104 0.800000 -0.530235 1.035094 0.000000 0.000000 0.000000
0.126723 -0.536727 0.800000 -0.520289 1.040408 0.000000 0.000000 0.000000
0.121570 -0.526296 0.800000 -0.510288 1.045628 0.000000 0.000000 0.000000
0.116517 -0.515814 0.800000 -0.500233 1.050753 0.000000 0.000000 0.000000
0.111565 -0.505282 0.800000 -0.490123 1.055782 0.000000 0.000000 0.000000
0.106715 -0.494699 0.800000 -0.479961 1.060715 0.000000 0.000000 0.000000
0.101966 -0.484068 0.800000 -0.469747 1.065550 0.000000 0.000000 0.000000
0.097320 -0.473388 0.800000 -0.459483 1.070289 0.000000 0.000000 0.000000
0.092777 -0.462662 0.800000 -0.449168 1.074929 0.000000 0.000000 0.000000
0.088337 -0.451890 0.800000 -0.438804 1.079471 0.000000 0.000000 0.000000
0.084001 -0.441073 0.800000 -0.428392 1.083914 0.000000 0.000000 0.000000
0.079769 -0.430212 0.800000 -0.417933 1.088258 0.000000 0.000000 0.000000
0.075642 -0.419308 0.800000 -0.407428 1.092501 0.000000 0.000000 0.000000
0.071621 -0.408363 0.800000 -0.396877 1.096644 0.000000 0.000000 0.000000
0.067705 -0.397376 0.800000 -0.386282 1.100685 0.000000 0.000000 0.000000
0.063895 -0.386349 0.800000 -0.375644 1.104625 0.000000 0.000000 0.000000
0.060192 -0.375284 0.800000 -0.364963 1.108463 0.000000 0.000000 0.000000
0.056596 -0.364180 0.800000 -0.354241 1.112199 0.000000 0.000000 0.000000
0.053107 -0.353040 0.800000 -0.343479 1.115831 0.000000 0.000000 0.000000
0.049727 -0.341864 0.800000 -0.332676 1.119360 0.000000 0.000000 0.000000
0.046454 -0.330653 0.800000 -0.321836 1.122785 0.000000 0.000000 0.000000
0.043290 -0.319409 0.800000 -0.310958 1.126105 0.000000 0.000000 0.000000
0.040235 -0.308131 0.800000 -0.300043 1.129321 0.000000 0.000000 0.000000
0.037289 -0.296823 0.800000 -0.289093 1.132432 0.000000 0.000000 0.000000
0.034453 -0.285483 0.800000 -0.278108 1.135437 0.000000 0.000000 0.000000
0.031727 -0.274114 0.800000 -0.267090 1.138336 0.000000 0.000000 0.000000
0.029112 -0.262717 0.800000 -0.256039 1.141128 0.000000 0.000000 0.000000
0.026606 -0.251292 0.800000 -0.244957 1.143814 0.000000 0.000000 0.000000
0.024212 -0.239841 0.800000 -0.233845 1.146393 0.000000 0.000000 0.000000
0.021930 -0.228365 0.800000 -0.222703 1.148864 0.000000 0.000000 0.000000
0.019758 -0.216864 0.800000 -0.211533 1.151227 0.000000 0.000000 0.000000
0.017699 -0.205340 0.800000 -0.200335 1.153482 0.000000 0.000000 0.000000
0.015752 -0.193795 0.800000 -0.189111 1.155629 0.000000 0.000000 0.000000
0.013917 -0.182228 0.800000 -0.177862 1.157666 0.000000 0.000000 0.000000
0.012195 -0.170642 0.800000 -0.166589 1.159595 0.000000 0.000000 0.000000
0.010585 -0.159037 0.800000 -0.155293 1.161414 0.000000 0.000000 0.000000
0.009089 -0.147414 0.800000 -0.143974 1.163123 0.000000 0.000000 0.000000
0.007706 -0.135774 0.800000 -0.132635 1.164722 0.000000 0.000000 0.000000
0.006436 -0.124120 0.800000 -0.121275 1.166211 0.000000 0.000000 0.000000
0.005280 -0.112451 0.800000 -0.109897 1.167589 0.000000 0.000000 0.000000
0.004238 -0.100768 0.800000 -0.098501 1.168857 0.000000 0.000000 0.000000
0.003310 -0.089074 0.800000 -0.087088 1.170013 0.000000 0.000000 0.000000
0.002497 -0.077368 0.800000 -0.075660 1.171058 0.000000 0.000000 0.000000
0.001797 -0.065653 0.800000 -0.064217 1.171992 0.000000 0.000000 0.000000
0.001212 -0.053929 0.800000 -0.052760 1.172814 0.000000 0.000000 0.000000
0.000742 -0.042197 0.800000 -0.041292 1.173524 0.000000 0.000000 0.000000
0.000387 -0.030459 0.800000 -0.029812 1.174122 0.000000 0.000000 0.000000
0.000146 -0.018715 0.800000 -0.018321 1.174607 0.000000 0.000000 0.000000
0.000020 -0.006967 0.800000 -0.006822 1.174980 0.000000 0.000000 0.000000
0.000010 0.004784 0.800000 0.004685 1.175241 0.000000 0.000000 0.000000
0.000114 0.016537 0.800000 0.016200 1.175388 0.000000 0.000000 0.000000
0.000334 0.028292 0.800000 0.027720 1.175423 0.000000 0.000000 0.000000
0.000668 0.040045 0.800000 0.039245 1.175345 0.000000 0.000000 0.000000
0.001118 0.051798 0.800000 0.050773 1.175154 0.000000 0.000000 0.000000
0.001684 0.063548 0.800000 0.062304 1.174849 0.000000 0.000000 0.000000
0.002365 0.075295 0.800000 0.073836 1.174431 0.000000 0.000000 0.000000
0.003161 0.087036 0.800000 0.085368 1.173900 0.000000 0.000000 0.000000
0.004072 0.098772 0.800000 0.096900 1.173255 0.000000 0.000000 0.000000
0.005099 0.110501 0.800000 0.108429 1.172497 0.000000 0.000000 0.000000
0.006240 0.122222 0.800000 0.119956 1.171625 0.000000 0.000000 0.000000
0.007498 0.133933 0.800000 0.131478 1.170640 0.000000 0.000000 0.000000
0.008870 0.145634 0.800000 0.142995 1.169541 0.000000 0.000000 0.000000
0.010358 0.157324 0.800000 0.154505 1.168328 0.000000 0.000000 0.000000
0.011960 0.169000 0.800000 0.166008 1.167002 0.000000 0.000000 0.000000
0.013678 0.180663 0.800000 0.177502 1.165562 0.000000 0.000000 0.000000
0.015510 0.192311 0.800000 0.188986 1.164008 0.000000 0.000000 0.000000
0.017457 0.203943 0.800000 0.200459 1.162341 0.000000 0.000000 0.000000
0.019519 0.215558 0.800000 0.211920 1.160560 0.000000 0.000000 0.000000
0.021696 0.227154 0.800000 0.223368 1.158666 0.000000 0.000000 0.000000
0.023987 0.238731 0.800000 0.234802 1.156658 0.000000 0.000000 0.000000
0.026392 0.250287 0.800000 0.246220 1.154537 0.000000 0.000000 0.000000
0.028911 0.261821 0.800000 0.257621 1.152303 0.000000 0.000000 0.000000
0.031544 0.273332 0.800000 0.269005 1.149955 0.000000 0.000000 0.000000
0.034291 0.284820 0.800000 0.280369 1.147495 0.000000 0.000000 0.000000
0.037151 0.296282 0.800000 0.291714 1.144921 0.000000 0.000000 0.000000
0.040125 0.307718 0.800000 0.303038 1.142235 0.000000 0.000000 0.000000
0.043212 0.319126 0.800000 0.314339 1.139436 0.000000 0.000000 0.000000
0.046412 0.330506 0.800000 0.325617 1.136525 0.000000 0.000000 0.000000
0.049724 0.341856 0.800000 0.336871 1.133501 0.000000 0.000000 0.000000
0.053149 0.353176 0.800000 0.348099 1.130365 0.000000 0.000000 0.000000
0.056686 0.364463 0.800000 0.359300 1.127117 0.000000 0.000000 0.000000
0.060335 0.375718 0.800000 0.370473 1.123757 0.000000 0.000000 0.000000
0.064096 0.386938 0.800000 0.381618 1.120286 0.000000 0.000000 0.000000
0.067967 0.398123 0.800000 0.392732 1.116703 0.000000 0.000000 0.000000
0.071950 0.409272 0.800000 0.403815 1.113009 0.000000 0.000000 0.000000
0.076044 0.420383 0.800000 0.414865 1.109205 0.000000 0.000000 0.000000
0.080247 0.431455 0.800000 0.425883 1.105289 0.000000 0.000000 0.000000
0.084561 0.442488 0.800000 0.436865 1.101264 0.000000 0.000000 0.000000
0.088984 0.453480 0.800000 0.447812 1.097128 0.000000 0.000000 0.000000
0.093517 0.464431 0.800000 0.458722 1.092882 0.000000 0.000000 0.000000
0.098159 0.475338 0.800000 0.469594 1.088527 0.000000 0.000000 0.000000
0.102909 0.486201 0.800000 0.480427 1.084063 0.000000 0.000000 0.000000
0.107767 0.497019 0.800000 0.491220 1.079490 0.000000 0.000000 0.000000
0.112733 0.507790 0.800000 0.501972 1.074809 0.000000 0.000000 0.000000
0.117806 0.518514 0.800000 0.512681 1.070019 0.000000 0.000000 0.000000
0.122987 0.529190 0.800000 0.523347 1.065121 0.000000 0.000000 0.000000
0.128273 0.539816 0.800000 0.533968 1.060116 0.000000 0.000000 0.000000
0.133666 0.550392 0.800000 0.544544 1.055004 0.000000 0.000000 0.000000
0.139164 0.560916 0.800000 0.555073 1.049786 0.000000 0.000000 0.000000
0.144767 0.571388 0.800000 0.565555 1.044461 0.000000 0.000000 0.000000
0.150475 0.581805 0.800000 0.575987 1.039030 0.000000 0.000000 0.000000
0.156287 0.592168 0.800000 0.586369 1.033494 0.000000 0.000000 0.000000
0.162202 0.602475 0.800000 0.596701 1.027852 0.000000 0.000000 0.000000
0.168221 0.612724 0.800000 0.606980 1.022106 0.000000 0.000000 0.000000
0.174342 0.622916 0.800000 0.617206 1.016257 0.000000 0.000000 0.000000
0.180565 0.633049 0.800000 0.627378 1.010303 0.000000 0.000000 0.000000
0.186889 0.643122 0.800000 0.637495 1.004246 0.000000 0.000000 0.000000
0.193314 0.653134 0.800000 0.647555 0.998087 0.000000 0.000000 0.000000
0.199840 0.663083 0.800000 0.657558 0.991825 0.000000 0.000000 0.000000
0.206465 0.672970 0.800000 0.667502 0.985462 0.000000 0.000000 0.000000
0.213190 0.682792 0.800000 0.677387 0.978998 0.000000 0.000000 0.000000
0.220013 0.692550 0.800000 0.687211 0.972433 0.000000 0.000000 0.000000
0.226934 0.702241 0.800000 0.696974 0.965768 0.000000 0.000000 0.000000
0.233952 0.711865 0.800000 0.706674 0.959004 0.000000 0.000000 0.000000
0.241067 0.721420 0.800000 0.716310 0.952141 0.000000 0.000000 0.000000
0.248278 0.730907 0.800000 0.725882 0.945179 0.000000 0.000000 0.000000
0.255584 0.740324 0.800000 0.735388 0.938119 0.000000 0.000000 0.000000
0.262986 0.749669 0.800000 0.744828 0.930963 0.000000 0.000000 0.000000
0.270481 0.758943 0.800000 0.754199 0.923710 0.000000 0.000000 0.000000
0.278069 0.768143 0.800000 0.763502 0.916361 0.000000 0.000000 0.000000
0.285751 0.777270 0.800000 0.772735 0.908916 0.000000 0.000000 0.000000
0.293524 0.786321 0.800000 0.781898 0.901377 0.000000 0.000000 0.000000
0.301388 0.795297 0.800000 0.790989 0.893744 0.000000 0.000000 0.000000
0.309343 0.804196 0.800000 0.800007 0.886018 0.000000 0.000000 0.000000
0.317388 0.813017 0.800000 0.808952 0.878199 0.000000 0.000000 0.000000
0.325522 0.821759 0.800000 0.817822 0.870288 0.000000 0.000000 0.000000
0.333744 0.830422 0.800000 0.826616 0.862285 0.000000 0.000000 0.000000
0.342054 0.839005 0.800000 0.835334 0.854192 0.000000 0.000000 0.000000
0.350451 0.847506 0.800000 0.843975 0.846009 0.000000 0.000000 0.000000
0.358933 0.855925 0.800000 0.852537 0.837737 0.000000 0.000000 0.000000
0.367501 0.864260 0.800000 0.861019 0.829377 0.000000 0.000000 0.000000
0.376154 0.872512 0.800000 0.869422 0.820929 0.000000 0.000000 0.000000
0.384889 0.880679 0.800000 0.877743 0.812394 0.000000 0.000000 0.000000
0.393708 0.888759 0.800000 0.885982 0.803772 0.000000 0.000000 0.000000
0.402609 0.896754 0.800000 0.894138 0.795066 0.000000 0.000000 0.000000
0.411591 0.904660 0.800000 0.902210 0.786274 0.000000 0.000000 0.000000
0.420653 0.912479 0.800000 0.910198 0.777399 0.000000 0.000000 0.000000
0.429794 0.920208 0.800000 0.918099 0.768441 0.000000 0.000000 0.000000
0.439014 0.927847 0.800000 0.925914 0.759400 0.000000 0.000000 0.000000
0.448312 0.935396 0.800000 0.933642 0.750278 0.000000 0.000000 0.000000
0.457687 0.942853 0.800000 0.941281 0.741076 0.000000 0.000000 0.000000
0.467138 0.950217 0.800000 0.948831 0.731794 0.000000 0.000000 0.000000
0.476663 0.957488 0.800000 0.956292 0.722433 0.000000 0.000000 0.000000
0.486263 0.964666 0.800000 0.963661 0.712993 0.000000 0.000000 0.000000
0.495936 0.971748 0.800000 0.970938 0.703477 0.000000 0.000000 0.000000
0.505682 0.978735 0.800000 0.978123 0.693884 0.000000 0.000000 0.000000
0.515498 0.985625 0.800000 0.985215 0.684216 0.000000 0.000000 0.000000
0.525386 0.992419 0.800000 0.992212 0.674474 0.000000 0.000000 0.000000
0.535342 0.999115 0.800000 0.999115 0.664658 0.000000 0.000000 0.000000
0.545368 1.005712 0.800000 1.005921 0.654769 0.000000 0.000000 0.000000
0.555460 1.012210 0.800000 1.012632 0.644808 0.000000 0.000000 0.000000
0.565620 1.018608 0.800000 1.019244 0.634777 0.000000 0.000000 0.000000
0.575845 1.024905 0.800000 1.025759 0.624675 0.000000 0.000000 0.000000
0.586135 1.031101 0.800000 1.032175 0.614505 0.000000 0.000000 0.000000
0.596488 1.037195 0.800000 1.038491 0.604266 0.000000 0.000000 0.000000
0.606904 1.043186 0.800000 1.044707 0.593961 0.000000 0.000000 0.000000
0.617382 1.049074 0.800000 1.050822 0.583589 0.000000 0.000000 0.000000
0.627920 1.054858 0.800000 1.056836 0.573152 0.000000 0.000000 0.000000
0.638518 1.060537 0.800000 1.062746 0.562651 0.000000 0.000000 0.000000
0.649175 1.066111 0.800000 1.068554 0.552087 0.000000 0.000000 0.000000
0.659889 1.071578 0.800000 1.074257 0.541461 0.000000 0.000000 0.000000
0.670660 1.076940 0.800000 1.079856 0.530774 0.000000 0.000000 0.000000
0.681486 1.082194 0.800000 1.085350 0.520027 0.000000 0.000000 0.000000
0.692366 1.087340 0.800000 1.090738 0.509220 0.000000 0.000000 0.000000
0.703300 1.092378 0.800000 1.096019 0.498355 0.000000 0.000000 0.000000
0.714286 1.097307 0.800000 1.101193 0.487434 0.000000 0.000000 0.000000
0.725324 1.102126 0.800000 1.106259 0.476456 0.000000 0.000000 0.000000
0.736411 1.106836 0.800000 1.111217 0.465424 0.000000 0.000000 0.000000
0.747548 1.111435 0.800000 1.116066 0.454338 0.000000 0.000000 0.000000
0.758732 1.115922 0.800000 1.120804 0.443198 0.000000 0.000000 0.000000
0.769963 1.120298 0.800000 1.125433 0.432008 0.000000 0.000000 0.000000
0.781240 1.124562 0.800000 1.129951 0.420766 0.000000 0.000000 0.000000
0.792562 1.128714 0.800000 1.134357 0.409475 0.000000 0.000000 0.000000
0.803927 1.132752 0.800000 1.138651 0.398136 0.000000 0.000000 0.000000
0.815335 1.136676 0.800000 1.142833 0.386749 0.000000 0.000000 0.000000
0.826783 1.140486 0.800000 1.146902 0.375316 0.000000 0.000000 0.000000
0.838272 1.144182 0.800000 1.150857 0.363838 0.000000 0.000000 0.000000
0.849800 1.147763 0.800000 1.154697 0.352316 0.000000 0.000000 0.000000
0.861366 1.151228 0.800000 1.158424 0.340751 0.000000 0.000000 0.000000
0.872968 1.154578 0.800000 1.162035 0.329144 0.000000 0.000000 0.000000
0.884606 1.157811 0.800000 1.165530 0.317496 0.000000 0.000000 0.000000
0.896279 1.160928 0.800000 1.168909 0.305810 0.000000 0.000000 0.000000
0.907984 1.163927 0.800000 1.172172 0.294084 0.000000 0.000000 0.000000
0.919722 1.166809 0.800000 1.175317 0.282322 0.000000 0.000000 0.000000
0.931490 1.169574 0.800000 1.178345 0.270524 0.000000 0.000000 0.000000
0.943288 1.172220 0.800000 1.181256 0.258691 0.000000 0.000000 0.000000
0.955115 1.174747 0.800000 1.184047 0.246824 0.000000 0.000000 0.000000
0.966969 1.177156 0.800000 1.186720 0.234925 0.000000 0.000000 0.000000
0.978849 1.179446 0.800000 1.189274 0.222994 0.000000 0.000000 0.000000
0.990754 1.181616 0.800000 1.191709 0.211034 0.000000 0.000000 0.000000
1.002682 1.183666 0.800000 1.194023 0.199044 0.000000 0.000000 0.000000
1.014634 1.185597 0.800000 1.196218 0.187027 0.000000 0.000000 0.000000
1.026606 1.187407 0.800000 1.198291 0.174983 0.000000 0.000000 0.000000
1.038599 1.189096 0.800000 1.200244 0.162914 0.000000 0.000000 0.000000
1.050611 1.190665 0.800000 1.202075 0.150821 0.000000 0.000000 0.000000
1.062640 1.192113 0.800000 1.203785 0.138705 0.000000 0.000000 0.000000
1.074686 1.193439 0.800000 1.205373 0.126567 0.000000 0.000000 0.000000
1.086747 1.194644 0.800000 1.206839 0.114409 0.000000 0.000000 0.000000
1.098823 1.195727 0.800000 1.208183 0.102231 0.000000 0.000000 0.000000
1.110911 1.196688 0.800000 1.209403 0.090036 0.000000 0.000000 0.000000
1.123010 1.197528 0.800000 1.210501 0.077824 0.000000 0.000000 0.000000
1.135120 1.198245 0.800000 1.211475 0.065596 0.000000 0.000000 0.000000
1.147239 1.198840 0.800000 1.212327 0.053354 0.000000 0.000000 0.000000
1.159366 1.199312 0.800000 1.213054 0.041099 0.000000 0.000000 0.000000
1.171500 1.199662 0.800000 1.213658 0.028833 0.000000 0.000000 0.000000
1.183639 1.199888 0.800000 1.214137 0.016555 0.000000 0.000000 0.000000
1.195782 1.199993 0.800000 1.214492 0.004269 0.000000 0.000000 0.000000
1.207928 1.199974 0.800000 1.214723 -0.008026 0.000000 0.000000 0.000000
1.220076 1.199832 0.800000 1.214830 -0.020327 0.000000 0.000000 0.000000
1.232225 1.199567 0.800000 1.214812 -0.032634 0.000000 0.000000 0.000000
1.244372 1.199179 0.800000 1.214669 -0.044945 0.000000 0.000000 0.000000
1.256518 1.198668 0.800000 1.214401 -0.057259 0.000000 0.000000 0.000000
1.268660 1.198034 0.800000 1.214008 -0.069575 0.000000 0.000000 0.000000
1.280797 1.197277 0.800000 1.213490 -0.081892 0.000000 0.000000 0.000000
1.292929 1.196396 0.800000 1.212847 -0.094207 0.000000 0.000000 0.000000
1.305054 1.195393 0.800000 1.212078 -0.106520 0.000000 0.000000 0.000000
1.317170 1.194266 0.800000 1.211185 -0.118830 0.000000 0.000000 0.000000
1.329277 1.193016 0.800000 1.210166 -0.131136 0.000000 0.000000 0.000000
1.341373 1.191643 0.800000 1.209021 -0.143435 0.000000 0.000000 0.000000
1.353457 1.190147 0.800000 1.207752 -0.155727 0.000000 0.000000 0.000000
1.365528 1.188529 0.800000 1.206357 -0.168011 0.000000 0.000000 0.000000
1.377584 1.186787 0.800000 1.204836 -0.180285 0.000000 0.000000 0.000000
1.389624 1.184923 0.800000 1.203191 -0.192548 0.000000 0.000000 0.000000
1.401647 1.182936 0.800000 1.201420 -0.204798 0.000000 0.000000 0.000000
1.413652 1.180827 0.800000 1.199524 -0.217035 0.000000 0.000000 0.000000
1.425637 1.178596 0.800000 1.197502 -0.229257 0.000000 0.000000 0.000000
1.437602 1.176242 0.800000 1.195356 -0.241463 0.000000 0.000000 0.000000
1.449544 1.173766 0.800000 1.193085 -0.253651 0.000000 0.000000 0.000000
1.461463 1.171169 0.800000 1.190689 -0.265821 0.000000 0.000000 0.000000
1.473357 1.168450 0.800000 1.188168 -0.277970 0.000000 0.000000 0.000000
1.485226 1.165610 0.800000 1.185522 -0.290099 0.000000 0.000000 0.000000
1.497067 1.162648 0.800000 1.182752 -0.302204 0.000000 0.000000 0.000000
1.508881 1.159566 0.800000 1.179858 -0.314286 0.000000 0.000000 0.000000
1.520664 1.156363 0.800000 1.176840 -0.326343 0.000000 0.000000 0.000000
1.532417 1.153039 0.800000 1.173698 -0.338373 0.000000 0.000000 0.000000
1.544138 1.149595 0.800000 1.170432 -0.350375 0.000000 0.000000 0.000000
1.555825 1.146032 0.800000 1.167042 -0.362349 0.000000 0.000000 0.000000
1.567478 1.142348 0.800000 1.163529 -0.374292 0.000000 0.000000 0.000000
1.579095 1.138546 0.800000 1.159894 -0.386203 0.000000 0.000000 0.000000
1.590676 1.134624 0.800000 1.156135 -0.398082 0.000000 0.000000 0.000000
1.602218 1.130584 0.800000 1.152254 -0.409927 0.000000 0.000000 0.000000
1.613720 1.126426 0.800000 1.148250 -0.421736 0.000000 0.000000 0.000000
1.625182 1.122150 0.800000 1.144125 -0.433509 0.000000 0.000000 0.000000
1.636602 1.117756 0.800000 1.139878 -0.445243 0.000000 0.000000 0.000000
1.647979 1.113245 0.800000 1.135510 -0.456939 0.000000 0.000000 0.000000
1.659312 1.108617 0.800000 1.131021 -0.468594 0.000000 0.000000 0.000000
1.670599 1.103873 0.800000 1.126411 -0.480208 0.000000 0.000000 0.000000
1.681840 1.099013 0.800000 1.121680 -0.491778 0.000000 0.000000 0.000000
1.693033 1.094038 0.800000 1.116830 -0.503304 0.000000 0.000000 0.000000
1.704176 1.088947 0.800000 1.111861 -0.514785 0.000000 0.000000 0.000000
1.715269 1.083742 0.800000 1.106772 -0.526219 0.000000 0.000000 0.000000
1.726311 1.078423 0.800000 1.101564 -0.537605 0.000000 0.000000 0.000000
1.737300 1.072990 0.800000 1.096238 -0.548942 0.000000 0.000000 0.000000
1.748236 1.067444 0.800000 1.090795 -0.560228 0.000000 0.000000 0.000000
1.759116 1.061786 0.800000 1.085234 -0.571463 0.000000 0.000000 0.000000
1.769940 1.056015 0.800000 1.079556 -0.582645 0.000000 0.000000 0.000000
1.780707 1.050133 0.800000 1.073761 -0.593772 0.000000 0.000000 0.000000
1.791415 1.044140 0.800000 1.067851 -0.604845 0.000000 0.000000 0.000000
1.802063 1.038037 0.800000 1.061825 -0.615861 0.000000 0.000000 0.000000
1.812651 1.031823 0.800000 1.055684 -0.626818 0.000000 0.000000 0.000000
1.823177 1.025500 0.800000 1.049429 -0.637717 0.000000 0.000000 0.000000
1.833639 1.019069 0.800000 1.043060 -0.648556 0.000000 0.000000 0.000000
1.844037 1.012529 0.800000 1.036577 -0.659333 0.000000 0.000000 0.000000
1.854370 1.005883 0.800000 1.029982 -0.670048 0.000000 0.000000 0.000000
1.864637 0.999129 0.800000 1.023274 -0.680699 0.000000 0.000000 0.000000
1.874835 0.992269 0.800000 1.016455 -0.691284 0.000000 0.000000 0.000000
1.884965 0.985303 0.800000 1.009525 -0.701804 0.000000 0.000000 0.000000
1.895025 0.978233 0.800000 1.002485 -0.712256 0.000000 0.000000 0.000000
1.905015 0.971058 0.800000 0.995335 -0.722640 0.000000 0.000000 0.000000
1.914932 0.963780 0.800000 0.988076 -0.732954 0.000000 0.000000 0.000000
1.924776 0.956400 0.800000 0.980708 -0.743197 0.000000 0.000000 0.000000
1.934546 0.948917 0.800000 0.973233 -0.753368 0.000000 0.000000 0.000000
1.944240 0.941332 0.800000 0.965650 -0.763466 0.000000 0.000000 0.000000
1.953858 0.933648 0.800000 0.957961 -0.773490 0.000000 0.000000 0.000000
1.963399 0.925863 0.800000 0.950167 -0.783438 0.000000 0.000000 0.000000
1.972861 0.917979 0.800000 0.942267 -0.793310 0.000000 0.000000 0.000000
1.982244 0.909997 0.800000 0.934263 -0.803104 0.000000 0.000000 0.000000
1.991546 0.901917 0.800000 0.926156 -0.812819 0.000000 0.000000 0.000000
2.000767 0.893741 0.800000 0.917946 -0.822454 0.000000 0.000000 0.000000
2.009905 0.885468 0.800000 0.909634 -0.832008 0.000000 0.000000 0.000000
2.018959 0.877101 0.800000 0.901221 -0.841480 0.000000 0.000000 0.000000
2.027929 0.868639 0.800000 0.892708 -0.850869 0.000000 0.000000 0.000000
2.036813 0.860084 0.800000 0.884094 -0.860174 0.000000 0.000000 0.000000
2.045610 0.851436 0.800000 0.875383 -0.869393 0.000000 0.000000 0.000000
2.054320 0.842696 0.800000 0.866573 -0.878526 0.000000 0.000000 0.000000
2.062942 0.833866 0.800000 0.857666 -0.887571 0.000000 0.000000 0.000000
2.071473 0.824945 0.800000 0.848662 -0.896528 0.000000 0.000000 0.000000
2.079914 0.815935 0.800000 0.839564 -0.905395 0.000000 0.000000 0.000000
2.088264 0.806837 0.800000 0.830370 -0.914172 0.000000 0.000000 0.000000
2.096522 0.797652 0.800000 0.821083 -0.922857 0.000000 0.000000 0.000000
2.104686 0.788381 0.800000 0.811704 -0.931449 0.000000 0.000000 0.000000
2.112755 0.779024 0.800000 0.802232 -0.939948 0.000000 0.000000 0.000000
2.120730 0.769582 0.800000 0.792669 -0.948352 0.000000 0.000000 0.000000
2.128608 0.760057 0.800000 0.783017 -0.956660 0.000000 0.000000 0.000000
2.136390 0.750449 0.800000 0.773275 -0.964872 0.000000 0.000000 0.000000
2.144074 0.740760 0.800000 0.763446 -0.972986 0.000000 0.000000 0.000000
2.151659 0.730990 0.800000 0.753529 -0.981001 0.000000 0.000000 0.000000
2.159144 0.721140 0.800000 0.743525 -0.988917 0.000000 0.000000 0.000000
2.166529 0.711212 0.800000 0.733437 -0.996733 0.000000 0.000000 0.000000
2.173812 0.701206 0.800000 0.723265 -1.004447 0.000000 0.000000 0.000000
2.180994 0.691123 0.800000 0.713009 -1.012059 0.000000 0.000000 0.000000
2.188072 0.680965 0.800000 0.702671 -1.019567 0.000000 0.000000 0.000000
2.195047 0.670732 0.800000 0.692251 -1.026971 0.000000 0.000000 0.000000
2.201917 0.660426 0.800000 0.681752 -1.034271 0.000000 0.000000 0.000000
2.208682 0.650047 0.800000 0.671174 -1.041464 0.000000 0.000000 0.000000
2.215340 0.639597 0.800000 0.660517 -1.048550 0.000000 0.000000 0.000000
2.221892 0.629076 0.800000 0.649784 -1.055529 0.000000 0.000000 0.000000
2.228336 0.618487 0.800000 0.638974 -1.062399 0.000000 0.000000 0.000000
2.234671 0.607829 0.800000 0.628090 -1.069160 0.000000 0.000000 0.000000
2.240897 0.597104 0.800000 0.617132 -1.075811 0.000000 0.000000 0.000000
2.247013 0.586313 0.800000 0.606101 -1.082350 0.000000 0.000000 0.000000
2.253019 0.575457 0.800000 0.594999 -1.088778 0.000000 0.000000 0.000000
2.258913 0.564538 0.800000 0.583826 -1.095093 0.000000 0.000000 0.000000
2.264695 0.553556 0.800000 0.572584 -1.101294 0.000000 0.000000 0.000000
2.270365 0.542512 0.800000 0.561274 -1.107381 0.000000 0.000000 0.000000
2.275921 0.531409 0.800000 0.549897 -1.113354 0.000000 0.000000 0.000000
2.281362 0.520246 0.800000 0.538454 -1.119210 0.000000 0.000000 0.000000
2.286689 0.509025 0.800000 0.526947 -1.124950 0.000000 0.000000 0.000000
2.291901 0.497747 0.800000 0.515376 -1.130573 0.000000 0.000000 0.000000
2.296997 0.486414 0.800000 0.503742 -1.136077 0.000000 0.000000 0.000000
2.301976 0.475026 0.800000 0.492048 -1.141463 0.000000 0.000000 0.000000
2.306837 0.463585 0.800000 0.480293 -1.146730 0.000000 0.000000 0.000000
2.311581 0.452092 0.800000 0.468480 -1.151876 0.000000 0.000000 0.000000
2.316207 0.440548 0.800000 0.456609 -1.156902 0.000000 0.000000 0.000000
2.320713 0.428954 0.800000 0.444682 -1.161806 0.000000 0.000000 0.000000
2.325100 0.417312 0.800000 0.432700 -1.166588 0.000000 0.000000 0.000000
2.329367 0.405623 0.800000 0.420664 -1.171248 0.000000 0.000000 0.000000
2.333513 0.393887 0.800000 0.408576 -1.175784 0.000000 0.000000 0.000000
2.337539 0.382107 0.800000 0.396436 -1.180196 0.000000 0.000000 0.000000
2.341442 0.370284 0.800000 0.384247 -1.184484 0.000000 0.000000 0.000000
2.345223 0.358418 0.800000 0.372008 -1.188646 0.000000 0.000000 0.000000
2.348882 0.346511 0.800000 0.359722 -1.192683 0.000000 0.000000 0.000000
2.352418 0.334565 0.800000 0.347390 -1.196594 0.000000 0.000000 0.000000
2.355830 0.322580 0.800000 0.335013 -1.200377 0.000000 0.000000 0.000000
2.359118 0.310558 0.800000 0.322592 -1.204034 0.000000 0.000000 0.000000
2.362281 0.298500 0.800000 0.310129 -1.207562 0.000000 0.000000 0.000000
2.365320 0.286407 0.800000 0.297625 -1.210962 0.000000 0.000000 0.000000
2.368234 0.274281 0.800000 0.285081 -1.214233 0.000000 0.000000 0.000000
2.371022 0.262123 0.800000 0.272498 -1.217375 0.000000 0.000000 0.000000
2.373684 0.249934 0.800000 0.259879 -1.220386 0.000000 0.000000 0.000000
2.376219 0.237715 0.800000 0.247224 -1.223268 0.000000 0.000000 0.000000
2.378628 0.225469 0.800000 0.234535 -1.226019 0.000000 0.000000 0.000000
2.380910 0.213195 0.800000 0.221812 -1.228638 0.000000 0.000000 0.000000
2.383064 0.200897 0.800000 0.209058 -1.231126 0.000000 0.000000 0.000000
2.385091 0.188573 0.800000 0.196274 -1.233482 0.000000 0.000000 0.000000
2.386989 0.176227 0.800000 0.183460 -1.235705 0.000000 0.000000 0.000000
2.388760 0.163860 0.800000 0.170619 -1.237796 0.000000 0.000000 0.000000
2.390402 0.151472 0.800000 0.157752 -1.239754 0.000000 0.000000 0.000000
2.391915 0.139065 0.800000 0.144860 -1.241578 0.000000 0.000000 0.000000
2.393299 0.126641 0.800000 0.131944 -1.243268 0.000000 0.000000 0.000000
2.394554 0.114200 0.800000 0.119006 -1.244824 0.000000 0.000000 0.000000
2.395679 0.101745 0.800000 0.106048 -1.246246 0.000000 0.000000 0.000000
2.396674 0.089276 0.800000 0.093070 -1.247533 0.000000 0.000000 0.000000
2.397540 0.076795 0.800000 0.080074 -1.248685 0.000000 0.000000 0.000000
2.398276 0.064302 0.800000 0.067062 -1.249702 0.000000 0.000000 0.000000
2.398881 0.051801 0.800000 0.054035 -1.250583 0.000000 0.000000 0.000000
2.399357 0.039291 0.800000 0.040994 -1.251329 0.000000 0.000000 0.000000
2.399701 0.026775 0.800000 0.027941 -1.251938 0.000000 0.000000 0.000000
2.399915 0.014253 0.800000 0.014877 -1.252412 0.000000 0.000000 0.000000
2.399999 0.001727 0.800000 0.001803 -1.252749 0.000000 0.000000 0.000000
2.399951 -0.010802 0.800000 -0.011279 -1.252949 0.000000 0.000000 0.000000
2.399773 -0.023331 0.800000 -0.024367 -1.253013 0.000000 0.000000 0.000000
2.399464 -0.035861 0.800000 -0.037460 -1.252940 0.000000 0.000000 0.000000
2.399024 -0.048390 0.800000 -0.050557 -1.252730 0.000000 0.000000 0.000000
2.398453 -0.060916 0.800000 -0.063657 -1.252383 0.000000 0.000000 0.000000
2.397751 -0.073437 0.800000 -0.076757 -1.251899 0.000000 0.000000 0.000000
2.396918 -0.085953 0.800000 -0.089857 -1.251278 0.000000 0.000000 0.000000
2.395954 -0.098462 0.800000 -0.102954 -1.250519 0.000000 0.000000 0.000000
2.394859 -0.110963 0.800000 -0.116049 -1.249623 0.000000 0.000000 0.000000
2.393633 -0.123454 0.800000 -0.129138 -1.248590 0.000000 0.000000 0.000000
2.392276 -0.135934 0.800000 -0.142221 -1.247419 0.000000 0.000000 0.000000
2.390788 -0.148402 0.800000 -0.155297 -1.246110 0.000000 0.000000 0.000000
2.389170 -0.160856 0.800000 -0.168363 -1.244665 0.000000 0.000000 0.000000
2.387421 -0.173295 0.800000 -0.181418 -1.243081 0.000000 0.000000 0.000000
2.385542 -0.185717 0.800000 -0.194461 -1.241361 0.000000 0.000000 0.000000
2.383532 -0.198122 0.800000 -0.207491 -1.239503 0.000000 0.000000 0.000000
2.381392 -0.210507 0.800000 -0.220506 -1.237508 0.000000 0.000000 0.000000
2.379122 -0.222871 0.800000 -0.233504 -1.235376 0.000000 0.000000 0.000000
2.376722 -0.235214 0.800000 -0.246485 -1.233106 0.000000 0.000000 0.000000
2.374192 -0.247533 0.800000 -0.259446 -1.230700 0.000000 0.000000 0.000000
2.371533 -0.259827 0.800000 -0.272386 -1.228157 0.000000 0.000000 0.000000
2.368745 -0.272096 0.800000 -0.285304 -1.225477 0.000000 0.000000 0.000000
2.365827 -0.284337 0.800000 -0.298198 -1.222661 0.000000 0.000000 0.000000
2.362781 -0.296548 0.800000 -0.311067 -1.219709 0.000000 0.000000 0.000000
2.359606 -0.308730 0.800000 -0.323909 -1.216620 0.000000 0.000000 0.000000
2.356303 -0.320880 0.800000 -0.336724 -1.213395 0.000000 0.000000 0.000000
2.352871 -0.332998 0.800000 -0.349509 -1.210035 0.000000 0.000000 0.000000
2.349313 -0.345081 0.800000 -0.362263 -1.206539 0.000000 0.000000 0.000000
2.345626 -0.357128 0.800000 -0.374984 -1.202908 0.000000 0.000000 0.000000
2.341813 -0.369138 0.800000 -0.387672 -1.199141 0.000000 0.000000 0.000000
2.337873 -0.381110 0.800000 -0.400325 -1.195241 0.000000 0.000000 0.000000
2.333807 -0.393043 0.800000 -0.412941 -1.191206 0.000000 0.000000 0.000000
2.329614 -0.404934 0.800000 -0.425518 -1.187036 0.000000 0.000000 0.000000
2.325296 -0.416783 0.800000 -0.438056 -1.182733 0.000000 0.000000 0.000000
2.320853 -0.428588 0.800000 -0.450553 -1.178297 0.000000 0.000000 0.000000
2.316285 -0.440349 0.800000 -0.463008 -1.173728 0.000000 0.000000 0.000000
2.311593 -0.452062 0.800000 -0.475419 -1.169026 0.000000 0.000000 0.000000
2.306777 -0.463729 0.800000 -0.487785 -1.164191 0.000000 0.000000 0.000000
2.301838 -0.475346 0.800000 -0.500103 -1.159225 0.000000 0.000000 0.000000
2.296775 -0.486913 0.800000 -0.512374 -1.154128 0.000000 0.000000 0.000000
2.291590 -0.498428 0.800000 -0.524595 -1.148899 0.000000 0.000000 0.000000
2.286284 -0.509890 0.800000 -0.536766 -1.143540 0.000000 0.000000 0.000000
2.280855 -0.521298 0.800000 -0.548884 -1.138051 0.000000 0.000000 0.000000
2.275306 -0.532651 0.800000 -0.560948 -1.132432 0.000000 0.000000 0.000000
2.269637 -0.543946 0.800000 -0.572957 -1.126684 0.000000 0.000000 0.000000
2.263847 -0.555184 0.800000 -0.584909 -1.120807 0.000000 0.000000 0.000000
2.257939 -0.566362 0.800000 -0.596804 -1.114803 0.000000 0.000000 0.000000
2.251911 -0.577480 0.800000 -0.608639 -1.108671 0.000000 0.000000 0.000000
2.245766 -0.588535 0.800000 -0.620414 -1.102412 0.000000 0.000000 0.000000
2.239503 -0.599527 0.800000 -0.632127 -1.096026 0.000000 0.000000 0.000000
2.233124 -0.610455 0.800000 -0.643776 -1.089515 0.000000 0.000000 0.000000
2.226628 -0.621317 0.800000 -0.655360 -1.082879 0.000000 0.000000 0.000000
2.220017 -0.632112 0.800000 -0.666879 -1.076118 0.000000 0.000000 0.000000
2.213291 -0.642839 0.800000 -0.678329 -1.069233 0.000000 0.000000 0.000000
2.206450 -0.653497 0.800000 -0.689711 -1.062224 0.000000 0.000000 0.000000
2.199497 -0.664083 0.800000 -0.701023 -1.055094 0.000000 0.000000 0.000000
2.192430 -0.674598 0.800000 -0.712263 -1.047841 0.000000 0.000000 0.000000
2.185251 -0.685040 0.800000 -0.723431 -1.040467 0.000000 0.000000 0.000000
2.177962 -0.695407 0.800000 -0.734524 -1.032972 0.000000 0.000000 0.000000
2.170561 -0.705699 0.800000 -0.745541 -1.025358 0.000000 0.000000 0.000000
2.163051 -0.715914 0.800000 -0.756482 -1.017624 0.000000 0.000000 0.000000
2.155432 -0.726051 0.800000 -0.767345 -1.009772 0.000000 0.000000 0.000000
2.147704 -0.736109 0.800000 -0.778128 -1.001803 0.000000 0.000000 0.000000
2.139870 -0.746087 0.800000 -0.788831 -0.993716 0.000000 0.000000 0.000000
2.131928 -0.755983 0.800000 -0.799452 -0.985514 0.000000 0.000000 0.000000
2.123881 -0.765796 0.800000 -0.809989 -0.977196 0.000000 0.000000 0.000000
2.115729 -0.775526 0.800000 -0.820442 -0.968765 0.000000 0.000000 0.000000
2.107472 -0.785171 0.800000 -0.830809 -0.960219 0.000000 0.000000 0.000000
2.099113 -0.794730 0.800000 -0.841090 -0.951561 0.000000 0.000000 0.000000
2.090651 -0.804202 0.800000 -0.851282 -0.942791 0.000000 0.000000 0.000000
2.082087 -0.813586 0.800000 -0.861384 -0.933910 0.000000 0.000000 0.000000
2.073423 -0.822880 0.800000 -0.871396 -0.924919 0.000000 0.000000 0.000000
2.064660 -0.832084 0.800000 -0.881315 -0.915819 0.000000 0.000000 0.000000
2.055797 -0.841196 0.800000 -0.891142 -0.906610 0.000000 0.000000 0.000000
2.046837 -0.850216 0.800000 -0.900874 -0.897295 0.000000 0.000000 0.000000
2.037780 -0.859142 0.800000 -0.910511 -0.887873 0.000000 0.000000 0.000000
2.028627 -0.867973 0.800000 -0.920051 -0.878345 0.000000 0.000000 0.000000
2.019380 -0.876708 0.800000 -0.929493 -0.868713 0.000000 0.000000 0.000000
2.010038 -0.885347 0.800000 -0.938836 -0.858978 0.000000 0.000000 0.000000
2.000603 -0.893887 0.800000 -0.948079 -0.849140 0.000000 0.000000 0.000000
1.991077 -0.902329 0.800000 -0.957221 -0.839200 0.000000 0.000000 0.000000
1.981459 -0.910671 0.800000 -0.966260 -0.829161 0.000000 0.000000 0.000000
1.971752 -0.918912 0.800000 -0.975195 -0.819021 0.000000 0.000000 0.000000
1.961956 -0.927051 0.800000 -0.984026 -0.808784 0.000000 0.000000 0.000000
1.952072 -0.935087 0.800000 -0.992751 -0.798449 0.000000 0.000000 0.000000
1.942101 -0.943020 0.800000 -1.001369 -0.788018 0.000000 0.000000 0.000000
1.932045 -0.950847 0.800000 -1.009879 -0.777492 0.000000 0.000000 0.000000
1.921904 -0.958569 0.800000 -1.018280 -0.766872 0.000000 0.000000 0.000000
1.911679 -0.966185 0.800000 -1.026571 -0.756159 0.000000 0.000000 0.000000
1.901373 -0.973692 0.800000 -1.034751 -0.745354 0.000000 0.000000 0.000000
1.890985 -0.981091 0.800000 -1.042818 -0.734459 0.000000 0.000000 0.000000
1.880517 -0.988381 0.800000 -1.050773 -0.723474 0.000000 0.000000 0.000000
1.869970 -0.995561 0.800000 -1.058613 -0.712401 0.000000 0.000000 0.000000
1.859345 -1.002629 0.800000 -1.066338 -0.701241 0.000000 0.000000 0.000000
1.848643 -1.009585 0.800000 -1.073946 -0.689994 0.000000 0.000000 0.000000
1.837866 -1.016428 0.800000 -1.081437 -0.678663 0.000000 0.000000 0.000000
1.827015 -1.023158 0.800000 -1.088811 -0.667248 0.000000 0.000000 0.000000
1.816090 -1.029773 0.800000 -1.096065 -0.655751 0.000000 0.000000 0.000000
1.805094 -1.036273 0.800000 -1.103199 -0.644173 0.000000 0.000000 0.000000
1.794027 -1.042656 0.800000 -1.110212 -0.632515 0.000000 0.000000 0.000000
1.782890 -1.048923 0.800000 -1.117103 -0.620778 0.000000 0.000000 0.000000
1.771685 -1.055072 0.800000 -1.123871 -0.608964 0.000000 0.000000 0.000000
1.760413 -1.061102 0.800000 -1.130516 -0.597073 0.000000 0.000000 0.000000
1.749075 -1.067013 0.800000 -1.137036 -0.585108 0.000000 0.000000 0.000000
1.737673 -1.072804 0.800000 -1.143430 -0.573070 0.000000 0.000000 0.000000
1.726207 -1.078474 0.800000 -1.149698 -0.560959 0.000000 0.000000 0.000000
1.714679 -1.084023 0.800000 -1.155839 -0.548777 0.000000 0.000000 0.000000
1.703091 -1.089449 0.800000 -1.161852 -0.536525 0.000000 0.000000 0.000000
1.691443 -1.094753 0.800000 -1.167737 -0.524206 0.000000 0.000000 0.000000
1.679736 -1.099933 0.800000 -1.173491 -0.511819 0.000000 0.000000 0.000000
1.667973 -1.104989 0.800000 -1.179116 -0.499366 0.000000 0.000000 0.000000
1.656155 -1.109920 0.800000 -1.184609 -0.486850 0.000000 0.000000 0.000000
1.644282 -1.114726 0.800000 -1.189970 -0.474271 0.000000 0.000000 0.000000
1.632356 -1.119405 0.800000 -1.195199 -0.461630 0.000000 0.000000 0.000000
1.620378 -1.123958 0.800000 -1.200294 -0.448929 0.000000 0.000000 0.000000
1.608350 -1.128384 0.800000 -1.205255 -0.436169 0.000000 0.000000 0.000000
1.596273 -1.132682 0.800000 -1.210081 -0.423352 0.000000 0.000000 0.000000
1.584149 -1.136851 0.800000 -1.214772 -0.410479 0.000000 0.000000 0.000000
1.571978 -1.140891 0.800000 -1.219327 -0.397552 0.000000 0.000000 0.000000
1.559763 -1.144802 0.800000 -1.223745 -0.384572 0.000000 0.000000 0.000000
1.547504 -1.148582 0.800000 -1.228026 -0.371540 0.000000 0.000000 0.000000
1.535203 -1.152232 0.800000 -1.232168 -0.358458 0.000000 0.000000 0.000000
1.522861 -1.155751 0.800000 -1.236172 -0.345327 0.000000 0.000000 0.000000
1.510480 -1.159139 0.800000 -1.240037 -0.332149 0.000000 0.000000 0.000000
1.498061 -1.162394 0.800000 -1.243762 -0.318925 0.000000 0.000000 0.000000
1.485605 -1.165517 0.800000 -1.247346 -0.305657 0.000000 0.000000 0.000000
1.473114 -1.168507 0.800000 -1.250789 -0.292346 0.000000 0.000000 0.000000
1.460590 -1.171364 0.800000 -1.254091 -0.278994 0.000000 0.000000 0.000000
1.448033 -1.174087 0.800000 -1.257251 -0.265602 0.000000 0.000000 0.000000
1.435445 -1.176676 0.800000 -1.260269 -0.252172 0.000000 0.000000 0.000000
1.422828 -1.179130 0.800000 -1.263143 -0.238705 0.000000 0.000000 0.000000
1.410183 -1.181450 0.800000 -1.265874 -0.225202 0.000000 0.000000 0.000000
1.397511 -1.183634 0.800000 -1.268461 -0.211666 0.000000 0.000000 0.000000
1.384814 -1.185683 0.800000 -1.270904 -0.198098 0.000000 0.000000 0.000000
1.372093 -1.187596 0.800000 -1.273202 -0.184499 0.000000 0.000000 0.000000
1.359351 -1.189373 0.800000 -1.275354 -0.170870 0.000000 0.000000 0.000000
1.346587 -1.191013 0.800000 -1.277362 -0.157214 0.000000 0.000000 0.000000
1.333804 -1.192517 0.800000 -1.279223 -0.143532 0.000000 0.000000 0.000000
1.321003 -1.193884 0.800000 -1.280938 -0.129826 0.000000 0.000000 0.000000
1.308186 -1.195113 0.800000 -1.282506 -0.116097 0.000000 0.000000 0.000000
1.295353 -1.196206 0.800000 -1.283927 -0.102346 0.000000 0.000000 0.000000
1.282507 -1.197160 0.800000 -1.285201 -0.088575 0.000000 0.000000 0.000000
1.269650 -1.197977 0.800000 -1.286328 -0.074786 0.000000 0.000000 0.000000
1.256781 -1.198656 0.800000 -1.287306 -0.060981 0.000000 0.000000 0.000000
1.243904 -1.199197 0.800000 -1.288137 -0.047160 0.000000 0.000000 0.000000
1.231019 -1.199599 0.800000 -1.288819 -0.033326 0.000000 0.000000 0.000000
1.218128 -1.199863 0.800000 -1.289353 -0.019480 0.000000 0.000000 0.000000
1.205233 -1.199989 0.800000 -1.289738 -0.005624 0.000000 0.000000 0.000000
1.192334 -1.199976 0.800000 -1.289974 0.008241 0.000000 0.000000 0.000000
1.179434 -1.199824 0.800000 -1.290060 0.022113 0.000000 0.000000 0.000000
1.166533 -1.199533 0.800000 -1.289998 0.035991 0.000000 0.000000 0.000000
1.153634 -1.199104 0.800000 -1.289786 0.049872 0.000000 0.000000 0.000000
1.140738 -1.198536 0.800000 -1.289425 0.063756 0.000000 0.000000 0.000000
1.127846 -1.197829 0.800000 -1.288914 0.077641 0.000000 0.000000 0.000000
1.114960 -1.196983 0.800000 -1.288253 0.091524 0.000000 0.000000 0.000000
1.102082 -1.195998 0.800000 -1.287442 0.105405 0.000000 0.000000 0.000000
1.089212 -1.194875 0.800000 -1.286482 0.119282 0.000000 0.000000 0.000000
1.076352 -1.193613 0.800000 -1.285372 0.133153 0.000000 0.000000 0.000000
1.063505 -1.192212 0.800000 -1.284112 0.147017 0.000000 0.000000 0.000000
1.050671 -1.190672 0.800000 -1.282701 0.160871 0.000000 0.000000 0.000000
1.037851 -1.188994 0.800000 -1.281142 0.174715 0.000000 0.000000 0.000000
1.025048 -1.187178 0.800000 -1.279432 0.188547 0.000000 0.000000 0.000000
1.012263 -1.185224 0.800000 -1.277572 0.202365 0.000000 0.000000 0.000000
0.999497 -1.183131 0.800000 -1.275563 0.216167 0.000000 0.000000 0.000000
0.986753 -1.180900 0.800000 -1.273404 0.229952 0.000000 0.000000 0.000000
0.974030 -1.178532 0.800000 -1.271096 0.243718 0.000000 0.000000 0.000000
0.961331 -1.176026 0.800000 -1.268638 0.257464 0.000000 0.000000 0.000000
0.948658 -1.173383 0.800000 -1.266031 0.271188 0.000000 0.000000 0.000000
0.936011 -1.170602 0.800000 -1.263275 0.284888 0.000000 0.000000 0.000000
0.923393 -1.167685 0.800000 -1.260370 0.298563 0.000000 0.000000 0.000000
0.910804 -1.164631 0.800000 -1.257316 0.312211 0.000000 0.000000 0.000000
0.898247 -1.161441 0.800000 -1.254114 0.325831 0.000000 0.000000 0.000000
0.885722 -1.158115 0.800000 -1.250764 0.339420 0.000000 0.000000 0.000000
0.873232 -1.154653 0.800000 -1.247265 0.352978 0.000000 0.000000 0.000000
0.860777 -1.151055 0.800000 -1.243619 0.366502 0.000000 0.000000 0.000000
0.848360 -1.147323 0.800000 -1.239826 0.379991 0.000000 0.000000 0.000000
0.835981 -1.143456 0.800000 -1.235885 0.393443 0.000000 0.000000 0.000000
0.823643 -1.139454 0.800000 -1.231797 0.406858 0.000000 0.000000 0.000000
0.811346 -1.135318 0.800000 -1.227563 0.420232 0.000000 0.000000 0.000000
0.799092 -1.131049 0.800000 -1.223183 0.433565 0.000000 0.000000 0.000000
0.786883 -1.126647 0.800000 -1.218657 0.446855 0.000000 0.000000 0.000000
0.774719 -1.122113 0.800000 -1.213985 0.460100 0.000000 0.000000 0.000000
0.762604 -1.117445 0.800000 -1.209169 0.473299 0.000000 0.000000 0.000000
0.750537 -1.112647 0.800000 -1.204208 0.486451 0.000000 0.000000 0.000000
0.738520 -1.107717 0.800000 -1.199103 0.499552 0.000000 0.000000 0.000000
0.726555 -1.102656 0.800000 -1.193855 0.512603 0.000000 0.000000 0.000000
0.714643 -1.097465 0.800000 -1.188463 0.525601 0.000000 0.000000 0.000000
0.702786 -1.092144 0.800000 -1.182928 0.538545 0.000000 0.000000 0.000000
0.690985 -1.086694 0.800000 -1.177252 0.551433 0.000000 0.000000 0.000000
0.679242 -1.081116 0.800000 -1.171434 0.564263 0.000000 0.000000 0.000000
0.667557 -1.075409 0.800000 -1.165474 0.577035 0.000000 0.000000 0.000000
0.655933 -1.069575 0.800000 -1.159375 0.589746 0.000000 0.000000 0.000000
0.644370 -1.063614 0.800000 -1.153135 0.602396 0.000000 0.000000 0.000000
0.632870 -1.057527 0.800000 -1.146756 0.614981 0.000000 0.000000 0.000000
0.621435 -1.051315 0.800000 -1.140239 0.627502 0.000000 0.000000 0.000000
0.610066 -1.044977 0.800000 -1.133583 0.639955 0.000000 0.000000 0.000000
0.598764 -1.038516 0.800000 -1.126790 0.652341 0.000000 0.000000 0.000000
0.587531 -1.031931 0.800000 -1.119860 0.664657 0.000000 0.000000 0.000000
0.576367 -1.025223 0.800000 -1.112794 0.676901 0.000000 0.000000 0.000000
0.565275 -1.018393 0.800000 -1.105593 0.689073 0.000000 0.000000 0.000000
0.554256 -1.011442 0.800000 -1.098257 0.701170 0.000000 0.000000 0.000000
0.543311 -1.004370 0.800000 -1.090788 0.713192 0.000000 0.000000 0.000000
0.532441 -0.997178 0.800000 -1.083185 0.725136 0.000000 0.000000 0.000000
0.521647 -0.989868 0.800000 -1.075450 0.737002 0.000000 0.000000 0.000000
0.510932 -0.982438 0.800000 -1.067583 0.748787 0.000000 0.000000 0.000000
0.500296 -0.974892 0.800000 -1.059586 0.760491 0.000000 0.000000 0.000000
0.489741 -0.967229 0.800000 -1.051458 0.772111 0.000000 0.000000 0.000000
0.479267 -0.959450 0.800000 -1.043202 0.783647 0.000000 0.000000 0.000000
0.468877 -0.951556 0.800000 -1.034817 0.795096 0.000000 0.000000 0.000000
0.458571 -0.943548 0.800000 -1.026306 0.806458 0.000000 0.000000 0.000000
0.448351 -0.935427 0.800000 -1.017667 0.817731 0.000000 0.000000 0.000000
0.438219 -0.927194 0.800000 -1.008903 0.828913 0.000000 0.000000 0.000000
0.428174 -0.918849 0.800000 -1.000015 0.840004 0.000000 0.000000 0.000000
0.418219 -0.910394 0.800000 -0.991002 0.851002 0.000000 0.000000 0.000000
0.408354 -0.901830 0.800000 -0.981867 0.861904 0.000000 0.000000 0.000000
0.398582 -0.893157 0.800000 -0.972610 0.872711 0.000000 0.000000 0.000000
0.388902 -0.884376 0.800000 -0.963233 0.883420 0.000000 0.000000 0.000000
0.379317 -0.875489 0.800000 -0.953735 0.894031 0.000000 0.000000 0.000000
0.369828 -0.866496 0.800000 -0.944119 0.904541 0.000000 0.000000 0.000000
0.360435 -0.857398 0.800000 -0.934385 0.914950 0.000000 0.000000 0.000000
0.351141 -0.848197 0.800000 -0.924535 0.925257 0.000000 0.000000 0.000000
0.341945 -0.838893 0.800000 -0.914568 0.935459 0.000000 0.000000 0.000000
0.332850 -0.829488 0.800000 -0.904488 0.945555 0.000000 0.000000 0.000000
0.323856 -0.819983 0.800000 -0.894293 0.955545 0.000000 0.000000 0.000000
0.314964 -0.810378 0.800000 -0.883987 0.965426 0.000000 0.000000 0.000000
0.306176 -0.800674 0.800000 -0.873569 0.975199 0.000000 0.000000 0.000000
0.297493 -0.790874 0.800000 -0.863041 0.984860 0.000000 0.000000 0.000000
0.288916 -0.780978 0.800000 -0.852404 0.994410 0.000000 0.000000 0.000000
0.280446 -0.770986 0.800000 -0.841660 1.003847 0.000000 0.000000 0.000000
0.272083 -0.760901 0.800000 -0.830809 1.013169 0.000000 0.000000 0.000000
0.263830 -0.750723 0.800000 -0.819852 1.022376 0.000000 0.000000 0.000000
0.255686 -0.740454 0.800000 -0.808792 1.031466 0.000000 0.000000 0.000000
0.247654 -0.730094 0.800000 -0.797628 1.040438 0.000000 0.000000 0.000000
0.239734 -0.719645 0.800000 -0.786363 1.049290 0.000000 0.000000 0.000000
0.231927 -0.709109 0.800000 -0.774997 1.058023 0.000000 0.000000 0.000000
0.224235 -0.698485 0.800000 -0.763532 1.066634 0.000000 0.000000 0.000000
0.216657 -0.687777 0.800000 -0.751969 1.075122 0.000000 0.000000 0.000000
0.209196 -0.676983 0.800000 -0.740310 1.083486 0.000000 0.000000 0.000000
0.201851 -0.666107 0.800000 -0.728555 1.091725 0.000000 0.000000 0.000000
0.194625 -0.655149 0.800000 -0.716706 1.099839 0.000000 0.000000 0.000000
0.187517 -0.644111 0.800000 -0.704765 1.107825 0.000000 0.000000 0.000000
0.180530 -0.632993 0.800000 -0.692732 1.115683 0.000000 0.000000 0.000000
0.173663 -0.621798 0.800000 -0.680609 1.123411 0.000000 0.000000 0.000000
0.166918 -0.610525 0.800000 -0.668398 1.131010 0.000000 0.000000 0.000000
0.160295 -0.599178 0.800000 -0.656100 1.138477 0.000000 0.000000 0.000000
0.153796 -0.587756 0.800000 -0.643716 1.145811 0.000000 0.000000 0.000000
0.147421 -0.576262 0.800000 -0.631247 1.153012 0.000000 0.000000 0.000000
0.141171 -0.564697 0.800000 -0.618696 1.160079 0.000000 0.000000 0.000000
0.135048 -0.553061 0.800000 -0.606063 1.167010 0.000000 0.000000 0.000000
0.129051 -0.541357 0.800000 -0.593350 1.173805 0.000000 0.000000 0.000000
0.123181 -0.529585 0.800000 -0.580558 1.180463 0.000000 0.000000 0.000000
0.117440 -0.517748 0.800000 -0.567689 1.186982 0.000000 0.000000 0.000000
0.111827 -0.505846 0.800000 -0.554745 1.193363 0.000000 0.000000 0.000000
0.106345 -0.493881 0.800000 -0.541726 1.199603 0.000000 0.000000 0.000000
0.100993 -0.481855 0.800000 -0.528635 1.205702 0.000000 0.000000 0.000000
0.095773 -0.469768 0.800000 -0.515472 1.211660 0.000000 0.000000 0.000000
0.090684 -0.457622 0.800000 -0.502240 1.217474 0.000000 0.000000 0.000000
0.085728 -0.445419 0.800000 -0.488940 1.223146 0.000000 0.000000 0.000000
0.080905 -0.433159 0.800000 -0.475573 1.228673 0.000000 0.000000 0.000000
0.076217 -0.420846 0.800000 -0.462141 1.234055 0.000000 0.000000 0.000000
0.071663 -0.408479 0.800000 -0.448646 1.239290 0.000000 0.000000 0.000000
0.067244 -0.396060 0.800000 -0.435089 1.244380 0.000000 0.000000 0.000000
0.062961 -0.383592 0.800000 -0.421471 1.249321 0.000000 0.000000 0.000000
0.058815 -0.371074 0.800000 -0.407795 1.254115 0.000000 0.000000 0.000000
0.054805 -0.358510 0.800000 -0.394062 1.258760 0.000000 0.000000 0.000000
0.050934 -0.345900 0.800000 -0.380274 1.263255 0.000000 0.000000 0.000000
0.047200 -0.333245 0.800000 -0.366431 1.267600 0.000000 0.000000 0.000000
0.043605 -0.320548 0.800000 -0.352536 1.271793 0.000000 0.000000 0.000000
0.040150 -0.307810 0.800000 -0.338591 1.275835 0.000000 0.000000 0.000000
0.036834 -0.295032 0.800000 -0.324597 1.279725 0.000000 0.000000 0.000000
0.033658 -0.282216 0.800000 -0.310555 1.283462 0.000000 0.000000 0.000000
0.030623 -0.269363 0.800000 -0.296468 1.287046 0.000000 0.000000 0.000000
0.027729 -0.256476 0.800000 -0.282337 1.290475 0.000000 0.000000 0.000000
0.024976 -0.243554 0.800000 -0.268163 1.293750 0.000000 0.000000 0.000000
0.022365 -0.230601 0.800000 -0.253949 1.296870 0.000000 0.000000 0.000000
0.019897 -0.217617 0.800000 -0.239697 1.299834 0.000000 0.000000 0.000000
0.017572 -0.204605 0.800000 -0.225406 1.302642 0.000000 0.000000 0.000000
0.015389 -0.191565 0.800000 -0.211081 1.305293 0.000000 0.000000 0.000000
0.013350 -0.178500 0.800000 -0.196721 1.307787 0.000000 0.000000 0.000000
0.011455 -0.165410 0.800000 -0.182330 1.310123 0.000000 0.000000 0.000000
0.009704 -0.152298 0.800000 -0.167908 1.312302 0.000000 0.000000 0.000000
0.008097 -0.139164 0.800000 -0.153458 1.314322 0.000000 0.000000 0.000000
0.006635 -0.126012 0.800000 -0.138980 1.316183 0.000000 0.000000 0.000000
0.005317 -0.112841 0.800000 -0.124478 1.317884 0.000000 0.000000 0.000000
0.004145 -0.099655 0.800000 -0.109952 1.319427 0.000000 0.000000 0.000000
0.003118 -0.086453 0.800000 -0.095405 1.320809 0.000000 0.000000 0.000000
0.002237 -0.073239 0.800000 -0.080837 1.322031 0.000000 0.000000 0.000000
0.001502 -0.060013 0.800000 -0.066252 1.323092 0.000000 0.000000 0.000000
0.000912 -0.046778 0.800000 -0.051650 1.323993 0.000000 0.000000 0.000000
0.000469 -0.033534 0.800000 -0.037034 1.324732 0.000000 0.000000 0.000000
0.000171 -0.020284 0.800000 -0.022405 1.325311 0.000000 0.000000 0.000000
0.000021 -0.007028 0.800000 -0.007765 1.325727 0.000000 0.000000 0.000000
0.000016 0.006230 0.800000 0.006885 1.325982 0.000000 0.000000 0.000000
0.000158 0.019491 0.800000 0.021542 1.326075 0.000000 0.000000 0.000000
0.000447 0.032751 0.800000 0.036204 1.326006 0.000000 0.000000 0.000000
0.000882 0.046010 0.800000 0.050870 1.325774 0.000000 0.000000 0.000000
0.001464 0.059266 0.800000 0.065539 1.325381 0.000000 0.000000 0.000000
0.002193 0.072518 0.800000 0.080207 1.324824 0.000000 0.000000 0.000000
0.003069 0.085762 0.800000 0.094875 1.324105 0.000000 0.000000 0.000000
0.004091 0.098999 0.800000 0.109538 1.323224 0.000000 0.000000 0.000000
0.005259 0.112226 0.800000 0.124197 1.322180 0.000000 0.000000 0.000000
0.006575 0.125442 0.800000 0.138849 1.320973 0.000000 0.000000 0.000000
0.008036 0.138645 0.800000 0.153492 1.319603 0.000000 0.000000 0.000000
0.009644 0.151834 0.800000 0.168124 1.318071 0.000000 0.000000 0.000000
0.011399 0.165006 0.800000 0.182744 1.316376 0.000000 0.000000 0.000000
0.013299 0.178161 0.800000 0.197350 1.314518 0.000000 0.000000 0.000000
0.015346 0.191296 0.800000 0.211940 1.312498 0.000000 0.000000 0.000000
0.017538 0.204410 0.800000 0.226512 1.310316 0.000000 0.000000 0.000000
0.019876 0.217502 0.800000 0.241064 1.307971 0.000000 0.000000 0.000000
0.022359 0.230569 0.800000 0.255595 1.305464 0.000000 0.000000 0.000000
0.024988 0.243610 0.800000 0.270103 1.302795 0.000000 0.000000 0.000000
0.027761 0.256624 0.800000 0.284586 1.299964 0.000000 0.000000 0.000000
0.030679 0.269609 0.800000 0.299041 1.296972 0.000000 0.000000 0.000000
0.033742 0.282563 0.800000 0.313469 1.293818 0.000000 0.000000 0.000000
0.036949 0.295485 0.800000 0.327865 1.290502 0.000000 0.000000 0.000000
0.040299 0.308373 0.800000 0.342230 1.287026 0.000000 0.000000 0.000000
0.043793 0.321225 0.800000 0.356560 1.283390 0.000000 0.000000 0.000000
0.047430 0.334040 0.800000 0.370854 1.279593 0.000000 0.000000 0.000000
0.051210 0.346816 0.800000 0.385111 1.275636 0.000000 0.000000 0.000000
0.055132 0.359552 0.800000 0.399328 1.271519 0.000000 0.000000 0.000000
0.059196 0.372246 0.800000 0.413503 1.267243 0.000000 0.000000 0.000000
0.063402 0.384897 0.800000 0.427636 1.262808 0.000000 0.000000 0.000000
0.067749 0.397502 0.800000 0.441724 1.258214 0.000000 0.000000 0.000000
0.072236 0.410060 0.800000 0.455765 1.253462 0.000000 0.000000 0.000000
0.076864 0.422570 0.800000 0.469758 1.248553 0.000000 0.000000 0.000000
0.081631 0.435031 0.800000 0.483700 1.243486 0.000000 0.000000 0.000000
0.086538 0.447440 0.800000 0.497590 1.238263 0.000000 0.000000 0.000000
0.091583 0.459796 0.800000 0.511427 1.232883 0.000000 0.000000 0.000000
0.096766 0.472097 0.800000 0.525208 1.227347 0.000000 0.000000 0.000000
0.102087 0.484342 0.800000 0.538931 1.221657 0.000000 0.000000 0.000000
0.107545 0.496529 0.800000 0.552596 1.215812 0.000000 0.000000 0.000000
0.113139 0.508658 0.800000 0.566200 1.209812 0.000000 0.000000 0.000000
0.118869 0.520725 0.800000 0.579741 1.203660 0.000000 0.000000 0.000000
0.124733 0.532730 0.800000 0.593217 1.197354 0.000000 0.000000 0.000000
0.130733 0.544672 0.800000 0.606628 1.190897 0.000000 0.000000 0.000000
0.136866 0.556548 0.800000 0.619971 1.184287 0.000000 0.000000 0.000000
0.143132 0.568357 0.800000 0.633244 1.177527 0.000000 0.000000 0.000000
0.149530 0.580098 0.800000 0.646447 1.170617 0.000000 0.000000 0.000000
0.156061 0.591769 0.800000 0.659576 1.163558 0.000000 0.000000 0.000000
0.162722 0.603368 0.800000 0.672630 1.156349 0.000000 0.000000 0.000000
0.169513 0.614895 0.800000 0.685608 1.148993 0.000000 0.000000 0.000000
0.176434 0.626348 0.800000 0.698508 1.141490 0.000000 0.000000 0.000000
0.183483 0.637725 0.800000 0.711329 1.133840 0.000000 0.000000 0.000000
0.190660 0.649024 0.800000 0.724068 1.126045 0.000000 0.000000 0.000000
0.197964 0.660245 0.800000 0.736723 1.118105 0.000000 0.000000 0.000000
0.205394 0.671386 0.800000 0.749295 1.110022 0.000000 0.000000 0.000000
0.212949 0.682445 0.800000 0.761779 1.101795 0.000000 0.000000 0.000000
0.220629 0.693421 0.800000 0.774176 1.093427 0.000000 0.000000 0.000000
0.228433 0.704313 0.800000 0.786483 1.084917 0.000000 0.000000 0.000000
0.236359 0.715119 0.800000 0.798699 1.076267 0.000000 0.000000 0.000000
0.244406 0.725838 0.800000 0.810821 1.067478 0.000000 0.000000 0.000000
0.252575 0.736468 0.800000 0.822850 1.058550 0.000000 0.000000 0.000000
0.260863 0.747008 0.800000 0.834782 1.049486 0.000000 0.000000 0.000000
0.269270 0.757457 0.800000 0.846617 1.040285 0.000000 0.000000 0.000000
0.277795 0.767814 0.800000 0.858352 1.030948 0.000000 0.000000 0.000000
0.286437 0.778076 0.800000 0.869986 1.021478 0.000000 0.000000 0.000000
0.295194 0.788243 0.800000 0.881518 1.011874 0.000000 0.000000 0.000000
0.304067 0.798313 0.800000 0.892946 1.002139 0.000000 0.000000 0.000000
0.313053 0.808285 0.800000 0.904269 0.992272 0.000000 0.000000 0.000000
0.322152 0.818158 0.800000 0.915485 0.982276 0.000000 0.000000 0.000000
0.331362 0.827930 0.800000 0.926592 0.972150 0.000000 0.000000 0.000000
0.340683 0.837601 0.800000 0.937589 0.961898 0.000000 0.000000 0.000000
0.350114 0.847168 0.800000 0.948475 0.951519 0.000000 0.000000 0.000000
0.359652 0.856631 0.800000 0.959248 0.941014 0.000000 0.000000 0.000000
0.369298 0.865988 0.800000 0.969906 0.930386 0.000000 0.000000 0.000000
0.379050 0.875238 0.800000 0.980449 0.919635 0.000000 0.000000 0.000000
0.388907 0.884380 0.800000 0.990874 0.908762 0.000000 0.000000 0.000000
0.398867 0.893413 0.800000 1.001181 0.897769 0.000000 0.000000 0.000000
0.408930 0.902335 0.800000 1.011367 0.886658 0.000000 0.000000 0.000000
0.419094 0.911145 0.800000 1.021432 0.875428 0.000000 0.000000 0.000000
0.429358 0.919843 0.800000 1.031374 0.864082 0.000000 0.000000 0.000000
0.439721 0.928427 0.800000 1.041192 0.852621 0.000000 0.000000 0.000000
0.450182 0.936895 0.800000 1.050884 0.841046 0.000000 0.000000 0.000000
0.460738 0.945247 0.800000 1.060449 0.829359 0.000000 0.000000 0.000000
0.471390 0.953482 0.800000 1.069886 0.817561 0.000000 0.000000 0.000000
0.482136 0.961598 0.800000 1.079194 0.805653 0.000000 0.000000 0.000000
0.492974 0.969595 0.800000 1.088370 0.793637 0.000000 0.000000 0.000000
0.503903 0.977471 0.800000 1.097414 0.781514 0.000000 0.000000 0.000000
0.514922 0.985225 0.800000 1.106325 0.769286 0.000000 0.000000 0.000000
0.526029 0.992856 0.800000 1.115101 0.756954 0.000000 0.000000 0.000000
0.537223 1.000363 0.800000 1.123741 0.744519 0.000000 0.000000 0.000000
0.548503 1.007746 0.800000 1.132245 0.731984 0.000000 0.000000 0.000000
0.559868 1.015003 0.800000 1.140609 0.719349 0.000000 0.000000 0.000000
0.571315 1.022133 0.800000 1.148834 0.706616 0.000000 0.000000 0.000000
0.582844 1.029135 0.800000 1.156919 0.693786 0.000000 0.000000 0.000000
0.594453 1.036008 0.800000 1.164862 0.680862 0.000000 0.000000 0.000000
0.606141 1.042752 0.800000 1.172661 0.667844 0.000000 0.000000 0.000000
0.617906 1.049365 0.800000 1.180317 0.654735 0.000000 0.000000 0.000000
0.629746 1.055846 0.800000 1.187827 0.641535 0.000000 0.000000 0.000000
0.641662 1.062195 0.800000 1.195191 0.628247 0.000000 0.000000 0.000000
0.653650 1.068411 0.800000 1.202407 0.614872 0.000000 0.000000 0.000000
0.665709 1.074492 0.800000 1.209475 0.601411 0.000000 0.000000 0.000000
0.677839 1.080439 0.800000 1.216394 0.587867 0.000000 0.000000 0.000000
0.690037 1.086249 0.800000 1.223162 0.574240 0.000000 0.000000 0.000000
0.702301 1.091923 0.800000 1.229778 0.560533 0.000000 0.000000 0.000000
0.714632 1.097460 0.800000 1.236243 0.546747 0.000000 0.000000 0.000000
0.727026 1.102858 0.800000 1.242553 0.532884 0.000000 0.000000 0.000000
0.739482 1.108117 0.800000 1.248709 0.518946 0.000000 0.000000 0.000000
0.751999 1.113237 0.800000 1.254710 0.504934 0.000000 0.000000 0.000000
0.764576 1.118215 0.800000 1.260555 0.490850 0.000000 0.000000 0.000000
0.777210 1.123053 0.800000 1.266243 0.476696 0.000000 0.000000 0.000000
0.789900 1.127749 0.800000 1.271772 0.462473 0.000000 0.000000 0.000000
0.802645 1.132303 0.800000 1.277143 0.448183 0.000000 0.000000 0.000000
0.815443 1.136713 0.800000 1.282354 0.433829 0.000000 0.000000 0.000000
0.828291 1.140979 0.800000 1.287404 0.419411 0.000000 0.000000 0.000000
0.841190 1.145101 0.800000 1.292294 0.404932 0.000000 0.000000 0.000000
0.854137 1.149077 0.800000 1.297021 0.390393 0.000000 0.000000 0.000000
0.867130 1.152908 0.800000 1.301585 0.375796 0.000000 0.000000 0.000000
0.880168 1.156593 0.800000 1.305986 0.361144 0.000000 0.000000 0.000000
0.893249 1.160131 0.800000 1.310223 0.346437 0.000000 0.000000 0.000000
0.906372 1.163522 0.800000 1.314295 0.331677 0.000000 0.000000 0.000000
0.919535 1.166764 0.800000 1.318201 0.316868 0.000000 0.000000 0.000000
0.932735 1.169859 0.800000 1.321940 0.302009 0.000000 0.000000 0.000000
0.945973 1.172804 0.800000 1.325513 0.287104 0.000000 0.000000 0.000000
0.959245 1.175601 0.800000 1.328919 0.272153 0.000000 0.000000 0.000000
0.972551 1.178247 0.800000 1.332156 0.257160 0.000000 0.000000 0.000000
0.985888 1.180744 0.800000 1.335224 0.242125 0.000000 0.000000 0.000000
0.999254 1.183090 0.800000 1.338124 0.227052 0.000000 0.000000 0.000000
1.012650 1.185285 0.800000 1.340853 0.211940 0.000000 0.000000 0.000000
1.026071 1.187328 0.800000 1.343413 0.196793 0.000000 0.000000 0.000000
1.039517 1.189220 0.800000 1.345801 0.181613 0.000000 0.000000 0.000000
1.052986 1.190961 0.800000 1.348018 0.166401 0.000000 0.000000 0.000000
1.066477 1.192548 0.800000 1.350064 0.151159 0.000000 0.000000 0.000000
1.079987 1.193984 0.800000 1.351938 0.135890 0.000000 0.000000 0.000000
1.093515 1.195266 0.800000 1.353639 0.120594 0.000000 0.000000 0.000000
1.107059 1.196395 0.800000 1.355167 0.105275 0.000000 0.000000 0.000000
1.120618 1.197371 0.800000 1.356522 0.089933 0.000000 0.000000 0.000000
1.134189 1.198194 0.800000 1.357704 0.074572 0.000000 0.000000 0.000000
1.147771 1.198863 0.800000 1.358711 0.059192 0.000000 0.000000 0.000000
1.161363 1.199378 0.800000 1.359545 0.043797 0.000000 0.000000 0.000000
1.174962 1.199739 0.800000 1.360204 0.028387 0.000000 0.000000 0.000000
1.188566 1.199946 0.800000 1.360688 0.012965 0.000000 0.000000 0.000000
1.202175 1.199998 0.800000 1.360998 -0.002467 0.000000 0.000000 0.000000
1.215786 1.199896 0.800000 1.361132 -0.017907 0.000000 0.000000 0.000000
1.229397 1.199640 0.800000 1.361091 -0.033353 0.000000 0.000000 0.000000
1.243007 1.199229 0.800000 1.360875 -0.048804 0.000000 0.000000 0.000000
1.256614 1.198664 0.800000 1.360483 -0.064257 0.000000 0.000000 0.000000
1.270216 1.197944 0.800000 1.359916 -0.079710 0.000000 0.000000 0.000000
1.283812 1.197070 0.800000 1.359173 -0.095161 0.000000 0.000000 0.000000
1.297399 1.196041 0.800000 1.358254 -0.110609 0.000000 0.000000 0.000000
1.310976 1.194857 0.800000 1.357159 -0.126050 0.000000 0.000000 0.000000
1.324542 1.193520 0.800000 1.355888 -0.141484 0.000000 0.000000 0.000000
1.338093 1.192028 0.800000 1.354442 -0.156909 0.000000 0.000000 0.000000
1.351630 1.190382 0.800000 1.352819 -0.172321 0.000000 0.000000 0.000000
1.365149 1.188581 0.800000 1.351021 -0.187719 0.000000 0.000000 0.000000
1.378650 1.186627 0.800000 1.349047 -0.203102 0.000000 0.000000 0.000000
1.392129 1.184519 0.800000 1.346897 -0.218467 0.000000 0.000000 0.000000
1.405587 1.182258 0.800000 1.344572 -0.233812 0.000000 0.000000 0.000000
1.419020 1.179843 0.800000 1.342072 -0.249136 0.000000 0.000000 0.000000
1.432428 1.177275 0.800000 1.339396 -0.264435 0.000000 0.000000 0.000000
1.445808 1.174555 0.800000 1.336545 -0.279709 0.000000 0.000000 0.000000
1.459158 1.171681 0.800000 1.333520 -0.294954 0.000000 0.000000 0.000000
1.472477 1.168656 0.800000 1.330320 -0.310170 0.000000 0.000000 0.000000
1.485764 1.165478 0.800000 1.326945 -0.325354 0.000000 0.000000 0.000000
1.499016 1.162149 0.800000 1.323397 -0.340504 0.000000 0.000000 0.000000
1.512231 1.158668 0.800000 1.319675 -0.355618 0.000000 0.000000 0.000000
1.525409 1.155036 0.800000 1.315779 -0.370695 0.000000 0.000000 0.000000
1.538546 1.151254 0.800000 1.311710 -0.385731 0.000000 0.000000 0.000000
1.551642 1.147322 0.800000 1.307469 -0.400726 0.000000 0.000000 0.000000
1.564695 1.143240 0.800000 1.303055 -0.415676 0.000000 0.000000 0.000000
1.577703 1.139009 0.800000 1.298470 -0.430581 0.000000 0.000000 0.000000
1.590664 1.134628 0.800000 1.293713 -0.445438 0.000000 0.000000 0.000000
1.603577 1.130100 0.800000 1.288785 -0.460245 0.000000 0.000000 0.000000
1.616439 1.125424 0.800000 1.283686 -0.475001 0.000000 0.000000 0.000000
1.629250 1.120600 0.800000 1.278418 -0.489702 0.000000 0.000000 0.000000
1.642007 1.115630 0.800000 1.272980 -0.504348 0.000000 0.000000 0.000000
1.654709 1.110513 0.800000 1.267373 -0.518936 0.000000 0.000000 0.000000
1.667354 1.105251 0.800000 1.261598 -0.533465 0.000000 0.000000 0.000000
1.679940 1.099844 0.800000 1.255656 -0.547932 0.000000 0.000000 0.000000
1.692466 1.094293 0.800000 1.249546 -0.562335 0.000000 0.000000 0.000000
1.704931 1.088598 0.800000 1.243269 -0.576673 0.000000 0.000000 0.000000
1.717331 1.082760 0.800000 1.236827 -0.590943 0.000000 0.000000 0.000000
1.729667 1.076779 0.800000 1.230220 -0.605144 0.000000 0.000000 0.000000
1.741935 1.070657 0.800000 1.223449 -0.619274 0.000000 0.000000 0.000000
1.754135 1.064394 0.800000 1.216514 -0.633330 0.000000 0.000000 0.000000
1.766265 1.057991 0.800000 1.209416 -0.647311 0.000000 0.000000 0.000000
1.778323 1.051448 0.800000 1.202156 -0.661216 0.000000 0.000000 0.000000
1.790307 1.044767 0.800000 1.194734 -0.675041 0.000000 0.000000 0.000000
1.802217 1.037947 0.800000 1.187152 -0.688786 0.000000 0.000000 0.000000
1.814050 1.030991 0.800000 1.179411 -0.702447 0.000000 0.000000 0.000000
1.825805 1.023899 0.800000 1.171511 -0.716025 0.000000 0.000000 0.000000
1.837480 1.016671 0.800000 1.163453 -0.729516 0.000000 0.000000 0.000000
1.849073 1.009309 0.800000 1.155238 -0.742918 0.000000 0.000000 0.000000
1.860584 1.001813 0.800000 1.146867 -0.756231 0.000000 0.000000 0.000000
1.872010 0.994184 0.800000 1.138341 -0.769451 0.000000 0.000000 0.000000
1.883350 0.986424 0.800000 1.129661 -0.782578 0.000000 0.000000 0.000000
1.894603 0.978533 0.800000 1.120828 -0.795609 0.000000 0.000000 0.000000
1.905766 0.970512 0.800000 1.111843 -0.808543 0.000000 0.000000 0.000000
1.916839 0.962363 0.800000 1.102707 -0.821378 0.000000 0.000000 0.000000
1.927820 0.954085 0.800000 1.093421 -0.834112 0.000000 0.000000 0.000000
1.938707 0.945681 0.800000 1.083987 -0.846743 0.000000 0.000000 0.000000
1.949499 0.937151 0.800000 1.074404 -0.859269 0.000000 0.000000 0.000000
1.960195 0.928496 0.800000 1.064675 -0.871690 0.000000 0.000000 0.000000
1.970792 0.919717 0.800000 1.054801 -0.884002 0.000000 0.000000 0.000000
1.981290 0.910816 0.800000 1.044782 -0.896205 0.000000 0.000000 0.000000
1.991687 0.901793 0.800000 1.034620 -0.908296 0.000000 0.000000 0.000000
2.001982 0.892650 0.800000 1.024316 -0.920274 0.000000 0.000000 0.000000
2.012173 0.883388 0.800000 1.013872 -0.932138 0.000000 0.000000 0.000000
2.022259 0.874008 0.800000 1.003288 -0.943885 0.000000 0.000000 0.000000
2.032238 0.864511 0.800000 0.992567 -0.955514 0.000000 0.000000 0.000000
2.042110 0.854898 0.800000 0.981708 -0.967023 0.000000 0.000000 0.000000
2.051872 0.845171 0.800000 0.970714 -0.978411 0.000000 0.000000 0.000000
2.061524 0.835330 0.800000 0.959586 -0.989675 0.000000 0.000000 0.000000
2.071063 0.825378 0.800000 0.948325 -1.000815 0.000000 0.000000 0.000000
2.080490 0.815315 0.800000 0.936932 -1.011829 0.000000 0.000000 0.000000
2.089802 0.805142 0.800000 0.925410 -1.022716 0.000000 0.000000 0.000000
2.098997 0.794861 0.800000 0.913759 -1.033473 0.000000 0.000000 0.000000
2.108076 0.784473 0.800000 0.901980 -1.044099 0.000000 0.000000 0.000000
2.117037 0.773979 0.800000 0.890076 -1.054592 0.000000 0.000000 0.000000
2.125877 0.763381 0.800000 0.878048 -1.064952 0.000000 0.000000 0.000000
2.134597 0.752681 0.800000 0.865896 -1.075176 0.000000 0.000000 0.000000
2.143195 0.741878 0.800000 0.853624 -1.085264 0.000000 0.000000 0.000000
2.151669 0.730976 0.800000 0.841231 -1.095213 0.000000 0.000000 0.000000
2.160019 0.719974 0.800000 0.828721 -1.105022 0.000000 0.000000 0.000000
2.168243 0.708876 0.800000 0.816093 -1.114690 0.000000 0.000000 0.000000
2.176341 0.697681 0.800000 0.803351 -1.124216 0.000000 0.000000 0.000000
2.184310 0.686392 0.800000 0.790495 -1.133597 0.000000 0.000000 0.000000
2.192150 0.675010 0.800000 0.777527 -1.142833 0.000000 0.000000 0.000000
2.199860 0.663536 0.800000 0.764449 -1.151922 0.000000 0.000000 0.000000
2.207439 0.651972 0.800000 0.751262 -1.160863 0.000000 0.000000 0.000000
2.214885 0.640319 0.800000 0.737968 -1.169655 0.000000 0.000000 0.000000
2.222198 0.628579 0.800000 0.724568 -1.178296 0.000000 0.000000 0.000000
2.229376 0.616754 0.800000 0.711066 -1.186785 0.000000 0.000000 0.000000
2.236419 0.604844 0.800000 0.697461 -1.195120 0.000000 0.000000 0.000000
2.243325 0.592852 0.800000 0.683756 -1.203301 0.000000 0.000000 0.000000
2.250094 0.580778 0.800000 0.669952 -1.211327 0.000000 0.000000 0.000000
2.256724 0.568626 0.800000 0.656052 -1.219195 0.000000 0.000000 0.000000
2.263214 0.556395 0.800000 0.642057 -1.226905 0.000000 0.000000 0.000000
2.269564 0.544088 0.800000 0.627968 -1.234456 0.000000 0.000000 0.000000
2.275773 0.531706 0.800000 0.613789 -1.241846 0.000000 0.000000 0.000000
2.281840 0.519252 0.800000 0.599519 -1.249074 0.000000 0.000000 0.000000
2.287763 0.506726 0.800000 0.585162 -1.256140 0.000000 0.000000 0.000000
2.293543 0.494130 0.800000 0.570720 -1.263042 0.000000 0.000000 0.000000
2.299178 0.481465 0.800000 0.556193 -1.269779 0.000000 0.000000 0.000000
2.304666 0.468734 0.800000 0.541584 -1.276350 0.000000 0.000000 0.000000
2.310009 0.455939 0.800000 0.526894 -1.282754 0.000000 0.000000 0.000000
2.315204 0.443080 0.800000 0.512127 -1.288990 0.000000 0.000000 0.000000
2.320251 0.430160 0.800000 0.497282 -1.295057 0.000000 0.000000 0.000000
2.325149 0.417179 0.800000 0.482364 -1.300954 0.000000 0.000000 0.000000
2.329898 0.404141 0.800000 0.467372 -1.306680 0.000000 0.000000 0.000000
2.334497 0.391046 0.800000 0.452310 -1.312235 0.000000 0.000000 0.000000
2.338944 0.377897 0.800000 0.437180 -1.317616 0.000000 0.000000 0.000000
2.343240 0.364695 0.800000 0.421982 -1.322824 0.000000 0.000000 0.000000
2.347384 0.351441 0.800000 0.406720 -1.327858 0.000000 0.000000 0.000000
2.351374 0.338138 0.800000 0.391395 -1.332716 0.000000 0.000000 0.000000
2.355211 0.324787 0.800000 0.376009 -1.337398 0.000000 0.000000 0.000000
2.358894 0.311391 0.800000 0.360564 -1.341903 0.000000 0.000000 0.000000
2.362422 0.297950 0.800000 0.345063 -1.346230 0.000000 0.000000 0.000000
2.365795 0.284467 0.800000 0.329507 -1.350380 0.000000 0.000000 0.000000
2.369012 0.270943 0.800000 0.313899 -1.354350 0.000000 0.000000 0.000000
2.372073 0.257380 0.800000 0.298239 -1.358140 0.000000 0.000000 0.000000
2.374977 0.243781 0.800000 0.282532 -1.361749 0.000000 0.000000 0.000000
2.377724 0.230146 0.800000 0.266777 -1.365178 0.000000 0.000000 0.000000
2.380312 0.216478 0.800000 0.250979 -1.368425 0.000000 0.000000 0.000000
2.382743 0.202778 0.800000 0.235138 -1.371489 0.000000 0.000000 0.000000
2.385015 0.189049 0.800000 0.219257 -1.374371 0.000000 0.000000 0.000000
2.387128 0.175291 0.800000 0.203338 -1.377069 0.000000 0.000000 0.000000
2.389082 0.161508 0.800000 0.187383 -1.379582 0.000000 0.000000 0.000000
2.390876 0.147700 0.800000 0.171394 -1.381912 0.000000 0.000000 0.000000
2.392509 0.133870 0.800000 0.155373 -1.384056 0.000000 0.000000 0.000000
2.393983 0.120020 0.800000 0.139323 -1.386015 0.000000 0.000000 0.000000
2.395296 0.106150 0.800000 0.123245 -1.387788 0.000000 0.000000 0.000000
2.396448 0.092265 0.800000 0.107142 -1.389375 0.000000 0.000000 0.000000
2.397439 0.078364 0.800000 0.091016 -1.390775 0.000000 0.000000 0.000000
2.398268 0.064450 0.800000 0.074869 -1.391988 0.000000 0.000000 0.000000
2.398936 0.050524 0.800000 0.058703 -1.393014 0.000000 0.000000 0.000000
2.399442 0.036590 0.800000 0.042521 -1.393852 0.000000 0.000000 0.000000
2.399786 0.022648 0.800000 0.026324 -1.394502 0.000000 0.000000 0.000000
2.399968 0.008701 0.800000 0.010114 -1.394963 0.000000 0.000000 0.000000
2.399989 -0.005251 0.800000 -0.006105 -1.395237 0.000000 0.000000 0.000000
2.399846 -0.019204 0.800000 -0.022332 -1.395321 0.000000 0.000000 0.000000
2.399542 -0.033156 0.800000 -0.038565 -1.395217 0.000000 0.000000 0.000000
2.399075 -0.047107 0.800000 -0.054801 -1.394924 0.000000 0.000000 0.000000
2.398446 -0.061054 0.800000 -0.071039 -1.394442 0.000000 0.000000 0.000000
2.397654 -0.074995 0.800000 -0.087276 -1.393770 0.000000 0.000000 0.000000
2.396700 -0.088929 0.800000 -0.103510 -1.392909 0.000000 0.000000 0.000000
2.395584 -0.102853 0.800000 -0.119738 -1.391859 0.000000 0.000000 0.000000
2.394306 -0.116766 0.800000 -0.135959 -1.390620 0.000000 0.000000 0.000000
2.392865 -0.130665 0.800000 -0.152170 -1.389191 0.000000 0.000000 0.000000
2.391262 -0.144549 0.800000 -0.168369 -1.387572 0.000000 0.000000 0.000000
2.389498 -0.158416 0.800000 -0.184554 -1.385765 0.000000 0.000000 0.000000
2.387571 -0.172263 0.800000 -0.200723 -1.383768 0.000000 0.000000 0.000000
2.385483 -0.186090 0.800000 -0.216873 -1.381582 0.000000 0.000000 0.000000
2.383234 -0.199894 0.800000 -0.233002 -1.379207 0.000000 0.000000 0.000000
2.380823 -0.213674 0.800000 -0.249108 -1.376643 0.000000 0.000000 0.000000
2.378252 -0.227427 0.800000 -0.265189 -1.373891 0.000000 0.000000 0.000000
2.375520 -0.241151 0.800000 -0.281242 -1.370950 0.000000 0.000000 0.000000
2.372627 -0.254845 0.800000 -0.297266 -1.367821 0.000000 0.000000 0.000000
2.369574 -0.268507 0.800000 -0.313258 -1.364503 0.000000 0.000000 0.000000
2.366362 -0.282134 0.800000 -0.329216 -1.360999 0.000000 0.000000 0.000000
2.362990 -0.295726 0.800000 -0.345137 -1.357306 0.000000 0.000000 0.000000
2.359459 -0.309280 0.800000 -0.361020 -1.353427 0.000000 0.000000 0.000000
2.355770 -0.322794 0.800000 -0.376862 -1.349361 0.000000 0.000000 0.000000
2.351922 -0.336267 0.800000 -0.392661 -1.345109 0.000000 0.000000 0.000000
2.347917 -0.349696 0.800000 -0.408415 -1.340671 0.000000 0.000000 0.000000
2.343754 -0.363079 0.800000 -0.424122 -1.336048 0.000000 0.000000 0.000000
2.339435 -0.376416 0.800000 -0.439779 -1.331239 0.000000 0.000000 0.000000
2.334959 -0.389704 0.800000 -0.455385 -1.326246 0.000000 0.000000 0.000000
2.330327 -0.402940 0.800000 -0.470936 -1.321070 0.000000 0.000000 0.000000
2.325540 -0.416124 0.800000 -0.486432 -1.315710 0.000000 0.000000 0.000000
2.320599 -0.429254 0.800000 -0.501869 -1.310166 0.000000 0.000000 0.000000
2.315503 -0.442327 0.800000 -0.517246 -1.304441 0.000000 0.000000 0.000000
2.310254 -0.455342 0.800000 -0.532560 -1.298534 0.000000 0.000000 0.000000
2.304852 -0.468297 0.800000 -0.547810 -1.292447 0.000000 0.000000 0.000000
2.299298 -0.481190 0.800000 -0.562993 -1.286179 0.000000 0.000000 0.000000
2.293592 -0.494020 0.800000 -0.578106 -1.279731 0.000000 0.000000 0.000000
2.287736 -0.506784 0.800000 -0.593149 -1.273104 0.000000 0.000000 0.000000
2.281730 -0.519482 0.800000 -0.608118 -1.266300 0.000000 0.000000 0.000000
2.275574 -0.532110 0.800000 -0.623012 -1.259318 0.000000 0.000000 0.000000
2.269270 -0.544667 0.800000 -0.637828 -1.252159 0.000000 0.000000 0.000000
2.262818 -0.557152 0.800000 -0.652565 -1.244825 0.000000 0.000000 0.000000
2.256219 -0.569563 0.800000 -0.667220 -1.237316 0.000000 0.000000 0.000000
2.249473 -0.581898 0.800000 -0.681791 -1.229633 0.000000 0.000000 0.000000
2.242583 -0.594155 0.800000 -0.696276 -1.221777 0.000000 0.000000 0.000000
2.235548 -0.606333 0.800000 -0.710673 -1.213749 0.000000 0.000000 0.000000
2.228370 -0.618430 0.800000 -0.724980 -1.205549 0.000000 0.000000 0.000000
2.221049 -0.630444 0.800000 -0.739195 -1.197180 0.000000 0.000000 0.000000
2.213586 -0.642373 0.800000 -0.753316 -1.188641 0.000000 0.000000 0.000000
2.205983 -0.654216 0.800000 -0.767341 -1.179934 0.000000 0.000000 0.000000
2.198240 -0.665971 0.800000 -0.781267 -1.171060 0.000000 0.000000 0.000000
2.190358 -0.677636 0.800000 -0.795093 -1.162020 0.000000 0.000000 0.000000
2.182338 -0.689211 0.800000 -0.808818 -1.152815 0.000000 0.000000 0.000000
2.174182 -0.700692 0.800000 -0.822437 -1.143446 0.000000 0.000000 0.000000
2.165890 -0.712079 0.800000 -0.835951 -1.133914 0.000000 0.000000 0.000000
2.157463 -0.723370 0.800000 -0.849357 -1.124221 0.000000 0.000000 0.000000
2.148903 -0.734563 0.800000 -0.862652 -1.114368 0.000000 0.000000 0.000000
2.140211 -0.745657 0.800000 -0.875836 -1.104356 0.000000 0.000000 0.000000
2.131387 -0.756650 0.800000 -0.888906 -1.094185 0.000000 0.000000 0.000000
2.122433 -0.767540 0.800000 -0.901859 -1.083859 0.000000 0.000000 0.000000
2.113350 -0.778326 0.800000 -0.914696 -1.073377 0.000000 0.000000 0.000000
2.104139 -0.789007 0.800000 -0.927412 -1.062740 0.000000 0.000000 0.000000
2.094802 -0.799581 0.800000 -0.940007 -1.051952 0.000000 0.000000 0.000000
2.085340 -0.810046 0.800000 -0.952479 -1.041012 0.000000 0.000000 0.000000
2.075753 -0.820400 0.800000 -0.964825 -1.029922 0.000000 0.000000 0.000000
2.066044 -0.830643 0.800000 -0.977044 -1.018684 0.000000 0.000000 0.000000
2.056213 -0.840773 0.800000 -0.989135 -1.007298 0.000000 0.000000 0.000000
2.046261 -0.850789 0.800000 -1.001095 -0.995767 0.000000 0.000000 0.000000
2.036191 -0.860688 0.800000 -1.012923 -0.984092 0.000000 0.000000 0.000000
2.026003 -0.870470 0.800000 -1.024616 -0.972275 0.000000 0.000000 0.000000
2.015699 -0.880133 0.800000 -1.036174 -0.960316 0.000000 0.000000 0.000000
2.005280 -0.889676 0.800000 -1.047594 -0.948218 0.000000 0.000000 0.000000
1.994748 -0.899097 0.800000 -1.058874 -0.935981 0.000000 0.000000 0.000000
1.984103 -0.908395 0.800000 -1.070014 -0.923608 0.000000 0.000000 0.000000
1.973348 -0.917569 0.800000 -1.081011 -0.911101 0.000000 0.000000 0.000000
1.962484 -0.926617 0.800000 -1.091864 -0.898460 0.000000 0.000000 0.000000
1.951511 -0.935538 0.800000 -1.102570 -0.885687 0.000000 0.000000 0.000000
1.940433 -0.944330 0.800000 -1.113129 -0.872785 0.000000 0.000000 0.000000
1.929249 -0.952993 0.800000 -1.123539 -0.859754 0.000000 0.000000 0.000000
1.917962 -0.961525 0.800000 -1.133798 -0.846597 0.000000 0.000000 0.000000
1.906574 -0.969925 0.800000 -1.143905 -0.833315 0.000000 0.000000 0.000000
1.895085 -0.978191 0.800000 -1.153858 -0.819910 0.000000 0.000000 0.000000
1.883497 -0.986322 0.800000 -1.163655 -0.806384 0.000000 0.000000 0.000000
1.871812 -0.994318 0.800000 -1.173295 -0.792738 0.000000 0.000000 0.000000
1.860032 -1.002177 0.800000 -1.182777 -0.778975 0.000000 0.000000 0.000000
1.848157 -1.009897 0.800000 -1.192099 -0.765095 0.000000 0.000000 0.000000
1.836190 -1.017478 0.800000 -1.201260 -0.751102 0.000000 0.000000 0.000000
1.824132 -1.024919 0.800000 -1.210258 -0.736996 0.000000 0.000000 0.000000
1.811986 -1.032218 0.800000 -1.219092 -0.722780 0.000000 0.000000 0.000000
1.799751 -1.039374 0.800000 -1.227761 -0.708456 0.000000 0.000000 0.000000
1.787431 -1.046387 0.800000 -1.236262 -0.694025 0.000000 0.000000 0.000000
1.775027 -1.053254 0.800000 -1.244595 -0.679490 0.000000 0.000000 0.000000
1.762540 -1.059976 0.800000 -1.252759 -0.664851 0.000000 0.000000 0.000000
1.749972 -1.066551 0.800000 -1.260752 -0.650113 0.000000 0.000000 0.000000
1.737325 -1.072978 0.800000 -1.268573 -0.635275 0.000000 0.000000 0.000000
1.724601 -1.079256 0.800000 -1.276220 -0.620341 0.000000 0.000000 0.000000
1.711801 -1.085384 0.800000 -1.283693 -0.605312 0.000000 0.000000 0.000000
1.698928 -1.091362 0.800000 -1.290990 -0.590190 0.000000 0.000000 0.000000
1.685982 -1.097188 0.800000 -1.298111 -0.574978 0.000000 0.000000 0.000000
1.672966 -1.102861 0.800000 -1.305053 -0.559677 0.000000 0.000000 0.000000
1.659882 -1.108381 0.800000 -1.311815 -0.544289 0.000000 0.000000 0.000000
1.646730 -1.113747 0.800000 -1.318398 -0.528817 0.000000 0.000000 0.000000
1.633514 -1.118957 0.800000 -1.324799 -0.513263 0.000000 0.000000 0.000000
1.620235 -1.124012 0.800000 -1.331017 -0.497628 0.000000 0.000000 0.000000
1.606895 -1.128910 0.800000 -1.337052 -0.481916 0.000000 0.000000 0.000000
1.593495 -1.133650 0.800000 -1.342903 -0.466127 0.000000 0.000000 0.000000
1.580037 -1.138232 0.800000 -1.348568 -0.450265 0.000000 0.000000 0.000000
1.566524 -1.142655 0.800000 -1.354046 -0.434331 0.000000 0.000000 0.000000
1.552957 -1.146918 0.800000 -1.359337 -0.418327 0.000000 0.000000 0.000000
1.539338 -1.151021 0.800000 -1.364440 -0.402257 0.000000 0.000000 0.000000
1.525669 -1.154963 0.800000 -1.369353 -0.386121 0.000000 0.000000 0.000000
1.511951 -1.158743 0.800000 -1.374077 -0.369922 0.000000 0.000000 0.000000
1.498188 -1.162361 0.800000 -1.378609 -0.353663 0.000000 0.000000 0.000000
1.484380 -1.165817 0.800000 -1.382950 -0.337346 0.000000 0.000000 0.000000
1.470529 -1.169108 0.800000 -1.387098 -0.320972 0.000000 0.000000 0.000000
1.456638 -1.172236 0.800000 -1.391053 -0.304544 0.000000 0.000000 0.000000
1.442709 -1.175199 0.800000 -1.394814 -0.288065 0.000000 0.000000 0.000000
1.428743 -1.177997 0.800000 -1.398380 -0.271537 0.000000 0.000000 0.000000
1.414742 -1.180629 0.800000 -1.401751 -0.254961 0.000000 0.000000 0.000000
1.400708 -1.183096 0.800000 -1.404926 -0.238341 0.000000 0.000000 0.000000
1.386644 -1.185396 0.800000 -1.407905 -0.221679 0.000000 0.000000 0.000000
1.372551 -1.187529 0.800000 -1.410686 -0.204976 0.000000 0.000000 0.000000
1.358431 -1.189496 0.800000 -1.413269 -0.188236 0.000000 0.000000 0.000000
1.344286 -1.191294 0.800000 -1.415654 -0.171460 0.000000 0.000000 0.000000
1.330119 -1.192925 0.800000 -1.417841 -0.154651 0.000000 0.000000 0.000000
1.315930 -1.194387 0.800000 -1.419827 -0.137812 0.000000 0.000000 0.000000
1.301723 -1.195681 0.800000 -1.421615 -0.120944 0.000000 0.000000 0.000000
1.287499 -1.196806 0.800000 -1.423202 -0.104050 0.000000 0.000000 0.000000
1.273259 -1.197762 0.800000 -1.424588 -0.087133 0.000000 0.000000 0.000000
1.259007 -1.198548 0.800000 -1.425773 -0.070194 0.000000 0.000000 0.000000
1.244745 -1.199166 0.800000 -1.426757 -0.053237 0.000000 0.000000 0.000000
1.230473 -1.199613 0.800000 -1.427539 -0.036263 0.000000 0.000000 0.000000
1.216195 -1.199891 0.800000 -1.428120 -0.019275 0.000000 0.000000 0.000000
1.201911 -1.199998 0.800000 -1.428498 -0.002275 0.000000 0.000000 0.000000
1.187625 -1.199936 0.800000 -1.428674 0.014734 0.000000 0.000000 0.000000
1.173338 -1.199704 0.800000 -1.428647 0.031749 0.000000 0.000000 0.000000
1.159053 -1.199301 0.800000 -1.428418 0.048770 0.000000 0.000000 0.000000
1.144771 -1.198728 0.800000 -1.427985 0.065792 0.000000 0.000000 0.000000
1.130494 -1.197985 0.800000 -1.427350 0.082814 0.000000 0.000000 0.000000
1.116224 -1.197072 0.800000 -1.426511 0.099833 0.000000 0.000000 0.000000
1.101964 -1.195989 0.800000 -1.425469 0.116846 0.000000 0.000000 0.000000
1.087716 -1.194735 0.800000 -1.424224 0.133852 0.000000 0.000000 0.000000
1.073481 -1.193312 0.800000 -1.422776 0.150848 0.000000 0.000000 0.000000
1.059261 -1.191718 0.800000 -1.421124 0.167831 0.000000 0.000000 0.000000
1.045059 -1.189955 0.800000 -1.419269 0.184800 0.000000 0.000000 0.000000
1.030876 -1.188022 0.800000 -1.417212 0.201751 0.000000 0.000000 0.000000
1.016715 -1.185920 0.800000 -1.414951 0.218682 0.000000 0.000000 0.000000
1.002578 -1.183649 0.800000 -1.412488 0.235590 0.000000 0.000000 0.000000
0.988466 -1.181208 0.800000 -1.409822 0.252474 0.000000 0.000000 0.000000
0.974382 -1.178599 0.800000 -1.406953 0.269331 0.000000 0.000000 0.000000
0.960328 -1.175822 0.800000 -1.403882 0.286159 0.000000 0.000000 0.000000
0.946305 -1.172876 0.800000 -1.400610 0.302954 0.000000 0.000000 0.000000
0.932316 -1.169763 0.800000 -1.397136 0.319715 0.000000 0.000000 0.000000
0.918363 -1.166482 0.800000 -1.393460 0.336439 0.000000 0.000000 0.000000
0.904448 -1.163034 0.800000 -1.389584 0.353123 0.000000 0.000000 0.000000
0.890572 -1.159420 0.800000 -1.385507 0.369766 0.000000 0.000000 0.000000
0.876738 -1.155639 0.800000 -1.381230 0.386365 0.000000 0.000000 0.000000
0.862948 -1.151693 0.800000 -1.376753 0.402917 0.000000 0.000000 0.000000
0.849204 -1.147581 0.800000 -1.372076 0.419421 0.000000 0.000000 0.000000
0.835507 -1.143304 0.800000 -1.367202 0.435873 0.000000 0.000000 0.000000
0.821860 -1.138864 0.800000 -1.362128 0.452271 0.000000 0.000000 0.000000
0.808265 -1.134259 0.800000 -1.356858 0.468613 0.000000 0.000000 0.000000
0.794724 -1.129492 0.800000 -1.351390 0.484896 0.000000 0.000000 0.000000
0.781238 -1.124562 0.800000 -1.345725 0.501118 0.000000 0.000000 0.000000
0.767810 -1.119469 0.800000 -1.339865 0.517277 0.000000 0.000000 0.000000
0.754442 -1.114216 0.800000 -1.333810 0.533371 0.000000 0.000000 0.000000
0.741135 -1.108802 0.800000 -1.327560 0.549396 0.000000 0.000000 0.000000
0.727891 -1.103229 0.800000 -1.321116 0.565350 0.000000 0.000000 0.000000
0.714713 -1.097496 0.800000 -1.314480 0.581232 0.000000 0.000000 0.000000
0.701602 -1.091604 0.800000 -1.307651 0.597039 0.000000 0.000000 0.000000
0.688561 -1.085555 0.800000 -1.300631 0.612768 0.000000 0.000000 0.000000
0.675590 -1.079349 0.800000 -1.293420 0.628418 0.000000 0.000000 0.000000
0.662693 -1.072987 0.800000 -1.286020 0.643985 0.000000 0.000000 0.000000
0.649870 -1.066470 0.800000 -1.278430 0.659468 0.000000 0.000000 0.000000
0.637125 -1.059798 0.800000 -1.270653 0.674864 0.000000 0.000000 0.000000
0.624458 -1.052973 0.800000 -1.262690 0.690171 0.000000 0.000000 0.000000
0.611872 -1.045995 0.800000 -1.254540 0.705386 0.000000 0.000000 0.000000
0.599368 -1.038865 0.800000 -1.246205 0.720508 0.000000 0.000000 0.000000
0.586948 -1.031585 0.800000 -1.237687 0.735535 0.000000 0.000000 0.000000
0.574615 -1.024155 0.800000 -1.228986 0.750462 0.000000 0.000000 0.000000
0.562369 -1.016576 0.800000 -1.220103 0.765290 0.000000 0.000000 0.000000
0.550213 -1.008849 0.800000 -1.211040 0.780015 0.000000 0.000000 0.000000
0.538149 -1.000976 0.800000 -1.201797 0.794635 0.000000 0.000000 0.000000
0.526178 -0.992957 0.800000 -1.192376 0.809148 0.000000 0.000000 0.000000
0.514302 -0.984793 0.800000 -1.182778 0.823552 0.000000 0.000000 0.000000
0.502523 -0.976486 0.800000 -1.173004 0.837844 0.000000 0.000000 0.000000
0.490842 -0.968037 0.800000 -1.163056 0.852023 0.000000 0.000000 0.000000
0.479262 -0.959446 0.800000 -1.152935 0.866086 0.000000 0.000000 0.000000
0.467784 -0.950716 0.800000 -1.142641 0.880032 0.000000 0.000000 0.000000
0.456410 -0.941846 0.800000 -1.132177 0.893857 0.000000 0.000000 0.000000
0.445141 -0.932839 0.800000 -1.121544 0.907560 0.000000 0.000000 0.000000
0.433980 -0.923695 0.800000 -1.110744 0.921139 0.000000 0.000000 0.000000
0.422927 -0.914416 0.800000 -1.099776 0.934592 0.000000 0.000000 0.000000
0.411985 -0.905004 0.800000 -1.088644 0.947917 0.000000 0.000000 0.000000
0.401155 -0.895459 0.800000 -1.077349 0.961111 0.000000 0.000000 0.000000
0.390438 -0.885782 0.800000 -1.065891 0.974173 0.000000 0.000000 0.000000
0.379837 -0.875976 0.800000 -1.054273 0.987100 0.000000 0.000000 0.000000
0.369353 -0.866040 0.800000 -1.042496 0.999891 0.000000 0.000000 0.000000
0.358988 -0.855978 0.800000 -1.030562 1.012543 0.000000 0.000000 0.000000
0.348743 -0.845790 0.800000 -1.018472 1.025056 0.000000 0.000000 0.000000
0.338619 -0.835478 0.800000 -1.006228 1.037426 0.000000 0.000000 0.000000
0.328619 -0.825042 0.800000 -0.993832 1.049652 0.000000 0.000000 0.000000
0.318743 -0.814485 0.800000 -0.981285 1.061731 0.000000 0.000000 0.000000
0.308993 -0.803808 0.800000 -0.968589 1.073663 0.000000 0.000000 0.000000
0.299372 -0.793012 0.800000 -0.955745 1.085445 0.000000 0.000000 0.000000
0.289879 -0.782100 0.800000 -0.942756 1.097075 0.000000 0.000000 0.000000
0.280517 -0.771071 0.800000 -0.929623 1.108552 0.000000 0.000000 0.000000
0.271287 -0.759929 0.800000 -0.916348 1.119873 0.000000 0.000000 0.000000
0.262190 -0.748674 0.800000 -0.902932 1.131037 0.000000 0.000000 0.000000
0.253229 -0.737309 0.800000 -0.889379 1.142043 0.000000 0.000000 0.000000
0.244403 -0.725834 0.800000 -0.875688 1.152888 0.000000 0.000000 0.000000
0.235715 -0.714252 0.800000 -0.861864 1.163570 0.000000 0.000000 0.000000
0.227167 -0.702563 0.800000 -0.847906 1.174088 0.000000 0.000000 0.000000
0.218758 -0.690770 0.800000 -0.833817 1.184441 0.000000 0.000000 0.000000
0.210491 -0.678875 0.800000 -0.819600 1.194626 0.000000 0.000000 0.000000
0.202366 -0.666878 0.800000 -0.805256 1.204643 0.000000 0.000000 0.000000
0.194386 -0.654783 0.800000 -0.790786 1.214489 0.000000 0.000000 0.000000
0.186551 -0.642589 0.800000 -0.776194 1.224162 0.000000 0.000000 0.000000
0.178862 -0.630300 0.800000 -0.761481 1.233662 0.000000 0.000000 0.000000
0.171322 -0.617917 0.800000 -0.746649 1.242986 0.000000 0.000000 0.000000
0.163930 -0.605441 0.800000 -0.731700 1.252134 0.000000 0.000000 0.000000
0.156688 -0.592874 0.800000 -0.716637 1.261103 0.000000 0.000000 0.000000
0.149597 -0.580219 0.800000 -0.701461 1.269893 0.000000 0.000000 0.000000
0.142659 -0.567477 0.800000 -0.686175 1.278501 0.000000 0.000000 0.000000
0.135874 -0.554650 0.800000 -0.670780 1.286927 0.000000 0.000000 0.000000
0.129244 -0.541739 0.800000 -0.655279 1.295169 0.000000 0.000000 0.000000
0.122769 -0.528747 0.800000 -0.639674 1.303225 0.000000 0.000000 0.000000
0.116451 -0.515675 0.800000 -0.623967 1.311095 0.000000 0.000000 0.000000
0.110290 -0.502526 0.800000 -0.608161 1.318776 0.000000 0.000000 0.000000
0.104288 -0.489301 0.800000 -0.592258 1.326268 0.000000 0.000000 0.000000
0.098445 -0.476001 0.800000 -0.576259 1.333570 0.000000 0.000000 0.000000
0.092763 -0.462630 0.800000 -0.560168 1.340679 0.000000 0.000000 0.000000
0.087242 -0.449188 0.800000 -0.543986 1.347596 0.000000 0.000000 0.000000
0.081884 -0.435679 0.800000 -0.527716 1.354318 0.000000 0.000000 0.000000
0.076688 -0.422103 0.800000 -0.511360 1.360845 0.000000 0.000000 0.000000
0.071657 -0.408462 0.800000 -0.494920 1.367176 0.000000 0.000000 0.000000
0.066790 -0.394760 0.800000 -0.478399 1.373309 0.000000 0.000000 0.000000
0.062089 -0.380997 0.800000 -0.461800 1.379243 0.000000 0.000000 0.000000
0.057554 -0.367175 0.800000 -0.445124 1.384977 0.000000 0.000000 0.000000
0.053187 -0.353298 0.800000 -0.428374 1.390511 0.000000 0.000000 0.000000
0.048987 -0.339366 0.800000 -0.411552 1.395843 0.000000 0.000000 0.000000
0.044956 -0.325382 0.800000 -0.394661 1.400972 0.000000 0.000000 0.000000
0.041094 -0.311347 0.800000 -0.377703 1.405898 0.000000 0.000000 0.000000
0.037402 -0.297264 0.800000 -0.360681 1.410619 0.000000 0.000000 0.000000
0.033881 -0.283135 0.800000 -0.343597 1.415134 0.000000 0.000000 0.000000
0.030530 -0.268962 0.800000 -0.326453 1.419444 0.000000 0.000000 0.000000
0.027352 -0.254747 0.800000 -0.309253 1.423546 0.000000 0.000000 0.000000
0.024345 -0.240492 0.800000 -0.291998 1.427441 0.000000 0.000000 0.000000
0.021512 -0.226199 0.800000 -0.274691 1.431126 0.000000 0.000000 0.000000
0.018852 -0.211870 0.800000 -0.257334 1.434603 0.000000 0.000000 0.000000
0.016365 -0.197508 0.800000 -0.239931 1.437869 0.000000 0.000000 0.000000
0.014053 -0.183114 0.800000 -0.222483 1.440925 0.000000 0.000000 0.000000
0.011916 -0.168690 0.800000 -0.204993 1.443770 0.000000 0.000000 0.000000
0.009954 -0.154239 0.800000 -0.187465 1.446402 0.000000 0.000000 0.000000
0.008167 -0.139763 0.800000 -0.169899 1.448822 0.000000 0.000000 0.000000
0.006556 -0.125263 0.800000 -0.152299 1.451029 0.000000 0.000000 0.000000
0.005121 -0.110743 0.800000 -0.134668 1.453023 0.000000 0.000000 0.000000
0.003863 -0.096203 0.800000 -0.117007 1.454802 0.000000 0.000000 0.000000
0.002781 -0.081647 0.800000 -0.099321 1.456367 0.000000 0.000000 0.000000
0.001876 -0.067077 0.800000 -0.081610 1.457717 0.000000 0.000000 0.000000
0.001149 -0.052494 0.800000 -0.063878 1.458852 0.000000 0.000000 0.000000
0.000599 -0.037901 0.800000 -0.046128 1.459771 0.000000 0.000000 0.000000
0.000226 -0.023299 0.800000 -0.028362 1.460475 0.000000 0.000000 0.000000
0.000031 -0.008692 0.800000 -0.010582 1.460962 0.000000 0.000000 0.000000
0.000015 0.005919 0.800000 0.007208 1.461232 0.000000 0.000000 0.000000
0.000176 0.020532 0.800000 0.025006 1.461286 0.000000 0.000000 0.000000
0.000515 0.035144 0.800000 0.042810 1.461123 0.000000 0.000000 0.000000
0.001032 0.049754 0.800000 0.060617 1.460743 0.000000 0.000000 0.000000
0.001727 0.064359 0.800000 0.078424 1.460145 0.000000 0.000000 0.000000
0.002600 0.078956 0.800000 0.096228 1.459331 0.000000 0.000000 0.000000
0.003652 0.093544 0.800000 0.114027 1.458299 0.000000 0.000000 0.000000
0.004881 0.108121 0.800000 0.131818 1.457049 0.000000 0.000000 0.000000
0.006288 0.122685 0.800000 0.149599 1.455583 0.000000 0.000000 0.000000
0.007873 0.137232 0.800000 0.167366 1.453898 0.000000 0.000000 0.000000
0.009635 0.151762 0.800000 0.185118 1.451997 0.000000 0.000000 0.000000
0.011575 0.166271 0.800000 0.202851 1.449878 0.000000 0.000000 0.000000
0.013692 0.180759 0.800000 0.220563 1.447543 0.000000 0.000000 0.000000
0.015986 0.195222 0.800000 0.238252 1.444990 0.000000 0.000000 0.000000
0.018457 0.209658 0.800000 0.255914 1.442221 0.000000 0.000000 0.000000
0.021104 0.224065 0.800000 0.273546 1.439235 0.000000 0.000000 0.000000
0.023928 0.238442 0.800000 0.291147 1.436033 0.000000 0.000000 0.000000
0.026927 0.252785 0.800000 0.308714 1.432615 0.000000 0.000000 0.000000
0.030102 0.267093 0.800000 0.326243 1.428982 0.000000 0.000000 0.000000
0.033452 0.281364 0.800000 0.343733 1.425133 0.000000 0.000000 0.000000
0.036977 0.295595 0.800000 0.361181 1.421069 0.000000 0.000000 0.000000
0.040675 0.309785 0.800000 0.378583 1.416791 0.000000 0.000000 0.000000
0.044548 0.323930 0.800000 0.395937 1.412299 0.000000 0.000000 0.000000
0.048594 0.338030 0.800000 0.413242 1.407594 0.000000 0.000000 0.000000
0.052813 0.352082 0.800000 0.430493 1.402675 0.000000 0.000000 0.000000
0.057204 0.366083 0.800000 0.447689 1.397545 0.000000 0.000000 0.000000
0.061766 0.380032 0.800000 0.464826 1.392202 0.000000 0.000000 0.000000
0.066500 0.393926 0.800000 0.481903 1.386648 0.000000 0.000000 0.000000
0.071404 0.407764 0.800000 0.498916 1.380884 0.000000 0.000000 0.000000
0.076478 0.421543 0.800000 0.515864 1.374910 0.000000 0.000000 0.000000
0.081721 0.435262 0.800000 0.532742 1.368727 0.000000 0.000000 0.000000
0.087133 0.448917 0.800000 0.549549 1.362335 0.000000 0.000000 0.000000
0.092712 0.462508 0.800000 0.566283 1.355736 0.000000 0.000000 0.000000
0.098458 0.476031 0.800000 0.582940 1.348930 0.000000 0.000000 0.000000
0.104371 0.489485 0.800000 0.599518 1.341918 0.000000 0.000000 0.000000
0.110448 0.502869 0.800000 0.616014 1.334701 0.000000 0.000000 0.000000
0.116691 0.516179 0.800000 0.632427 1.327280 0.000000 0.000000 0.000000
0.123096 0.529414 0.800000 0.648752 1.319656 0.000000 0.000000 0.000000
0.129665 0.542571 0.800000 0.664989 1.311829 0.000000 0.000000 0.000000
0.136396 0.555650 0.800000 0.681134 1.303801 0.000000 0.000000 0.000000
0.143288 0.568647 0.800000 0.697184 1.295573 0.000000 0.000000 0.000000
0.150339 0.581560 0.800000 0.713138 1.287146 0.000000 0.000000 0.000000
0.157550 0.594389 0.800000 0.728993 1.278521 0.000000 0.000000 0.000000
0.164919 0.607130 0.800000 0.744746 1.269700 0.000000 0.000000 0.000000
0.172445 0.619782 0.800000 0.760395 1.260682 0.000000 0.000000 0.000000
0.180126 0.632343 0.800000 0.775938 1.251470 0.000000 0.000000 0.000000
0.187963 0.644811 0.800000 0.791371 1.242065 0.000000 0.000000 0.000000
0.195953 0.657184 0.800000 0.806693 1.232467 0.000000 0.000000 0.000000
0.204097 0.669460 0.800000 0.821901 1.222679 0.000000 0.000000 0.000000
0.212391 0.681637 0.800000 0.836993 1.212701 0.000000 0.000000 0.000000
0.220836 0.693713 0.800000 0.851966 1.202536 0.000000 0.000000 0.000000
0.229430 0.705687 0.800000 0.866819 1.192183 0.000000 0.000000 0.000000
0.238172 0.717556 0.800000 0.881548 1.181646 0.000000 0.000000 0.000000
0.247061 0.729319 0.800000 0.896151 1.170924 0.000000 0.000000 0.000000
0.256095 0.740974 0.800000 0.910626 1.160020 0.000000 0.000000 0.000000
0.265273 0.752519 0.800000 0.924971 1.148936 0.000000 0.000000 0.000000
0.274594 0.763952 0.800000 0.939184 1.137672 0.000000 0.000000 0.000000
0.284056 0.775272 0.800000 0.953261 1.126230 0.000000 0.000000 0.000000
0.293658 0.786476 0.800000 0.967202 1.114611 0.000000 0.000000 0.000000
0.303399 0.797563 0.800000 0.981003 1.102819 0.000000 0.000000 0.000000
0.313278 0.808532 0.800000 0.994663 1.090853 0.000000 0.000000 0.000000
0.323292 0.819380 0.800000 1.008179 1.078716 0.000000 0.000000 0.000000
0.333441 0.830106 0.800000 1.021549 1.066409 0.000000 0.000000 0.000000
0.343723 0.840708 0.800000 1.034771 1.053935 0.000000 0.000000 0.000000
0.354136 0.851184 0.800000 1.047843 1.041294 0.000000 0.000000 0.000000
0.364679 0.861533 0.800000 1.060762 1.028489 0.000000 0.000000 0.000000
0.375351 0.871753 0.800000 1.073528 1.015521 0.000000 0.000000 0.000000
0.386149 0.881843 0.800000 1.086136 1.002393 0.000000 0.000000 0.000000
0.397073 0.891800 0.800000 1.098587 0.989106 0.000000 0.000000 0.000000
0.408120 0.901624 0.800000 1.110876 0.975662 0.000000 0.000000 0.000000
0.419290 0.911313 0.800000 1.123004 0.962063 0.000000 0.000000 0.000000
0.430580 0.920865 0.800000 1.134966 0.948310 0.000000 0.000000 0.000000
0.441989 0.930279 0.800000 1.146762 0.934407 0.000000 0.000000 0.000000
0.453514 0.939553 0.800000 1.158390 0.920354 0.000000 0.000000 0.000000
0.465156 0.948685 0.800000 1.169848 0.906155 0.000000 0.000000 0.000000
0.476911 0.957675 0.800000 1.181133 0.891810 0.000000 0.000000 0.000000
0.488778 0.966521 0.800000 1.192244 0.877322 0.000000 0.000000 0.000000
0.500755 0.975221 0.800000 1.203179 0.862693 0.000000 0.000000 0.000000
0.512841 0.983775 0.800000 1.213937 0.847926 0.000000 0.000000 0.000000
0.525033 0.992179 0.800000 1.224515 0.833021 0.000000 0.000000 0.000000
0.537331 1.000435 0.800000 1.234911 0.817983 0.000000 0.000000 0.000000
0.549731 1.008539 0.800000 1.245125 0.802811 0.000000 0.000000 0.000000
0.562232 1.016490 0.800000 1.255154 0.787510 0.000000 0.000000 0.000000
0.574833 1.024288 0.800000 1.264996 0.772081 0.000000 0.000000 0.000000
0.587532 1.031932 0.800000 1.274650 0.756526 0.000000 0.000000 0.000000
0.600326 1.039418 0.800000 1.284115 0.740848 0.000000 0.000000 0.000000
0.613213 1.046748 0.800000 1.293388 0.725048 0.000000 0.000000 0.000000
0.626193 1.053919 0.800000 1.302468 0.709130 0.000000 0.000000 0.000000
0.639262 1.060930 0.800000 1.311354 0.693095 0.000000 0.000000 0.000000
0.652419 1.067781 0.800000 1.320044 0.676947 0.000000 0.000000 0.000000
0.665662 1.074469 0.800000 1.328536 0.660686 0.000000 0.000000 0.000000
0.678989 1.080994 0.800000 1.336829 0.644317 0.000000 0.000000 0.000000
0.692398 1.087355 0.800000 1.344922 0.627840 0.000000 0.000000 0.000000
0.705887 1.093550 0.800000 1.352813 0.611259 0.000000 0.000000 0.000000
0.719454 1.099580 0.800000 1.360501 0.594576 0.000000 0.000000 0.000000
0.733096 1.105442 0.800000 1.367984 0.577793 0.000000 0.000000 0.000000
0.746813 1.111135 0.800000 1.375261 0.560914 0.000000 0.000000 0.000000
0.760601 1.116660 0.800000 1.382331 0.543939 0.000000 0.000000 0.000000
0.774459 1.122014 0.800000 1.389193 0.526873 0.000000 0.000000 0.000000
0.788384 1.127197 0.800000 1.395845 0.509718 0.000000 0.000000 0.000000
0.802375 1.132208 0.800000 1.402286 0.492475 0.000000 0.000000 0.000000
0.816429 1.137046 0.800000 1.408516 0.475148 0.000000 0.000000 0.000000
0.830545 1.141710 0.800000 1.414532 0.457740 0.000000 0.000000 0.000000
0.844719 1.146200 0.800000 1.420333 0.440252 0.000000 0.000000 0.000000
0.858951 1.150515 0.800000 1.425920 0.422688 0.000000 0.000000 0.000000
0.873237 1.154654 0.800000 1.431290 0.405050 0.000000 0.000000 0.000000
0.887576 1.158616 0.800000 1.436442 0.387341 0.000000 0.000000 0.000000
0.901965 1.162401 0.800000 1.441377 0.369564 0.000000 0.000000 0.000000
0.916402 1.166007 0.800000 1.446092 0.351720 0.000000 0.000000 0.000000
0.930886 1.169435 0.800000 1.450586 0.333814 0.000000 0.000000 0.000000
0.945413 1.172683 0.800000 1.454860 0.315847 0.000000 0.000000 0.000000
0.959982 1.175751 0.800000 1.458912 0.297822 0.000000 0.000000 0.000000
0.974591 1.178639 0.800000 1.462741 0.279742 0.000000 0.000000 0.000000
0.989236 1.181346 0.800000 1.466346 0.261610 0.000000 0.000000 0.000000
1.003917 1.183871 0.800000 1.469727 0.243429 0.000000 0.000000 0.000000
1.018630 1.186215 0.800000 1.472883 0.225201 0.000000 0.000000 0.000000
1.033374 1.188375 0.800000 1.475814 0.206929 0.000000 0.000000 0.000000
1.048146 1.190353 0.800000 1.478518 0.188616 0.000000 0.000000 0.000000
1.062944 1.192147 0.800000 1.480995 0.170264 0.000000 0.000000 0.000000
1.077765 1.193758 0.800000 1.483245 0.151877 0.000000 0.000000 0.000000
1.092608 1.195185 0.800000 1.485266 0.133457 0.000000 0.000000 0.000000
1.107470 1.196427 0.800000 1.487059 0.115008 0.000000 0.000000 0.000000
1.122348 1.197485 0.800000 1.488623 0.096531 0.000000 0.000000 0.000000
1.137241 1.198358 0.800000 1.489958 0.078030 0.000000 0.000000 0.000000
1.152147 1.199045 0.800000 1.491063 0.059508 0.000000 0.000000 0.000000
1.167062 1.199548 0.800000 1.491938 0.040967 0.000000 0.000000 0.000000
1.181984 1.199865 0.800000 1.492582 0.022411 0.000000 0.000000 0.000000
1.196913 1.199996 0.800000 1.492995 0.003841 0.000000 0.000000 0.000000
1.211844 1.199942 0.800000 1.493177 -0.014738 0.000000 0.000000 0.000000
1.226775 1.199701 0.800000 1.493128 -0.033324 0.000000 0.000000 0.000000
1.241705 1.199275 0.800000 1.492848 -0.051915 0.000000 0.000000 0.000000
1.256632 1.198663 0.800000 1.492335 -0.070506 0.000000 0.000000 0.000000
1.271551 1.197865 0.800000 1.491591 -0.089096 0.000000 0.000000 0.000000
1.286463 1.196881 0.800000 1.490616 -0.107682 0.000000 0.000000 0.000000
1.301363 1.195711 0.800000 1.489408 -0.126260 0.000000 0.000000 0.000000
1.316250 1.194356 0.800000 1.487968 -0.144828 0.000000 0.000000 0.000000
1.331121 1.192815 0.800000 1.486297 -0.163383 0.000000 0.000000 0.000000
1.345975 1.191088 0.800000 1.484394 -0.181922 0.000000 0.000000 0.000000
1.360809 1.189176 0.800000 1.482259 -0.200441 0.000000 0.000000 0.000000
1.375620 1.187080 0.800000 1.479892 -0.218939 0.000000 0.000000 0.000000
1.390406 1.184798 0.800000 1.477295 -0.237412 0.000000 0.000000 0.000000
1.405165 1.182331 0.800000 1.474466 -0.255857 0.000000 0.000000 0.000000
1.419894 1.179681 0.800000 1.471406 -0.274272 0.000000 0.000000 0.000000
1.434592 1.176846 0.800000 1.468115 -0.292654 0.000000 0.000000 0.000000
1.449256 1.173828 0.800000 1.464595 -0.310998 0.000000 0.000000 0.000000
1.463883 1.170626 0.800000 1.460844 -0.329304 0.000000 0.000000 0.000000
1.478472 1.167242 0.800000 1.456864 -0.347568 0.000000 0.000000 0.000000
1.493020 1.163675 0.800000 1.452654 -0.365786 0.000000 0.000000 0.000000
1.507524 1.159926 0.800000 1.448216 -0.383957 0.000000 0.000000 0.000000
1.521983 1.155996 0.800000 1.443550 -0.402077 0.000000 0.000000 0.000000
1.536394 1.151885 0.800000 1.438656 -0.420143 0.000000 0.000000 0.000000
1.550756 1.147593 0.800000 1.433535 -0.438152 0.000000 0.000000 0.000000
1.565064 1.143122 0.800000 1.428188 -0.456102 0.000000 0.000000 0.000000
1.579319 1.138472 0.800000 1.422615 -0.473990 0.000000 0.000000 0.000000
1.593516 1.133642 0.800000 1.416817 -0.491813 0.000000 0.000000 0.000000
1.607654 1.128635 0.800000 1.410794 -0.509568 0.000000 0.000000 0.000000
1.621731 1.123451 0.800000 1.404548 -0.527252 0.000000 0.000000 0.000000
1.635744 1.118091 0.800000 1.398079 -0.544862 0.000000 0.000000 0.000000
1.649692 1.112554 0.800000 1.391388 -0.562396 0.000000 0.000000 0.000000
1.663571 1.106843 0.800000 1.384476 -0.579851 0.000000 0.000000 0.000000
1.677381 1.100958 0.800000 1.377344 -0.597223 0.000000 0.000000 0.000000
1.691118 1.094899 0.800000 1.369992 -0.614511 0.000000 0.000000 0.000000
1.704780 1.088668 0.800000 1.362422 -0.631711 0.000000 0.000000 0.000000
1.718365 1.082265 0.800000 1.354635 -0.648821 0.000000 0.000000 0.000000
1.731872 1.075692 0.800000 1.346631 -0.665837 0.000000 0.000000 0.000000
1.745297 1.068949 0.800000 1.338413 -0.682758 0.000000 0.000000 0.000000
1.758639 1.062037 0.800000 1.329980 -0.699579 0.000000 0.000000 0.000000
1.771896 1.054957 0.800000 1.321334 -0.716300 0.000000 0.000000 0.000000
1.785065 1.047711 0.800000 1.312476 -0.732916 0.000000 0.000000 0.000000
1.798145 1.040299 0.800000 1.303408 -0.749426 0.000000 0.000000 0.000000
1.811133 1.032723 0.800000 1.294131 -0.765826 0.000000 0.000000 0.000000
1.824027 1.024983 0.800000 1.284646 -0.782114 0.000000 0.000000 0.000000
1.836825 1.017081 0.800000 1.274954 -0.798287 0.000000 0.000000 0.000000
1.849525 1.009018 0.800000 1.265056 -0.814342 0.000000 0.000000 0.000000
1.862125 1.000795 0.800000 1.254955 -0.830278 0.000000 0.000000 0.000000
1.874624 0.992413 0.800000 1.244651 -0.846090 0.000000 0.000000 0.000000
1.887018 0.983873 0.800000 1.234146 -0.861778 0.000000 0.000000 0.000000
1.899306 0.975178 0.800000 1.223442 -0.877338 0.000000 0.000000 0.000000
1.911486 0.966327 0.800000 1.212539 -0.892767 0.000000 0.000000 0.000000
1.923556 0.957323 0.800000 1.201440 -0.908063 0.000000 0.000000 0.000000
1.935514 0.948166 0.800000 1.190146 -0.923223 0.000000 0.000000 0.000000
1.947358 0.938859 0.800000 1.178659 -0.938246 0.000000 0.000000 0.000000
1.959087 0.929402 0.800000 1.166980 -0.953128 0.000000 0.000000 0.000000
1.970697 0.919797 0.800000 1.155111 -0.967867 0.000000 0.000000 0.000000
1.982188 0.910045 0.800000 1.143054 -0.982461 0.000000 0.000000 0.000000
1.993558 0.900148 0.800000 1.130811 -0.996907 0.000000 0.000000 0.000000
2.004804 0.890107 0.800000 1.118383 -1.011203 0.000000 0.000000 0.000000
2.015925 0.879924 0.800000 1.105772 -1.025345 0.000000 0.000000 0.000000
2.026919 0.869601 0.800000 1.092979 -1.039333 0.000000 0.000000 0.000000
2.037784 0.859138 0.800000 1.080008 -1.053164 0.000000 0.000000 0.000000
2.048518 0.848538 0.800000 1.066860 -1.066835 0.000000 0.000000 0.000000
2.059120 0.837802 0.800000 1.053536 -1.080344 0.000000 0.000000 0.000000
2.069588 0.826932 0.800000 1.040039 -1.093689 0.000000 0.000000 0.000000
2.079921 0.815929 0.800000 1.026370 -1.106867 0.000000 0.000000 0.000000
2.090115 0.804795 0.800000 1.012533 -1.119876 0.000000 0.000000 0.000000
2.100171 0.793532 0.800000 0.998528 -1.132715 0.000000 0.000000 0.000000
2.110085 0.782141 0.800000 0.984357 -1.145380 0.000000 0.000000 0.000000
2.119857 0.770625 0.800000 0.970024 -1.157870 0.000000 0.000000 0.000000
2.129485 0.758984 0.800000 0.955530 -1.170183 0.000000 0.000000 0.000000
2.138967 0.747222 0.800000 0.940877 -1.182316 0.000000 0.000000 0.000000
2.148302 0.735339 0.800000 0.926067 -1.194268 0.000000 0.000000 0.000000
2.157488 0.723337 0.800000 0.911103 -1.206036 0.000000 0.000000 0.000000
2.166524 0.711219 0.800000 0.895987 -1.217619 0.000000 0.000000 0.000000
2.175407 0.698985 0.800000 0.880721 -1.229013 0.000000 0.000000 0.000000
2.184138 0.686639 0.800000 0.865308 -1.240219 0.000000 0.000000 0.000000
2.192713 0.674182 0.800000 0.849750 -1.251232 0.000000 0.000000 0.000000
2.201132 0.661615 0.800000 0.834048 -1.262052 0.000000 0.000000 0.000000
2.209394 0.648941 0.800000 0.818207 -1.272677 0.000000 0.000000 0.000000
2.217496 0.636162 0.800000 0.802227 -1.283105 0.000000 0.000000 0.000000
2.225438 0.623280 0.800000 0.786112 -1.293333 0.000000 0.000000 0.000000
2.233218 0.610296 0.800000 0.769863 -1.303361 0.000000 0.000000 0.000000
2.240835 0.597213 0.800000 0.753484 -1.313186 0.000000 0.000000 0.000000
2.248287 0.584033 0.800000 0.736977 -1.322807 0.000000 0.000000 0.000000
2.255574 0.570758 0.800000 0.720344 -1.332222 0.000000 0.000000 0.000000
2.262693 0.557389 0.800000 0.703588 -1.341429 0.000000 0.000000 0.000000
2.269645 0.543930 0.800000 0.686711 -1.350427 0.000000 0.000000 0.000000
2.276427 0.530381 0.800000 0.669717 -1.359214 0.000000 0.000000 0.000000
2.283039 0.516746 0.800000 0.652607 -1.367788 0.000000 0.000000 0.000000
2.289479 0.503026 0.800000 0.635385 -1.376148 0.000000 0.000000 0.000000
2.295746 0.489224 0.800000 0.618053 -1.384293 0.000000 0.000000 0.000000
2.301840 0.475341 0.800000 0.600613 -1.392220 0.000000 0.000000 0.000000
2.307758 0.461380 0.800000 0.583069 -1.399929 0.000000 0.000000 0.000000
2.313501 0.447343 0.800000 0.565423 -1.407419 0.000000 0.000000 0.000000
2.319066 0.433233 0.800000 0.547678 -1.414686 0.000000 0.000000 0.000000
2.324454 0.419050 0.800000 0.529837 -1.421732 0.000000 0.000000 0.000000
2.329663 0.404799 0.800000 0.511902 -1.428553 0.000000 0.000000 0.000000
2.334692 0.390480 0.800000 0.493876 -1.435149 0.000000 0.000000 0.000000
2.339540 0.376097 0.800000 0.475762 -1.441518 0.000000 0.000000 0.000000
2.344207 0.361651 0.800000 0.457563 -1.447660 0.000000 0.000000 0.000000
2.348691 0.347144 0.800000 0.439282 -1.453573 0.000000 0.000000 0.000000
2.352992 0.332580 0.800000 0.420921 -1.459256 0.000000 0.000000 0.000000
2.357109 0.317960 0.800000 0.402484 -1.464707 0.000000 0.000000 0.000000
2.361041 0.303286 0.800000 0.383973 -1.469927 0.000000 0.000000 0.000000
2.364788 0.288562 0.800000 0.365392 -1.474913 0.000000 0.000000 0.000000
2.368349 0.273789 0.800000 0.346742 -1.479665 0.000000 0.000000 0.000000
2.371723 0.258970 0.800000 0.328028 -1.484182 0.000000 0.000000 0.000000
2.374909 0.244106 0.800000 0.309252 -1.488463 0.000000 0.000000 0.000000
2.377908 0.229201 0.800000 0.290417 -1.492507 0.000000 0.000000 0.000000
2.380718 0.214257 0.800000 0.271526 -1.496314 0.000000 0.000000 0.000000
2.383338 0.199276 0.800000 0.252582 -1.499881 0.000000 0.000000 0.000000
2.385769 0.184260 0.800000 0.233588 -1.503209 0.000000 0.000000 0.000000
2.388010 0.169212 0.800000 0.214547 -1.506297 0.000000 0.000000 0.000000
2.390060 0.154135 0.800000 0.195462 -1.509145 0.000000 0.000000 0.000000
2.391919 0.139030 0.800000 0.176337 -1.511750 0.000000 0.000000 0.000000
2.393586 0.123901 0.800000 0.157173 -1.514114 0.000000 0.000000 0.000000
2.395062 0.108749 0.800000 0.137975 -1.516235 0.000000 0.000000 0.000000
2.396346 0.093577 0.800000 0.118745 -1.518113 0.000000 0.000000 0.000000
2.397437 0.078387 0.800000 0.099486 -1.519747 0.000000 0.000000 0.000000
2.398335 0.063183 0.800000 0.080202 -1.521137 0.000000 0.000000 0.000000
2.399041 0.047965 0.800000 0.060896 -1.522282 0.000000 0.000000 0.000000
2.399553 0.032738 0.800000 0.041570 -1.523183 0.000000 0.000000 0.000000
2.399872 0.017502 0.800000 0.022228 -1.523838 0.000000 0.000000 0.000000
2.399998 0.002262 0.800000 0.002873 -1.524247 0.000000 0.000000 0.000000
2.399930 -0.012982 0.800000 -0.016492 -1.524411 0.000000 0.000000 0.000000
2.399668 -0.028226 0.800000 -0.035864 -1.524328 0.000000 0.000000 0.000000
2.399212 -0.043467 0.800000 -0.055240 -1.523999 0.000000 0.000000 0.000000
2.398563 -0.058705 0.800000 -0.074616 -1.523424 0.000000 0.000000 0.000000
2.397720 -0.073935 0.800000 -0.093990 -1.522602 0.000000 0.000000 0.000000
2.396683 -0.089156 0.800000 -0.113358 -1.521533 0.000000 0.000000 0.000000
2.395453 -0.104365 0.800000 -0.132717 -1.520218 0.000000 0.000000 0.000000
2.394029 -0.119560 0.800000 -0.152065 -1.518656 0.000000 0.000000 0.000000
2.392412 -0.134737 0.800000 -0.171397 -1.516847 0.000000 0.000000 0.000000
2.390601 -0.149896 0.800000 -0.190711 -1.514792 0.000000 0.000000 0.000000
2.388598 -0.165032 0.800000 -0.210004 -1.512490 0.000000 0.000000 0.000000
2.386401 -0.180145 0.800000 -0.229272 -1.509943 0.000000 0.000000 0.000000
2.384012 -0.195230 0.800000 -0.248512 -1.507149 0.000000 0.000000 0.000000
2.381431 -0.210287 0.800000 -0.267721 -1.504109 0.000000 0.000000 0.000000
2.378658 -0.225312 0.800000 -0.286897 -1.500825 0.000000 0.000000 0.000000
2.375693 -0.240302 0.800000 -0.306035 -1.497294 0.000000 0.000000 0.000000
2.372537 -0.255257 0.800000 -0.325133 -1.493520 0.000000 0.000000 0.000000
2.369191 -0.270172 0.800000 -0.344188 -1.489500 0.000000 0.000000 0.000000
2.365654 -0.285046 0.800000 -0.363196 -1.485237 0.000000 0.000000 0.000000
2.361927 -0.299876 0.800000 -0.382154 -1.480731 0.000000 0.000000 0.000000
2.358011 -0.314660 0.800000 -0.401060 -1.475981 0.000000 0.000000 0.000000
2.353906 -0.329395 0.800000 -0.419910 -1.470990 0.000000 0.000000 0.000000
2.349613 -0.344079 0.800000 -0.438700 -1.465756 0.000000 0.000000 0.000000
2.345132 -0.358709 0.800000 -0.457429 -1.460282 0.000000 0.000000 0.000000
2.340465 -0.373284 0.800000 -0.476092 -1.454567 0.000000 0.000000 0.000000
2.335611 -0.387800 0.800000 -0.494687 -1.448613 0.000000 0.000000 0.000000
2.330571 -0.402255 0.800000 -0.513210 -1.442420 0.000000 0.000000 0.000000
2.325347 -0.416647 0.800000 -0.531659 -1.435989 0.000000 0.000000 0.000000
2.319938 -0.430974 0.800000 -0.550031 -1.429321 0.000000 0.000000 0.000000
2.314346 -0.445233 0.800000 -0.568321 -1.422417 0.000000 0.000000 0.000000
2.308572 -0.459422 0.800000 -0.586528 -1.415277 0.000000 0.000000 0.000000
2.302616 -0.473538 0.800000 -0.604648 -1.407903 0.000000 0.000000 0.000000
2.296479 -0.487579 0.800000 -0.622679 -1.400295 0.000000 0.000000 0.000000
2.290163 -0.501543 0.800000 -0.640616 -1.392456 0.000000 0.000000 0.000000
2.283667 -0.515427 0.800000 -0.658458 -1.384385 0.000000 0.000000 0.000000
2.276994 -0.529230 0.800000 -0.676201 -1.376084 0.000000 0.000000 0.000000
2.270144 -0.542948 0.800000 -0.693842 -1.367554 0.000000 0.000000 0.000000
2.263117 -0.556580 0.800000 -0.711379 -1.358797 0.000000 0.000000 0.000000
2.255916 -0.570123 0.800000 -0.728808 -1.349813 0.000000 0.000000 0.000000
2.248542 -0.583576 0.800000 -0.746126 -1.340604 0.000000 0.000000 0.000000
2.240994 -0.596935 0.800000 -0.763330 -1.331171 0.000000 0.000000 0.000000
2.233275 -0.610198 0.800000 -0.780418 -1.321516 0.000000 0.000000 0.000000
2.225386 -0.623364 0.800000 -0.797387 -1.311640 0.000000 0.000000 0.000000
2.217328 -0.636430 0.800000 -0.814233 -1.301544 0.000000 0.000000 0.000000
2.209102 -0.649394 0.800000 -0.830954 -1.291230 0.000000 0.000000 0.000000
2.200709 -0.662254 0.800000 -0.847547 -1.280700 0.000000 0.000000 0.000000
2.192152 -0.675008 0.800000 -0.864010 -1.269954 0.000000 0.000000 0.000000
2.183430 -0.687653 0.800000 -0.880339 -1.258995 0.000000 0.000000 0.000000
2.174545 -0.700187 0.800000 -0.896531 -1.247824 0.000000 0.000000 0.000000
2.165500 -0.712608 0.800000 -0.912584 -1.236443 0.000000 0.000000 0.000000
2.156294 -0.724915 0.800000 -0.928495 -1.224853 0.000000 0.000000 0.000000
2.146930 -0.737105 0.800000 -0.944262 -1.213057 0.000000 0.000000 0.000000
2.137409 -0.749175 0.800000 -0.959881 -1.201056 0.000000 0.000000 0.000000
2.127733 -0.761125 0.800000 -0.975350 -1.188851 0.000000 0.000000 0.000000
2.117903 -0.772952 0.800000 -0.990667 -1.176445 0.000000 0.000000 0.000000
2.107920 -0.784653 0.800000 -1.005828 -1.163840 0.000000 0.000000 0.000000
2.097787 -0.796228 0.800000 -1.020831 -1.151037 0.000000 0.000000 0.000000
2.087504 -0.807674 0.800000 -1.035673 -1.138039 0.000000 0.000000 0.000000
2.077074 -0.818988 0.800000 -1.050352 -1.124847 0.000000 0.000000 0.000000
2.066498 -0.830170 0.800000 -1.064866 -1.111464 0.000000 0.000000 0.000000
2.055777 -0.841217 0.800000 -1.079211 -1.097891 0.000000 0.000000 0.000000
2.044914 -0.852127 0.800000 -1.093385 -1.084130 0.000000 0.000000 0.000000
2.033910 -0.862899 0.800000 -1.107387 -1.070184 0.000000 0.000000 0.000000
2.022767 -0.873530 0.800000 -1.121212 -1.056055 0.000000 0.000000 0.000000
2.011486 -0.884019 0.800000 -1.134860 -1.041746 0.000000 0.000000 0.000000
2.000070 -0.894364 0.800000 -1.148327 -1.027257 0.000000 0.000000 0.000000
1.988520 -0.904564 0.800000 -1.161611 -1.012592 0.000000 0.000000 0.000000
1.976839 -0.914616 0.800000 -1.174709 -0.997752 0.000000 0.000000 0.000000
1.965027 -0.924518 0.800000 -1.187621 -0.982741 0.000000 0.000000 0.000000
1.953087 -0.934270 0.800000 -1.200342 -0.967560 0.000000 0.000000 0.000000
1.941021 -0.943869 0.800000 -1.212872 -0.952211 0.000000 0.000000 0.000000
1.928830 -0.953314 0.800000 -1.225207 -0.936698 0.000000 0.000000 0.000000
1.916517 -0.962602 0.800000 -1.237345 -0.921023 0.000000 0.000000 0.000000
1.904084 -0.971734 0.800000 -1.249285 -0.905188 0.000000 0.000000 0.000000
1.891532 -0.980706 0.800000 -1.261024 -0.889195 0.000000 0.000000 0.000000
1.878864 -0.989517 0.800000 -1.272560 -0.873047 0.000000 0.000000 0.000000
1.866082 -0.998166 0.800000 -1.283891 -0.856747 0.000000 0.000000 0.000000
1.853187 -1.006651 0.800000 -1.295015 -0.840298 0.000000 0.000000 0.000000
1.840182 -1.014971 0.800000 -1.305930 -0.823701 0.000000 0.000000 0.000000
1.827069 -1.023125 0.800000 -1.316634 -0.806959 0.000000 0.000000 0.000000
1.813850 -1.031110 0.800000 -1.327125 -0.790076 0.000000 0.000000 0.000000
1.800527 -1.038926 0.800000 -1.337401 -0.773054 0.000000 0.000000 0.000000
1.787103 -1.046571 0.800000 -1.347460 -0.755895 0.000000 0.000000 0.000000
1.773579 -1.054043 0.800000 -1.357300 -0.738602 0.000000 0.000000 0.000000
1.759957 -1.061342 0.800000 -1.366921 -0.721179 0.000000 0.000000 0.000000
1.746241 -1.068467 0.800000 -1.376318 -0.703627 0.000000 0.000000 0.000000
1.732432 -1.075415 0.800000 -1.385492 -0.685950 0.000000 0.000000 0.000000
1.718532 -1.082185 0.800000 -1.394441 -0.668150 0.000000 0.000000 0.000000
1.704544 -1.088777 0.800000 -1.403162 -0.650231 0.000000 0.000000 0.000000
1.690469 -1.095189 0.800000 -1.411653 -0.632195 0.000000 0.000000 0.000000
1.676311 -1.101421 0.800000 -1.419915 -0.614045 0.000000 0.000000 0.000000
1.662072 -1.107470 0.800000 -1.427944 -0.595784 0.000000 0.000000 0.000000
1.647753 -1.113336 0.800000 -1.435739 -0.577415 0.000000 0.000000 0.000000
1.633358 -1.119018 0.800000 -1.443300 -0.558941 0.000000 0.000000 0.000000
1.618888 -1.124514 0.800000 -1.450624 -0.540366 0.000000 0.000000 0.000000
1.604346 -1.129825 0.800000 -1.457709 -0.521691 0.000000 0.000000 0.000000
1.589735 -1.134948 0.800000 -1.464556 -0.502920 0.000000 0.000000 0.000000
1.575056 -1.139883 0.800000 -1.471161 -0.484057 0.000000 0.000000 0.000000
1.560312 -1.144629 0.800000 -1.477525 -0.465103 0.000000 0.000000 0.000000
1.545506 -1.149185 0.800000 -1.483645 -0.446063 0.000000 0.000000 0.000000
1.530640 -1.153550 0.800000 -1.489521 -0.426939 0.000000 0.000000 0.000000
1.515717 -1.157723 0.800000 -1.495151 -0.407735 0.000000 0.000000 0.000000
1.500738 -1.161704 0.800000 -1.500535 -0.388453 0.000000 0.000000 0.000000
1.485707 -1.165492 0.800000 -1.505670 -0.369097 0.000000 0.000000 0.000000
1.470625 -1.169086 0.800000 -1.510556 -0.349671 0.000000 0.000000 0.000000
1.455497 -1.172485 0.800000 -1.515193 -0.330176 0.000000 0.000000 0.000000
1.440322 -1.175689 0.800000 -1.519578 -0.310617 0.000000 0.000000 0.000000
1.425106 -1.178697 0.800000 -1.523712 -0.290996 0.000000 0.000000 0.000000
1.409849 -1.181509 0.800000 -1.527593 -0.271317 0.000000 0.000000 0.000000
1.394555 -1.184123 0.800000 -1.531220 -0.251584 0.000000 0.000000 0.000000
1.379226 -1.186540 0.800000 -1.534592 -0.231798 0.000000 0.000000 0.000000
1.363864 -1.188759 0.800000 -1.537710 -0.211965 0.000000 0.000000 0.000000
1.348472 -1.190780 0.800000 -1.540571 -0.192086 0.000000 0.000000 0.000000
1.333053 -1.192601 0.800000 -1.543176 -0.172165 0.000000 0.000000 0.000000
1.317610 -1.194223 0.800000 -1.545523 -0.152206 0.000000 0.000000 0.000000
1.302144 -1.195645 0.800000 -1.547613 -0.132212 0.000000 0.000000 0.000000
1.286658 -1.196867 0.800000 -1.549444 -0.112186 0.000000 0.000000 0.000000
1.271156 -1.197889 0.800000 -1.551016 -0.092132 0.000000 0.000000 0.000000
1.255639 -1.198709 0.800000 -1.552329 -0.072052 0.000000 0.000000 0.000000
1.240110 -1.199329 0.800000 -1.553382 -0.051951 0.000000 0.000000 0.000000
1.224572 -1.199748 0.800000 -1.554174 -0.031831 0.000000 0.000000 0.000000
1.209027 -1.199966 0.800000 -1.554706 -0.011696 0.000000 0.000000 0.000000
1.193479 -1.199982 0.800000 -1.554977 0.008451 0.000000 0.000000 0.000000
1.177929 -1.199797 0.800000 -1.554987 0.028605 0.000000 0.000000 0.000000
1.162380 -1.199410 0.800000 -1.554735 0.048765 0.000000 0.000000 0.000000
1.146835 -1.198822 0.800000 -1.554222 0.068926 0.000000 0.000000 0.000000
1.131296 -1.198032 0.800000 -1.553448 0.089086 0.000000 0.000000 0.000000
1.115767 -1.197040 0.800000 -1.552411 0.109240 0.000000 0.000000 0.000000
1.100249 -1.195847 0.800000 -1.551113 0.129386 0.000000 0.000000 0.000000
1.084745 -1.194452 0.800000 -1.549553 0.149519 0.000000 0.000000 0.000000
1.069259 -1.192857 0.800000 -1.547731 0.169637 0.000000 0.000000 0.000000
1.053792 -1.191060 0.800000 -1.545648 0.189736 0.000000 0.000000 0.000000
1.038347 -1.189062 0.800000 -1.543303 0.209813 0.000000 0.000000 0.000000
1.022926 -1.186863 0.800000 -1.540697 0.229864 0.000000 0.000000 0.000000
1.007534 -1.184465 0.800000 -1.537830 0.249886 0.000000 0.000000 0.000000
0.992171 -1.181866 0.800000 -1.534702 0.269875 0.000000 0.000000 0.000000
0.976840 -1.179067 0.800000 -1.531314 0.289829 0.000000 0.000000 0.000000
0.961545 -1.176069 0.800000 -1.527665 0.309743 0.000000 0.000000 0.000000
0.946288 -1.172873 0.800000 -1.523757 0.329614 0.000000 0.000000 0.000000
0.931071 -1.169477 0.800000 -1.519590 0.349440 0.000000 0.000000 0.000000
0.915897 -1.165884 0.800000 -1.515163 0.369216 0.000000 0.000000 0.000000
0.900769 -1.162093 0.800000 -1.510479 0.388939 0.000000 0.000000 0.000000
0.885688 -1.158105 0.800000 -1.505537 0.408605 0.000000 0.000000 0.000000
0.870659 -1.153921 0.800000 -1.500338 0.428212 0.000000 0.000000 0.000000
0.855682 -1.149541 0.800000 -1.494883 0.447756 0.000000 0.000000 0.000000
0.840762 -1.144966 0.800000 -1.489172 0.467234 0.000000 0.000000 0.000000
0.825900 -1.140197 0.800000 -1.483206 0.486642 0.000000 0.000000 0.000000
0.811099 -1.135234 0.800000 -1.476986 0.505977 0.000000 0.000000 0.000000
0.796361 -1.130078 0.800000 -1.470514 0.525235 0.000000 0.000000 0.000000
0.781689 -1.124729 0.800000 -1.463788 0.544414 0.000000 0.000000 0.000000
0.767086 -1.119190 0.800000 -1.456812 0.563510 0.000000 0.000000 0.000000
0.752554 -1.113459 0.800000 -1.449585 0.582519 0.000000 0.000000 0.000000
0.738095 -1.107540 0.800000 -1.442109 0.601439 0.000000 0.000000 0.000000
0.723712 -1.101431 0.800000 -1.434384 0.620265 0.000000 0.000000 0.000000
0.709408 -1.095135 0.800000 -1.426413 0.638996 0.000000 0.000000 0.000000
0.695185 -1.088651 0.800000 -1.418195 0.657627 0.000000 0.000000 0.000000
0.681045 -1.081982 0.800000 -1.409733 0.676155 0.000000 0.000000 0.000000
0.666991 -1.075129 0.800000 -1.401027 0.694577 0.000000 0.000000 0.000000
0.653025 -1.068091 0.800000 -1.392079 0.712890 0.000000 0.000000 0.000000
0.639150 -1.060871 0.800000 -1.382890 0.731091 0.000000 0.000000 0.000000
0.625368 -1.053470 0.800000 -1.373461 0.749176 0.000000 0.000000 0.000000
0.611682 -1.045888 0.800000 -1.363794 0.767142 0.000000 0.000000 0.000000
0.598093 -1.038127 0.800000 -1.353891 0.784987 0.000000 0.000000 0.000000
0.584605 -1.030189 0.800000 -1.343752 0.802706 0.000000 0.000000 0.000000
0.571219 -1.022074 0.800000 -1.333380 0.820297 0.000000 0.000000 0.000000
0.557938 -1.013783 0.800000 -1.322776 0.837757 0.000000 0.000000 0.000000
0.544764 -1.005319 0.800000 -1.311941 0.855083 0.000000 0.000000 0.000000
0.531700 -0.996682 0.800000 -1.300878 0.872271 0.000000 0.000000 0.000000
0.518747 -0.987874 0.800000 -1.289587 0.889318 0.000000 0.000000 0.000000
0.505909 -0.978896 0.800000 -1.278071 0.906223 0.000000 0.000000 0.000000
0.493187 -0.969750 0.800000 -1.266332 0.922980 0.000000 0.000000 0.000000
0.480583 -0.960437 0.800000 -1.254371 0.939588 0.000000 0.000000 0.000000
0.468100 -0.950959 0.800000 -1.242190 0.956044 0.000000 0.000000 0.000000
0.455740 -0.941317 0.800000 -1.229791 0.972345 0.000000 0.000000 0.000000
0.443505 -0.931512 0.800000 -1.217176 0.988487 0.000000 0.000000 0.000000
0.431397 -0.921547 0.800000 -1.204347 1.004468 0.000000 0.000000 0.000000
0.419419 -0.911424 0.800000 -1.191307 1.020285 0.000000 0.000000 0.000000
0.407572 -0.901142 0.800000 -1.178056 1.035935 0.000000 0.000000 0.000000
0.395858 -0.890705 0.800000 -1.164597 1.051415 0.000000 0.000000 0.000000
0.384281 -0.880115 0.800000 -1.150933 1.066723 0.000000 0.000000 0.000000
0.372840 -0.869372 0.800000 -1.137066 1.081856 0.000000 0.000000 0.000000
0.361540 -0.858478 0.800000 -1.122997 1.096811 0.000000 0.000000 0.000000
0.350381 -0.847436 0.800000 -1.108729 1.111585 0.000000 0.000000 0.000000
0.339366 -0.836247 0.800000 -1.094264 1.126176 0.000000 0.000000 0.000000
0.328496 -0.824913 0.800000 -1.079605 1.140580 0.000000 0.000000 0.000000
0.317774 -0.813436 0.800000 -1.064754 1.154796 0.000000 0.000000 0.000000
0.307202 -0.801818 0.800000 -1.049713 1.168821 0.000000 0.000000 0.000000
0.296781 -0.790060 0.800000 -1.034485 1.182653 0.000000 0.000000 0.000000
0.286513 -0.778165 0.800000 -1.019072 1.196287 0.000000 0.000000 0.000000
0.276400 -0.766135 0.800000 -1.003477 1.209724 0.000000 0.000000 0.000000
0.266444 -0.753972 0.800000 -0.987703 1.222958 0.000000 0.000000 0.000000
0.256647 -0.741677 0.800000 -0.971751 1.235990 0.000000 0.000000 0.000000
0.247010 -0.729252 0.800000 -0.955625 1.248815 0.000000 0.000000 0.000000
0.237535 -0.716701 0.800000 -0.939326 1.261431 0.000000 0.000000 0.000000
0.228224 -0.704025 0.800000 -0.922859 1.273837 0.000000 0.000000 0.000000
0.219078 -0.691225 0.800000 -0.906225 1.286030 0.000000 0.000000 0.000000
0.210100 -0.678305 0.800000 -0.889427 1.298007 0.000000 0.000000 0.000000
0.201290 -0.665266 0.800000 -0.872468 1.309767 0.000000 0.000000 0.000000
0.192651 -0.652110 0.800000 -0.855351 1.321306 0.000000 0.000000 0.000000
0.184184 -0.638840 0.800000 -0.838079 1.332624 0.000000 0.000000 0.000000
0.175890 -0.625458 0.800000 -0.820653 1.343718 0.000000 0.000000 0.000000
0.167771 -0.611967 0.800000 -0.803079 1.354586 0.000000 0.000000 0.000000
0.159829 -0.598367 0.800000 -0.785357 1.365225 0.000000 0.000000 0.000000
0.152064 -0.584663 0.800000 -0.767492 1.375634 0.000000 0.000000 0.000000
0.144479 -0.570855 0.800000 -0.749486 1.385811 0.000000 0.000000 0.000000
0.137075 -0.556947 0.800000 -0.731342 1.395753 0.000000 0.000000 0.000000
0.129853 -0.542941 0.800000 -0.713063 1.405460 0.000000 0.000000 0.000000
0.122814 -0.528839 0.800000 -0.694652 1.414928 0.000000 0.000000 0.000000
0.115960 -0.514643 0.800000 -0.676113 1.424157 0.000000 0.000000 0.000000
0.109292 -0.500357 0.800000 -0.657448 1.433144 0.000000 0.000000 0.000000
0.102812 -0.485981 0.800000 -0.638661 1.441888 0.000000 0.000000 0.000000
0.096520 -0.471520 0.800000 -0.619754 1.450387 0.000000 0.000000 0.000000
0.090417 -0.456974 0.800000 -0.600731 1.458639 0.000000 0.000000 0.000000
0.084505 -0.442348 0.800000 -0.581595 1.466643 0.000000 0.000000 0.000000
0.078785 -0.427642 0.800000 -0.562350 1.474397 0.000000 0.000000 0.000000
0.073259 -0.412861 0.800000 -0.542998 1.481900 0.000000 0.000000 0.000000
0.067926 -0.398005 0.800000 -0.523543 1.489149 0.000000 0.000000 0.000000
0.062788 -0.383079 0.800000 -0.503988 1.496144 0.000000 0.000000 0.000000
0.057846 -0.368083 0.800000 -0.484336 1.502884 0.000000 0.000000 0.000000
0.053102 -0.353022 0.800000 -0.464591 1.509366 0.000000 0.000000 0.000000
0.048555 -0.337897 0.800000 -0.444757 1.515590 0.000000 0.000000 0.000000
0.044207 -0.322711 0.800000 -0.424835 1.521553 0.000000 0.000000 0.000000
0.040058 -0.307467 0.800000 -0.404831 1.527256 0.000000 0.000000 0.000000
0.036111 -0.292167 0.800000 -0.384747 1.532697 0.000000 0.000000 0.000000
0.032364 -0.276814 0.800000 -0.364586 1.537874 0.000000 0.000000 0.000000
0.028819 -0.261410 0.800000 -0.344353 1.542787 0.000000 0.000000 0.000000
0.025477 -0.245959 0.800000 -0.324051 1.547434 0.000000 0.000000 0.000000
0.022338 -0.230462 0.800000 -0.303682 1.551815 0.000000 0.000000 0.000000
0.019404 -0.214923 0.800000 -0.283251 1.555928 0.000000 0.000000 0.000000
0.016673 -0.199345 0.800000 -0.262761 1.559772 0.000000 0.000000 0.000000
0.014149 -0.183729 0.800000 -0.242216 1.563348 0.000000 0.000000 0.000000
0.011829 -0.168078 0.800000 -0.221618 1.566653 0.000000 0.000000 0.000000
0.009716 -0.152397 0.800000 -0.200973 1.569687 0.000000 0.000000 0.000000
0.007810 -0.136686 0.800000 -0.180283 1.572449 0.000000 0.000000 0.000000
0.006111 -0.120948 0.800000 -0.159551 1.574939 0.000000 0.000000 0.000000
0.004619 -0.105188 0.800000 -0.138782 1.577156 0.000000 0.000000 0.000000
0.003335 -0.089406 0.800000 -0.117979 1.579099 0.000000 0.000000 0.000000
0.002260 -0.073607 0.800000 -0.097146 1.580768 0.000000 0.000000 0.000000
0.001392 -0.057792 0.800000 -0.076285 1.582162 0.000000 0.000000 0.000000
0.000734 -0.041964 0.800000 -0.055402 1.583281 0.000000 0.000000 0.000000
0.000284 -0.026127 0.800000 -0.034499 1.584124 0.000000 0.000000 0.000000
0.000044 -0.010283 0.800000 -0.013580 1.584692 0.000000 0.000000 0.000000
0.000013 0.005566 0.800000 0.007351 1.584983 0.000000 0.000000 0.000000
0.000191 0.021416 0.800000 0.028291 1.584998 0.000000 0.000000 0.000000
0.000579 0.037265 0.800000 0.049236 1.584735 0.000000 0.000000 0.000000
0.001176 0.053110 0.800000 0.070182 1.584196 0.000000 0.000000 0.000000
0.001982 0.068948 0.800000 0.091126 1.583380 0.000000 0.000000 0.000000
0.002998 0.084776 0.800000 0.112064 1.582287 0.000000 0.000000 0.000000
0.004224 0.100593 0.800000 0.132992 1.580916 0.000000 0.000000 0.000000
0.005658 0.116394 0.800000 0.153906 1.579268 0.000000 0.000000 0.000000
0.007302 0.132177 0.800000 0.174804 1.577343 0.000000 0.000000 0.000000
0.009154 0.147940 0.800000 0.195681 1.575142 0.000000 0.000000 0.000000
0.011215 0.163679 0.800000 0.216534 1.572663 0.000000 0.000000 0.000000
0.013485 0.179392 0.800000 0.237358 1.569908 0.000000 0.000000 0.000000
0.015962 0.195076 0.800000 0.258151 1.566877 0.000000 0.000000 0.000000
0.018648 0.210729 0.800000 0.278908 1.563569 0.000000 0.000000 0.000000
0.021540 0.226347 0.800000 0.299626 1.559986 0.000000 0.000000 0.000000
0.024640 0.241927 0.800000 0.320302 1.556128 0.000000 0.000000 0.000000
0.027946 0.257468 0.800000 0.340931 1.551995 0.000000 0.000000 0.000000
0.031458 0.272966 0.800000 0.361510 1.547587 0.000000 0.000000 0.000000
0.035176 0.288419 0.800000 0.382035 1.542906 0.000000 0.000000 0.000000
0.039099 0.303824 0.800000 0.402503 1.537952 0.000000 0.000000 0.000000
0.043226 0.319177 0.800000 0.422910 1.532725 0.000000 0.000000 0.000000
0.047557 0.334477 0.800000 0.443252 1.527227 0.000000 0.000000 0.000000
0.052091 0.349721 0.800000 0.463526 1.521458 0.000000 0.000000 0.000000
0.056827 0.364906 0.800000 0.483728 1.515418 0.000000 0.000000 0.000000
0.061765 0.380028 0.800000 0.503854 1.509110 0.000000 0.000000 0.000000
0.066904 0.395087 0.800000 0.523902 1.502532 0.000000 0.000000 0.000000
0.072243 0.410078 0.800000 0.543866 1.495688 0.000000 0.000000 0.000000
0.077781 0.425000 0.800000 0.563744 1.488577 0.000000 0.000000 0.000000
0.083518 0.439849 0.800000 0.583533 1.481200 0.000000 0.000000 0.000000
0.089451 0.454623 0.800000 0.603228 1.473559 0.000000 0.000000 0.000000
0.095582 0.469319 0.800000 0.622826 1.465655 0.000000 0.000000 0.000000
0.101908 0.483935 0.800000 0.642323 1.457489 0.000000 0.000000 0.000000
0.108428 0.498468 0.800000 0.661716 1.449062 0.000000 0.000000 0.000000
0.115142 0.512915 0.800000 0.681002 1.440376 0.000000 0.000000 0.000000
0.122048 0.527275 0.800000 0.700177 1.431431 0.000000 0.000000 0.000000
0.129145 0.541543 0.800000 0.719237 1.422230 0.000000 0.000000 0.000000
0.136432 0.555718 0.800000 0.738179 1.412773 0.000000 0.000000 0.000000
0.143908 0.569798 0.800000 0.757000 1.403062 0.000000 0.000000 0.000000
0.151571 0.583779 0.800000 0.775696 1.393099 0.000000 0.000000 0.000000
0.159421 0.597659 0.800000 0.794264 1.382886 0.000000 0.000000 0.000000
0.167456 0.611436 0.800000 0.812700 1.372423 0.000000 0.000000 0.000000
0.175675 0.625107 0.800000 0.831001 1.361712 0.000000 0.000000 0.000000
0.184076 0.638669 0.800000 0.849164 1.350756 0.000000 0.000000 0.000000
0.192658 0.652121 0.800000 0.867185 1.339555 0.000000 0.000000 0.000000
0.201419 0.665459 0.800000 0.885061 1.328113 0.000000 0.000000 0.000000
0.210358 0.678682 0.800000 0.902789 1.316429 0.000000 0.000000 0.000000
0.219474 0.691787 0.800000 0.920365 1.304508 0.000000 0.000000 0.000000
0.228765 0.704772 0.800000 0.937787 1.292349 0.000000 0.000000 0.000000
0.238230 0.717633 0.800000 0.955050 1.279956 0.000000 0.000000 0.000000
0.247866 0.730370 0.800000 0.972153 1.267330 0.000000 0.000000 0.000000
0.257672 0.742979 0.800000 0.989091 1.254474 0.000000 0.000000 0.000000
0.267647 0.755459 0.800000 1.005862 1.241389 0.000000 0.000000 0.000000
0.277789 0.767806 0.800000 1.022462 1.228078 0.000000 0.000000 0.000000
0.288096 0.780020 0.800000 1.038889 1.214543 0.000000 0.000000 0.000000
0.298566 0.792096 0.800000 1.055138 1.200785 0.000000 0.000000 0.000000
0.309198 0.804035 0.800000 1.071208 1.186808 0.000000 0.000000 0.000000
0.319990 0.815832 0.800000 1.087096 1.172614 0.000000 0.000000 0.000000
0.330939 0.827486 0.800000 1.102798 1.158205 0.000000 0.000000 0.000000
0.342045 0.838995 0.800000 1.118311 1.143583 0.000000 0.000000 0.000000
0.353305 0.850357 0.800000 1.133632 1.128751 0.000000 0.000000 0.000000
0.364717 0.861570 0.800000 1.148759 1.113711 0.000000 0.000000 0.000000
0.376279 0.872631 0.800000 1.163689 1.098466 0.000000 0.000000 0.000000
0.387990 0.883538 0.800000 1.178419 1.083018 0.000000 0.000000 0.000000
0.399847 0.894290 0.800000 1.192946 1.067371 0.000000 0.000000 0.000000
0.411848 0.904885 0.800000 1.207267 1.051526 0.000000 0.000000 0.000000
0.423992 0.915320 0.800000 1.221380 1.035486 0.000000 0.000000 0.000000
0.436275 0.925594 0.800000 1.235282 1.019255 0.000000 0.000000 0.000000
0.448697 0.935705 0.800000 1.248971 1.002834 0.000000 0.000000 0.000000
0.461254 0.945650 0.800000 1.262443 0.986226 0.000000 0.000000 0.000000
0.473945 0.955429 0.800000 1.275696 0.969435 0.000000 0.000000 0.000000
0.486767 0.965038 0.800000 1.288728 0.952463 0.000000 0.000000 0.000000
0.499718 0.974477 0.800000 1.301536 0.935314 0.000000 0.000000 0.000000
0.512797 0.983744 0.800000 1.314118 0.917989 0.000000 0.000000 0.000000
0.526000 0.992836 0.800000 1.326471 0.900492 0.000000 0.000000 0.000000
0.539326 1.001753 0.800000 1.338593 0.882826 0.000000 0.000000 0.000000
0.552771 1.010492 0.800000 1.350481 0.864994 0.000000 0.000000 0.000000
0.566334 1.019052 0.800000 1.362133 0.847000 0.000000 0.000000 0.000000
0.580013 1.027432 0.800000 1.373548 0.828845 0.000000 0.000000 0.000000
0.593805 1.035629 0.800000 1.384722 0.810534 0.000000 0.000000 0.000000
0.607707 1.043642 0.800000 1.395654 0.792069 0.000000 0.000000 0.000000
0.621717 1.051470 0.800000 1.406341 0.773454 0.000000 0.000000 0.000000
0.635833 1.059111 0.800000 1.416781 0.754691 0.000000 0.000000 0.000000
0.650052 1.066563 0.800000 1.426972 0.735785 0.000000 0.000000 0.000000
0.664371 1.073826 0.800000 1.436913 0.716738 0.000000 0.000000 0.000000
0.678789 1.080897 0.800000 1.446601 0.697554 0.000000 0.000000 0.000000
0.693302 1.087776 0.800000 1.456034 0.678236 0.000000 0.000000 0.000000
0.707909 1.094462 0.800000 1.465211 0.658787 0.000000 0.000000 0.000000
0.722606 1.100952 0.800000 1.474129 0.639211 0.000000 0.000000 0.000000
0.737391 1.107245 0.800000 1.482786 0.619511 0.000000 0.000000 0.000000
0.752261 1.113342 0.800000 1.491182 0.599691 0.000000 0.000000 0.000000
0.767213 1.119239 0.800000 1.499314 0.579754 0.000000 0.000000 0.000000
0.782246 1.124936 0.800000 1.507180 0.559703 0.000000 0.000000 0.000000
0.797356 1.130433 0.800000 1.514780 0.539543 0.000000 0.000000 0.000000
0.812541 1.135727 0.800000 1.522110 0.519276 0.000000 0.000000 0.000000
0.827797 1.140818 0.800000 1.529171 0.498907 0.000000 0.000000 0.000000
0.843123 1.145705 0.800000 1.535960 0.478438 0.000000 0.000000 0.000000
0.858516 1.150386 0.800000 1.542476 0.457874 0.000000 0.000000 0.000000
0.873972 1.154862 0.800000 1.548718 0.437217 0.000000 0.000000 0.000000
0.889489 1.159130 0.800000 1.554683 0.416473 0.000000 0.000000 0.000000
0.905065 1.163191 0.800000 1.560372 0.395644 0.000000 0.000000 0.000000
0.920696 1.167043 0.800000 1.565783 0.374733 0.000000 0.000000 0.000000
0.936379 1.170685 0.800000 1.570913 0.353746 0.000000 0.000000 0.000000
0.952113 1.174118 0.800000 1.575764 0.332685 0.000000 0.000000 0.000000
0.967894 1.177339 0.800000 1.580332 0.311554 0.000000 0.000000 0.000000
0.983719 1.180348 0.800000 1.584618 0.290358 0.000000 0.000000 0.000000
0.999585 1.183146 0.800000 1.588620 0.269099 0.000000 0.000000 0.000000
1.015490 1.185730 0.800000 1.592337 0.247781 0.000000 0.000000 0.000000
1.031431 1.188101 0.800000 1.595768 0.226409 0.000000 0.000000 0.000000
1.047404 1.190258 0.800000 1.598914 0.204987 0.000000 0.000000 0.000000
1.063408 1.192201 0.800000 1.601771 0.183517 0.000000 0.000000 0.000000
1.079439 1.193928 0.800000 1.604341 0.162004 0.000000 0.000000 0.000000
1.095494 1.195441 0.800000 1.606623 0.140452 0.000000 0.000000 0.000000
1.111570 1.196737 0.800000 1.608614 0.118864 0.000000 0.000000 0.000000
1.127665 1.197818 0.800000 1.610316 0.097245 0.000000 0.000000 0.000000
1.143776 1.198682 0.800000 1.611728 0.075598 0.000000 0.000000 0.000000
1.159899 1.199330 0.800000 1.612849 0.053928 0.000000 0.000000 0.000000
1.176032 1.199761 0.800000 1.613678 0.032237 0.000000 0.000000 0.000000
1.192172 1.199974 0.800000 1.614216 0.010531 0.000000 0.000000 0.000000
1.208315 1.199971 0.800000 1.614461 -0.011187 0.000000 0.000000 0.000000
1.224460 1.199751 0.800000 1.614415 -0.032914 0.000000 0.000000 0.000000
1.240602 1.199313 0.800000 1.614075 -0.054644 0.000000 0.000000 0.000000
1.256740 1.198658 0.800000 1.613443 -0.076375 0.000000 0.000000 0.000000
1.272870 1.197785 0.800000 1.612519 -0.098102 0.000000 0.000000 0.000000
1.288990 1.196696 0.800000 1.611301 -0.119821 0.000000 0.000000 0.000000
1.305095 1.195389 0.800000 1.609791 -0.141528 0.000000 0.000000 0.000000
1.321185 1.193865 0.800000 1.607987 -0.163220 0.000000 0.000000 0.000000
1.337254 1.192125 0.800000 1.605891 -0.184893 0.000000 0.000000 0.000000
1.353301 1.190168 0.800000 1.603503 -0.206542 0.000000 0.000000 0.000000
1.369323 1.187994 0.800000 1.600822 -0.228163 0.000000 0.000000 0.000000
1.385317 1.185604 0.800000 1.597849 -0.249753 0.000000 0.000000 0.000000
1.401279 1.182999 0.800000 1.594584 -0.271308 0.000000 0.000000 0.000000
1.417208 1.180178 0.800000 1.591028 -0.292823 0.000000 0.000000 0.000000
1.433099 1.177143 0.800000 1.587181 -0.314295 0.000000 0.000000 0.000000
1.448950 1.173893 0.800000 1.583043 -0.335720 0.000000 0.000000 0.000000
1.464759 1.170428 0.800000 1.578615 -0.357093 0.000000 0.000000 0.000000
1.480522 1.166751 0.800000 1.573898 -0.378412 0.000000 0.000000 0.000000
1.496236 1.162860 0.800000 1.568893 -0.399671 0.000000 0.000000 0.000000
1.511898 1.158758 0.800000 1.563599 -0.420868 0.000000 0.000000 0.000000
1.527507 1.154443 0.800000 1.558017 -0.441998 0.000000 0.000000 0.000000
1.543058 1.149918 0.800000 1.552150 -0.463057 0.000000 0.000000 0.000000
1.558549 1.145182 0.800000 1.545996 -0.484041 0.000000 0.000000 0.000000
1.573977 1.140237 0.800000 1.539558 -0.504947 0.000000 0.000000 0.000000
1.589339 1.135084 0.800000 1.532836 -0.525770 0.000000 0.000000 0.000000
1.604633 1.129722 0.800000 1.525831 -0.546507 0.000000 0.000000 0.000000
1.619855 1.124154 0.800000 1.518545 -0.567154 0.000000 0.000000 0.000000
1.635003 1.118380 0.800000 1.510977 -0.587707 0.000000 0.000000 0.000000
1.650073 1.112400 0.800000 1.503131 -0.608162 0.000000 0.000000 0.000000
1.665064 1.106217 0.800000 1.495006 -0.628515 0.000000 0.000000 0.000000
1.679972 1.099830 0.800000 1.486604 -0.648763 0.000000 0.000000 0.000000
1.694795 1.093242 0.800000 1.477926 -0.668901 0.000000 0.000000 0.000000
1.709530 1.086453 0.800000 1.468974 -0.688927 0.000000 0.000000 0.000000
1.724174 1.079464 0.800000 1.459750 -0.708836 0.000000 0.000000 0.000000
1.738724 1.072276 0.800000 1.450254 -0.728624 0.000000 0.000000 0.000000
1.753178 1.064892 0.800000 1.440488 -0.748289 0.000000 0.000000 0.000000
1.767533 1.057311 0.800000 1.430453 -0.767825 0.000000 0.000000 0.000000
1.781786 1.049535 0.800000 1.420153 -0.787230 0.000000 0.000000 0.000000
1.795935 1.041567 0.800000 1.409587 -0.806499 0.000000 0.000000 0.000000
1.809977 1.033406 0.800000 1.398758 -0.825629 0.000000 0.000000 0.000000
1.823910 1.025055 0.800000 1.387668 -0.844617 0.000000 0.000000 0.000000
1.837730 1.016514 0.800000 1.376318 -0.863459 0.000000 0.000000 0.000000
1.851435 1.007786 0.800000 1.364710 -0.882152 0.000000 0.000000 0.000000
1.865023 0.998872 0.800000 1.352847 -0.900691 0.000000 0.000000 0.000000
1.878491 0.989773 0.800000 1.340729 -0.919073 0.000000 0.000000 0.000000
1.891837 0.980491 0.800000 1.328361 -0.937295 0.000000 0.000000 0.000000
1.905057 0.971027 0.800000 1.315742 -0.955353 0.000000 0.000000 0.000000
1.918151 0.961384 0.800000 1.302876 -0.973244 0.000000 0.000000 0.000000
1.931114 0.951563 0.800000 1.289764 -0.990964 0.000000 0.000000 0.000000
1.943945 0.941565 0.800000 1.276410 -1.008511 0.000000 0.000000 0.000000
1.956642 0.931393 0.800000 1.262814 -1.025880 0.000000 0.000000 0.000000
1.969201 0.921048 0.800000 1.248980 -1.043068 0.000000 0.000000 0.000000
1.981620 0.910533 0.800000 1.234910 -1.060073 0.000000 0.000000 0.000000
1.993898 0.899848 0.800000 1.220606 -1.076890 0.000000 0.000000 0.000000
2.006032 0.888995 0.800000 1.206070 -1.093516 0.000000 0.000000 0.000000
2.018019 0.877978 0.800000 1.191306 -1.109949 0.000000 0.000000 0.000000
2.029857 0.866797 0.800000 1.176316 -1.126185 0.000000 0.000000 0.000000
2.041544 0.855455 0.800000 1.161102 -1.142221 0.000000 0.000000 0.000000
2.053078 0.843953 0.800000 1.145667 -1.158054 0.000000 0.000000 0.000000
2.064457 0.832295 0.800000 1.130013 -1.173680 0.000000 0.000000 0.000000
2.075678 0.820480 0.800000 1.114144 -1.189098 0.000000 0.000000 0.000000
2.086739 0.808513 0.800000 1.098062 -1.204303 0.000000 0.000000 0.000000
2.097638 0.796395 0.800000 1.081770 -1.219292 0.000000 0.000000 0.000000
2.108374 0.784128 0.800000 1.065271 -1.234064 0.000000 0.000000 0.000000
2.118943 0.771715 0.800000 1.048567 -1.248614 0.000000 0.000000 0.000000
2.129345 0.759157 0.800000 1.031662 -1.262940 0.000000 0.000000 0.000000
2.139576 0.746457 0.800000 1.014559 -1.277040 0.000000 0.000000 0.000000
2.149635 0.733617 0.800000 0.997260 -1.290910 0.000000 0.000000 0.000000
2.159520 0.720639 0.800000 0.979769 -1.304548 0.000000 0.000000 0.000000
2.169230 0.707526 0.800000 0.962089 -1.317951 0.000000 0.000000 0.000000
2.178761 0.694281 0.800000 0.944222 -1.331116 0.000000 0.000000 0.000000
2.188114 0.680905 0.800000 0.926173 -1.344040 0.000000 0.000000 0.000000
2.197284 0.667401 0.800000 0.907943 -1.356722 0.000000 0.000000 0.000000
2.206272 0.653771 0.800000 0.889538 -1.369159 0.000000 0.000000 0.000000
2.215075 0.640019 0.800000 0.870959 -1.381347 0.000000 0.000000 0.000000
2.223691 0.626145 0.800000 0.852210 -1.393285 0.000000 0.000000 0.000000
2.232118 0.612154 0.800000 0.833294 -1.404971 0.000000 0.000000 0.000000
2.240356 0.598047 0.800000 0.814216 -1.416401 0.000000 0.000000 0.000000
2.248402 0.583826 0.800000 0.794977 -1.427574 0.000000 0.000000 0.000000
2.256255 0.569496 0.800000 0.775582 -1.438487 0.000000 0.000000 0.000000
2.263913 0.555058 0.800000 0.756035 -1.449138 0.000000 0.000000 0.000000
2.271375 0.540514 0.800000 0.736338 -1.459525 0.000000 0.000000 0.000000
2.278639 0.525868 0.800000 0.716495 -1.469646 0.000000 0.000000 0.000000
2.285704 0.511122 0.800000 0.696510 -1.479499 0.000000 0.000000 0.000000
2.292569 0.496279 0.800000 0.676387 -1.489081 0.000000 0.000000 0.000000
2.299232 0.481341 0.800000 0.656128 -1.498390 0.000000 0.000000 0.000000
2.305691 0.466312 0.800000 0.635739 -1.507426 0.000000 0.000000 0.000000
2.311946 0.451194 0.800000 0.615221 -1.516185 0.000000 0.000000 0.000000
2.317995 0.435989 0.800000 0.594580 -1.524666 0.000000 0.000000 0.000000
2.323837 0.420701 0.800000 0.573819 -1.532867 0.000000 0.000000 0.000000
2.329471 0.405333 0.800000 0.552942 -1.540787 0.000000 0.000000 0.000000
2.334896 0.389887 0.800000 0.531952 -1.548423 0.000000 0.000000 0.000000
2.340110 0.374365 0.800000 0.510853 -1.555775 0.000000 0.000000 0.000000
2.345112 0.358772 0.800000 0.489649 -1.562840 0.000000 0.000000 0.000000
2.349903 0.343110 0.800000 0.468344 -1.569617 0.000000 0.000000 0.000000
2.354479 0.327381 0.800000 0.446943 -1.576104 0.000000 0.000000 0.000000
2.358841 0.311588 0.800000 0.425448 -1.582301 0.000000 0.000000 0.000000
2.362988 0.295736 0.800000 0.403864 -1.588205 0.000000 0.000000 0.000000
2.366918 0.279825 0.800000 0.382195 -1.593816 0.000000 0.000000 0.000000
2.370631 0.263860 0.800000 0.360444 -1.599131 0.000000 0.000000 0.000000
2.374127 0.247844 0.800000 0.338616 -1.604151 0.000000 0.000000 0.000000
2.377403 0.231778 0.800000 0.316715 -1.608873 0.000000 0.000000 0.000000
2.380461 0.215667 0.800000 0.294745 -1.613296 0.000000 0.000000 0.000000
2.383298 0.199513 0.800000 0.272710 -1.617421 0.000000 0.000000 0.000000
2.385915 0.183320 0.800000 0.250613 -1.621244 0.000000 0.000000 0.000000
2.388310 0.167089 0.800000 0.228460 -1.624767 0.000000 0.000000 0.000000
2.390484 0.150825 0.800000 0.206254 -1.627987 0.000000 0.000000 0.000000
2.392435 0.134531 0.800000 0.183999 -1.630903 0.000000 0.000000 0.000000
2.394164 0.118208 0.800000 0.161699 -1.633516 0.000000 0.000000 0.000000
2.395669 0.101861 0.800000 0.139359 -1.635825 0.000000 0.000000 0.000000
2.396951 0.085493 0.800000 0.116983 -1.637828 0.000000 0.000000 0.000000
2.398009 0.069106 0.800000 0.094574 -1.639525 0.000000 0.000000 0.000000
2.398842 0.052703 0.800000 0.072138 -1.640915 0.000000 0.000000 0.000000
2.399451 0.036289 0.800000 0.049678 -1.641999 0.000000 0.000000 0.000000
2.399836 0.019864 0.800000 0.027198 -1.642775 0.000000 0.000000 0.000000
2.399995 0.003434 0.800000 0.004703 -1.643243 0.000000 0.000000 0.000000
2.399930 -0.012999 0.800000 -0.017804 -1.643404 0.000000 0.000000 0.000000
2.399639 -0.029433 0.800000 -0.040317 -1.643255 0.000000 0.000000 0.000000
2.399123 -0.045863 0.800000 -0.062833 -1.642799 0.000000 0.000000 0.000000
2.398382 -0.062288 0.800000 -0.085347 -1.642033 0.000000 0.000000 0.000000
2.397416 -0.078703 0.800000 -0.107856 -1.640959 0.000000 0.000000 0.000000
2.396225 -0.095106 0.800000 -0.130355 -1.639576 0.000000 0.000000 0.000000
2.394809 -0.111494 0.800000 -0.152839 -1.637884 0.000000 0.000000 0.000000
2.393169 -0.127863 0.800000 -0.175305 -1.635884 0.000000 0.000000 0.000000
2.391303 -0.144210 0.800000 -0.197748 -1.633575 0.000000 0.000000 0.000000
2.389214 -0.160533 0.800000 -0.220164 -1.630957 0.000000 0.000000 0.000000
2.386900 -0.176828 0.800000 -0.242550 -1.628031 0.000000 0.000000 0.000000
2.384363 -0.193093 0.800000 -0.264899 -1.624798 0.000000 0.000000 0.000000
2.381602 -0.209323 0.800000 -0.287209 -1.621257 0.000000 0.000000 0.000000
2.378619 -0.225517 0.800000 -0.309475 -1.617409 0.000000 0.000000 0.000000
2.375413 -0.241670 0.800000 -0.331693 -1.613254 0.000000 0.000000 0.000000
2.371985 -0.257781 0.800000 -0.353858 -1.608794 0.000000 0.000000 0.000000
2.368336 -0.273845 0.800000 -0.375967 -1.604028 0.000000 0.000000 0.000000
2.364466 -0.289860 0.800000 -0.398015 -1.598957 0.000000 0.000000 0.000000
2.360376 -0.305823 0.800000 -0.419997 -1.593583 0.000000 0.000000 0.000000
2.356066 -0.321731 0.800000 -0.441911 -1.587905 0.000000 0.000000 0.000000
2.351538 -0.337580 0.800000 -0.463751 -1.581925 0.000000 0.000000 0.000000
2.346791 -0.353369 0.800000 -0.485514 -1.575644 0.000000 0.000000 0.000000
2.341828 -0.369092 0.800000 -0.507194 -1.569062 0.000000 0.000000 0.000000
2.336648 -0.384749 0.800000 -0.528789 -1.562180 0.000000 0.000000 0.000000
2.331252 -0.400335 0.800000 -0.550294 -1.555001 0.000000 0.000000 0.000000
2.325642 -0.415848 0.800000 -0.571704 -1.547524 0.000000 0.000000 0.000000
2.319819 -0.431284 0.800000 -0.593016 -1.539751 0.000000 0.000000 0.000000
2.313782 -0.446642 0.800000 -0.614226 -1.531683 0.000000 0.000000 0.000000
2.307534 -0.461917 0.800000 -0.635329 -1.523321 0.000000 0.000000 0.000000
2.301076 -0.477107 0.800000 -0.656321 -1.514668 0.000000 0.000000 0.000000
2.294408 -0.492210 0.800000 -0.677198 -1.505724 0.000000 0.000000 0.000000
2.287533 -0.507221 0.800000 -0.697957 -1.496490 0.000000 0.000000 0.000000
2.280450 -0.522138 0.800000 -0.718593 -1.486969 0.000000 0.000000 0.000000
2.273161 -0.536959 0.800000 -0.739102 -1.477162 0.000000 0.000000 0.000000
2.265668 -0.551681 0.800000 -0.759480 -1.467070 0.000000 0.000000 0.000000
2.257972 -0.566300 0.800000 -0.779724 -1.456695 0.000000 0.000000 0.000000
2.250074 -0.580814 0.800000 -0.799829 -1.446039 0.000000 0.000000 0.000000
2.241976 -0.595220 0.800000 -0.819791 -1.435105 0.000000 0.000000 0.000000
2.233679 -0.609515 0.800000 -0.839607 -1.423892 0.000000 0.000000 0.000000
2.225184 -0.623696 0.800000 -0.859272 -1.412405 0.000000 0.000000 0.000000
2.216494 -0.637762 0.800000 -0.878783 -1.400644 0.000000 0.000000 0.000000
2.207609 -0.651708 0.800000 -0.898136 -1.388611 0.000000 0.000000 0.000000
2.198532 -0.665533 0.800000 -0.917327 -1.376309 0.000000 0.000000 0.000000
2.189263 -0.679234 0.800000 -0.936352 -1.363740 0.000000 0.000000 0.000000
2.179805 -0.692807 0.800000 -0.955208 -1.350906 0.000000 0.000000 0.000000
2.170160 -0.706251 0.800000 -0.973891 -1.337810 0.000000 0.000000 0.000000
2.160328 -0.719563 0.800000 -0.992397 -1.324452 0.000000 0.000000 0.000000
2.150312 -0.732739 0.800000 -1.010722 -1.310837 0.000000 0.000000 0.000000
2.140114 -0.745778 0.800000 -1.028863 -1.296966 0.000000 0.000000 0.000000
2.129736 -0.758678 0.800000 -1.046817 -1.282841 0.000000 0.000000 0.000000
2.119178 -0.771434 0.800000 -1.064580 -1.268466 0.000000 0.000000 0.000000
2.108445 -0.784046 0.800000 -1.082147 -1.253843 0.000000 0.000000 0.000000
2.097536 -0.796510 0.800000 -1.099516 -1.238974 0.000000 0.000000 0.000000
2.086455 -0.808825 0.800000 -1.116684 -1.223862 0.000000 0.000000 0.000000
2.075203 -0.820987 0.800000 -1.133646 -1.208510 0.000000 0.000000 0.000000
2.063783 -0.832994 0.800000 -1.150400 -1.192920 0.000000 0.000000 0.000000
2.052196 -0.844845 0.800000 -1.166941 -1.177096 0.000000 0.000000 0.000000
2.040445 -0.856535 0.800000 -1.183268 -1.161039 0.000000 0.000000 0.000000
2.028531 -0.868065 0.800000 -1.199376 -1.144754 0.000000 0.000000 0.000000
2.016458 -0.879430 0.800000 -1.215262 -1.128243 0.000000 0.000000 0.000000
2.004227 -0.890629 0.800000 -1.230923 -1.111508 0.000000 0.000000 0.000000
1.991840 -0.901659 0.800000 -1.246356 -1.094554 0.000000 0.000000 0.000000
1.979300 -0.912519 0.800000 -1.261558 -1.077383 0.000000 0.000000 0.000000
1.966610 -0.923206 0.800000 -1.276525 -1.059998 0.000000 0.000000 0.000000
1.953771 -0.933718 0.800000 -1.291255 -1.042402 0.000000 0.000000 0.000000
1.940785 -0.944053 0.800000 -1.305744 -1.024599 0.000000 0.000000 0.000000
1.927657 -0.954210 0.800000 -1.319990 -1.006592 0.000000 0.000000 0.000000
1.914387 -0.964185 0.800000 -1.333990 -0.988383 0.000000 0.000000 0.000000
1.900978 -0.973977 0.800000 -1.347740 -0.969978 0.000000 0.000000 0.000000
1.887433 -0.983584 0.800000 -1.361239 -0.951378 0.000000 0.000000 0.000000
1.873754 -0.993003 0.800000 -1.374482 -0.932587 0.000000 0.000000 0.000000
1.859944 -1.002235 0.800000 -1.387469 -0.913610 0.000000 0.000000 0.000000
1.846005 -1.011275 0.800000 -1.400195 -0.894448 0.000000 0.000000 0.000000
1.831941 -1.020123 0.800000 -1.412658 -0.875106 0.000000 0.000000 0.000000
1.817753 -1.028777 0.800000 -1.424856 -0.855588 0.000000 0.000000 0.000000
1.803445 -1.037234 0.800000 -1.436785 -0.835896 0.000000 0.000000 0.000000
1.789018 -1.045494 0.800000 -1.448445 -0.816036 0.000000 0.000000 0.000000
1.774477 -1.053554 0.800000 -1.459831 -0.796009 0.000000 0.000000 0.000000
1.759822 -1.061414 0.800000 -1.470942 -0.775821 0.000000 0.000000 0.000000
1.745059 -1.069070 0.800000 -1.481776 -0.755474 0.000000 0.000000 0.000000
1.730188 -1.076523 0.800000 -1.492329 -0.734973 0.000000 0.000000 0.000000
1.715213 -1.083769 0.800000 -1.502601 -0.714321 0.000000 0.000000 0.000000
1.700137 -1.090809 0.800000 -1.512588 -0.693523 0.000000 0.000000 0.000000
1.684962 -1.097639 0.800000 -1.522288 -0.672582 0.000000 0.000000 0.000000
1.669692 -1.104260 0.800000 -1.531700 -0.651502 0.000000 0.000000 0.000000
1.654329 -1.110669 0.800000 -1.540821 -0.630287 0.000000 0.000000 0.000000
1.638877 -1.116865 0.800000 -1.549650 -0.608941 0.000000 0.000000 0.000000
1.623337 -1.122847 0.800000 -1.558184 -0.587468 0.000000 0.000000 0.000000
1.607714 -1.128614 0.800000 -1.566422 -0.565873 0.000000 0.000000 0.000000
1.592010 -1.134164 0.800000 -1.574362 -0.544158 0.000000 0.000000 0.000000
1.576228 -1.139497 0.800000 -1.582001 -0.522329 0.000000 0.000000 0.000000
1.560371 -1.144610 0.800000 -1.589339 -0.500390 0.000000 0.000000 0.000000
1.544442 -1.149504 0.800000 -1.596374 -0.478344 0.000000 0.000000 0.000000
1.528444 -1.154177 0.800000 -1.603104 -0.456195 0.000000 0.000000 0.000000
1.512381 -1.158628 0.800000 -1.609527 -0.433949 0.000000 0.000000 0.000000
1.496255 -1.162856 0.800000 -1.615643 -0.411609 0.000000 0.000000 0.000000
1.480069 -1.166860 0.800000 -1.621449 -0.389179 0.000000 0.000000 0.000000
1.463827 -1.170639 0.800000 -1.626944 -0.366664 0.000000 0.000000 0.000000
1.447531 -1.174193 0.800000 -1.632128 -0.344068 0.000000 0.000000 0.000000
1.431185 -1.177520 0.800000 -1.636998 -0.321396 0.000000 0.000000 0.000000
1.414792 -1.180620 0.800000 -1.641554 -0.298651 0.000000 0.000000 0.000000
1.398355 -1.183493 0.800000 -1.645795 -0.275838 0.000000 0.000000 0.000000
1.381877 -1.186137 0.800000 -1.649719 -0.252961 0.000000 0.000000 0.000000
1.365362 -1.188552 0.800000 -1.653325 -0.230025 0.000000 0.000000 0.000000
1.348812 -1.190737 0.800000 -1.656613 -0.207035 0.000000 0.000000 0.000000
1.332231 -1.192692 0.800000 -1.659582 -0.183993 0.000000 0.000000 0.000000
1.315621 -1.194417 0.800000 -1.662230 -0.160906 0.000000 0.000000 0.000000
1.298987 -1.195910 0.800000 -1.664558 -0.137778 0.000000 0.000000 0.000000
1.282331 -1.197172 0.800000 -1.666564 -0.114612 0.000000 0.000000 0.000000
1.265657 -1.198202 0.800000 -1.668247 -0.091414 0.000000 0.000000 0.000000
1.248967 -1.199000 0.800000 -1.669608 -0.068187 0.000000 0.000000 0.000000
1.232266 -1.199566 0.800000 -1.670646 -0.044937 0.000000 0.000000 0.000000
1.215556 -1.199899 0.800000 -1.671360 -0.021668 0.000000 0.000000 0.000000
1.198840 -1.199999 0.800000 -1.671749 0.001616 0.000000 0.000000 0.000000
1.182122 -1.199867 0.800000 -1.671814 0.024911 0.000000 0.000000 0.000000
1.165405 -1.199501 0.800000 -1.671555 0.048210 0.000000 0.000000 0.000000
1.148692 -1.198903 0.800000 -1.670971 0.071511 0.000000 0.000000 0.000000
1.131986 -1.198071 0.800000 -1.670061 0.094808 0.000000 0.000000 0.000000
1.115291 -1.197006 0.800000 -1.668827 0.118098 0.000000 0.000000 0.000000
1.098611 -1.195709 0.800000 -1.667267 0.141375 0.000000 0.000000 0.000000
1.081947 -1.194179 0.800000 -1.665382 0.164634 0.000000 0.000000 0.000000
1.065304 -1.192416 0.800000 -1.663173 0.187873 0.000000 0.000000 0.000000
1.048685 -1.190422 0.800000 -1.660638 0.211085 0.000000 0.000000 0.000000
1.032093 -1.188195 0.800000 -1.657779 0.234266 0.000000 0.000000 0.000000
1.015530 -1.185736 0.800000 -1.654596 0.257412 0.000000 0.000000 0.000000
0.999002 -1.183047 0.800000 -1.651090 0.280518 0.000000 0.000000 0.000000
0.982510 -1.180126 0.800000 -1.647260 0.303580 0.000000 0.000000 0.000000
0.966058 -1.176975 0.800000 -1.643107 0.326593 0.000000 0.000000 0.000000
0.949649 -1.173595 0.800000 -1.638631 0.349553 0.000000 0.000000 0.000000
0.933286 -1.169984 0.800000 -1.633835 0.372455 0.000000 0.000000 0.000000
0.916973 -1.166146 0.800000 -1.628717 0.395294 0.000000 0.000000 0.000000
0.900713 -1.162079 0.800000 -1.623279 0.418067 0.000000 0.000000 0.000000
0.884508 -1.157785 0.800000 -1.617522 0.440768 0.000000 0.000000 0.000000
0.868363 -1.153264 0.800000 -1.611446 0.463393 0.000000 0.000000 0.000000
0.852281 -1.148517 0.800000 -1.605052 0.485938 0.000000 0.000000 0.000000
0.836263 -1.143545 0.800000 -1.598343 0.508398 0.000000 0.000000 0.000000
0.820315 -1.138349 0.800000 -1.591317 0.530768 0.000000 0.000000 0.000000
0.804438 -1.132930 0.800000 -1.583978 0.553045 0.000000 0.000000 0.000000
0.788636 -1.127289 0.800000 -1.576325 0.575224 0.000000 0.000000 0.000000
0.772913 -1.121426 0.800000 -1.568361 0.597300 0.000000 0.000000 0.000000
0.757270 -1.115343 0.800000 -1.560086 0.619268 0.000000 0.000000 0.000000
0.741712 -1.109041 0.800000 -1.551502 0.641126 0.000000 0.000000 0.000000
0.726241 -1.102521 0.800000 -1.542611 0.662868 0.000000 0.000000 0.000000
0.710861 -1.095784 0.800000 -1.533413 0.684489 0.000000 0.000000 0.000000
0.695574 -1.088832 0.800000 -1.523911 0.705986 0.000000 0.000000 0.000000
0.680384 -1.081665 0.800000 -1.514105 0.727355 0.000000 0.000000 0.000000
0.665293 -1.074285 0.800000 -1.503999 0.748590 0.000000 0.000000 0.000000
0.650305 -1.066693 0.800000 -1.493593 0.769688 0.000000 0.000000 0.000000
0.635422 -1.058892 0.800000 -1.482890 0.790645 0.000000 0.000000 0.000000
0.620648 -1.050881 0.800000 -1.471890 0.811455 0.000000 0.000000 0.000000
0.605985 -1.042663 0.800000 -1.460597 0.832116 0.000000 0.000000 0.000000
0.591437 -1.034239 0.800000 -1.449012 0.852622 0.000000 0.000000 0.000000
0.577006 -1.025611 0.800000 -1.437138 0.872971 0.000000 0.000000 0.000000
0.562695 -1.016780 0.800000 -1.424975 0.893156 0.000000 0.000000 0.000000
0.548507 -1.007749 0.800000 -1.412528 0.913176 0.000000 0.000000 0.000000
0.534445 -0.998517 0.800000 -1.399797 0.933024 0.000000 0.000000 0.000000
0.520512 -0.989089 0.800000 -1.386785 0.952698 0.000000 0.000000 0.000000
0.506711 -0.979464 0.800000 -1.373494 0.972194 0.000000 0.000000 0.000000
0.493043 -0.969645 0.800000 -1.359928 0.991507 0.000000 0.000000 0.000000
0.479513 -0.959635 0.800000 -1.346087 1.010633 0.000000 0.000000 0.000000
0.466122 -0.949433 0.800000 -1.331976 1.029569 0.000000 0.000000 0.000000
0.452874 -0.939044 0.800000 -1.317596 1.048311 0.000000 0.000000 0.000000
0.439771 -0.928468 0.800000 -1.302950 1.066854 0.000000 0.000000 0.000000
0.426816 -0.917707 0.800000 -1.288041 1.085196 0.000000 0.000000 0.000000
0.414011 -0.906765 0.800000 -1.272871 1.103331 0.000000 0.000000 0.000000
0.401360 -0.895641 0.800000 -1.257443 1.121258 0.000000 0.000000 0.000000
0.388863 -0.884340 0.800000 -1.241761 1.138971 0.000000 0.000000 0.000000
0.376525 -0.872863 0.800000 -1.225827 1.156467 0.000000 0.000000 0.000000
0.364348 -0.861212 0.800000 -1.209643 1.173743 0.000000 0.000000 0.000000
0.352333 -0.849389 0.800000 -1.193214 1.190795 0.000000 0.000000 0.000000
0.340484 -0.837396 0.800000 -1.176542 1.207620 0.000000 0.000000 0.000000
0.328803 -0.825237 0.800000 -1.159630 1.224213 0.000000 0.000000 0.000000
0.317292 -0.812913 0.800000 -1.142481 1.240572 0.000000 0.000000 0.000000
0.305954 -0.800426 0.800000 -1.125099 1.256693 0.000000 0.000000 0.000000
0.294791 -0.787780 0.800000 -1.107487 1.272573 0.000000 0.000000 0.000000
0.283805 -0.774976 0.800000 -1.089648 1.288208 0.000000 0.000000 0.000000
0.272999 -0.762016 0.800000 -1.071586 1.303595 0.000000 0.000000 0.000000
0.262374 -0.748905 0.800000 -1.053303 1.318731 0.000000 0.000000 0.000000
0.251934 -0.735643 0.800000 -1.034804 1.333613 0.000000 0.000000 0.000000
0.241679 -0.722233 0.800000 -1.016092 1.348238 0.000000 0.000000 0.000000
0.231613 -0.708679 0.800000 -0.997170 1.362602 0.000000 0.000000 0.000000
0.221736 -0.694982 0.800000 -0.978042 1.376702 0.000000 0.000000 0.000000
0.212052 -0.681146 0.800000 -0.958713 1.390536 0.000000 0.000000 0.000000
0.202563 -0.667172 0.800000 -0.939184 1.404101 0.000000 0.000000 0.000000
0.193269 -0.653065 0.800000 -0.919460 1.417393 0.000000 0.000000 0.000000
0.184174 -0.638825 0.800000 -0.899546 1.430410 0.000000 0.000000 0.000000
0.175279 -0.624457 0.800000 -0.879444 1.443149 0.000000 0.000000 0.000000
0.166586 -0.609963 0.800000 -0.859159 1.455607 0.000000 0.000000 0.000000
0.158096 -0.595346 0.800000 -0.838694 1.467782 0.000000 0.000000 0.000000
0.149813 -0.580609 0.800000 -0.818053 1.479670 0.000000 0.000000 0.000000
0.141736 -0.565754 0.800000 -0.797241 1.491270 0.000000 0.000000 0.000000
0.133868 -0.550784 0.800000 -0.776261 1.502579 0.000000 0.000000 0.000000
0.126211 -0.535703 0.800000 -0.755118 1.513595 0.000000 0.000000 0.000000
0.118766 -0.520513 0.800000 -0.733815 1.524314 0.000000 0.000000 0.000000
0.111535 -0.505218 0.800000 -0.712357 1.534735 0.000000 0.000000 0.000000
0.104520 -0.489820 0.800000 -0.690748 1.544855 0.000000 0.000000 0.000000
0.097721 -0.474322 0.800000 -0.668991 1.554673 0.000000 0.000000 0.000000
0.091140 -0.458727 0.800000 -0.647092 1.564185 0.000000 0.000000 0.000000
0.084780 -0.443039 0.800000 -0.625054 1.573390 0.000000 0.000000 0.000000
0.078640 -0.427260 0.800000 -0.602882 1.582286 0.000000 0.000000 0.000000
0.072722 -0.411394 0.800000 -0.580580 1.590870 0.000000 0.000000 0.000000
0.067029 -0.395444 0.800000 -0.558153 1.599142 0.000000 0.000000 0.000000
0.061560 -0.379413 0.800000 -0.535604 1.607098 0.000000 0.000000 0.000000
0.056317 -0.363303 0.800000 -0.512939 1.614737 0.000000 0.000000 0.000000
0.051301 -0.347119 0.800000 -0.490161 1.622058 0.000000 0.000000 0.000000
0.046514 -0.330863 0.800000 -0.467275 1.629059 0.000000 0.000000 0.000000
0.041956 -0.314539 0.800000 -0.444286 1.635737 0.000000 0.000000 0.000000
0.037629 -0.298149 0.800000 -0.421198 1.642092 0.000000 0.000000 0.000000
0.033533 -0.281698 0.800000 -0.398016 1.648121 0.000000 0.000000 0.000000
0.029669 -0.265188 0.800000 -0.374744 1.653824 0.000000 0.000000 0.000000
0.026038 -0.248623 0.800000 -0.351387 1.659200 0.000000 0.000000 0.000000
0.022641 -0.232005 0.800000 -0.327949 1.664246 0.000000 0.000000 0.000000
0.019479 -0.215339 0.800000 -0.304435 1.668961 0.000000 0.000000 0.000000
0.016553 -0.198627 0.800000 -0.280850 1.673345 0.000000 0.000000 0.000000
0.013862 -0.181873 0.800000 -0.257199 1.677396 0.000000 0.000000 0.000000
0.011409 -0.165080 0.800000 -0.233485 1.681113 0.000000 0.000000 0.000000
0.009193 -0.148252 0.800000 -0.209715 1.684496 0.000000 0.000000 0.000000
0.007215 -0.131391 0.800000 -0.185891 1.687542 0.000000 0.000000 0.000000
0.005475 -0.114502 0.800000 -0.162020 1.690252 0.000000 0.000000 0.000000
0.003975 -0.097587 0.800000 -0.138107 1.692625 0.000000 0.000000 0.000000
0.002713 -0.080651 0.800000 -0.114154 1.694660 0.000000 0.000000 0.000000
0.001692 -0.063695 0.800000 -0.090169 1.696355 0.000000 0.000000 0.000000
0.000910 -0.046725 0.800000 -0.066154 1.697712 0.000000 0.000000 0.000000
0.000369 -0.029742 0.800000 -0.042116 1.698728 0.000000 0.000000 0.000000
0.000068 -0.012751 0.800000 -0.018059 1.699404 0.000000 0.000000 0.000000
0.000008 0.004245 0.800000 0.006012 1.699739 0.000000 0.000000 0.000000
0.000188 0.021242 0.800000 0.030093 1.699734 0.000000 0.000000 0.000000
0.000609 0.038238 0.800000 0.054179 1.699387 0.000000 0.000000 0.000000
0.001272 0.055229 0.800000 0.078264 1.698698 0.000000 0.000000 0.000000
0.002175 0.072211 0.800000 0.102344 1.697668 0.000000 0.000000 0.000000
0.003318 0.089181 0.800000 0.126414 1.696296 0.000000 0.000000 0.000000
0.004703 0.106136 0.800000 0.150470 1.694583 0.000000 0.000000 0.000000
0.006328 0.123072 0.800000 0.174505 1.692528 0.000000 0.000000 0.000000
0.008193 0.139985 0.800000 0.198517 1.690131 0.000000 0.000000 0.000000
0.010298 0.156873 0.800000 0.222498 1.687394 0.000000 0.000000 0.000000
0.012643 0.173732 0.800000 0.246446 1.684316 0.000000 0.000000 0.000000
0.015227 0.190558 0.800000 0.270355 1.680897 0.000000 0.000000 0.000000
0.018050 0.207349 0.800000 0.294219 1.677138 0.000000 0.000000 0.000000
0.021111 0.224100 0.800000 0.318035 1.673040 0.000000 0.000000 0.000000
0.024410 0.240808 0.800000 0.341797 1.668603 0.000000 0.000000 0.000000
0.027947 0.257471 0.800000 0.365501 1.663827 0.000000 0.000000 0.000000
0.031720 0.274084 0.800000 0.389142 1.658714 0.000000 0.000000 0.000000
0.035729 0.290644 0.800000 0.412715 1.653264 0.000000 0.000000 0.000000
0.039974 0.307148 0.800000 0.436214 1.647478 0.000000 0.000000 0.000000
0.044453 0.323592 0.800000 0.459636 1.641358 0.000000 0.000000 0.000000
0.049167 0.339974 0.800000 0.482976 1.634903 0.000000 0.000000 0.000000
0.054113 0.356289 0.800000 0.506228 1.628115 0.000000 0.000000 0.000000
0.059291 0.372535 0.800000 0.529388 1.620995 0.000000 0.000000 0.000000
0.064700 0.388708 0.800000 0.552452 1.613545 0.000000 0.000000 0.000000
0.070339 0.404805 0.800000 0.575414 1.605765 0.000000 0.000000 0.000000
0.076208 0.420822 0.800000 0.598269 1.597658 0.000000 0.000000 0.000000
0.082305 0.436757 0.800000 0.621014 1.589223 0.000000 0.000000 0.000000
0.088628 0.452606 0.800000 0.643643 1.580464 0.000000 0.000000 0.000000
0.095177 0.468365 0.800000 0.666152 1.571381 0.000000 0.000000 0.000000
0.101951 0.484032 0.800000 0.688536 1.561975 0.000000 0.000000 0.000000
0.108947 0.499604 0.800000 0.710790 1.552250 0.000000 0.000000 0.000000
0.116166 0.515076 0.800000 0.732911 1.542206 0.000000 0.000000 0.000000
0.123605 0.530447 0.800000 0.754892 1.531845 0.000000 0.000000 0.000000
0.131263 0.545712 0.800000 0.776730 1.521169 0.000000 0.000000 0.000000
0.139139 0.560869 0.800000 0.798421 1.510180 0.000000 0.000000 0.000000
0.147231 0.575915 0.800000 0.819959 1.498880 0.000000 0.000000 0.000000
0.155538 0.590846 0.800000 0.841340 1.487271 0.000000 0.000000 0.000000
0.164057 0.605659 0.800000 0.862559 1.475355 0.000000 0.000000 0.000000
0.172788 0.620352 0.800000 0.883614 1.463135 0.000000 0.000000 0.000000
0.181729 0.634921 0.800000 0.904498 1.450612 0.000000 0.000000 0.000000
0.190878 0.649363 0.800000 0.925207 1.437789 0.000000 0.000000 0.000000
0.200233 0.663676 0.800000 0.945738 1.424668 0.000000 0.000000 0.000000
0.209792 0.677855 0.800000 0.966085 1.411253 0.000000 0.000000 0.000000
0.219554 0.691900 0.800000 0.986245 1.397544 0.000000 0.000000 0.000000
0.229516 0.705805 0.800000 1.006214 1.383546 0.000000 0.000000 0.000000
0.239677 0.719570 0.800000 1.025986 1.369260 0.000000 0.000000 0.000000
0.250035 0.733190 0.800000 1.045559 1.354689 0.000000 0.000000 0.000000
0.260588 0.746662 0.800000 1.064927 1.339837 0.000000 0.000000 0.000000
0.271333 0.759985 0.800000 1.084087 1.324705 0.000000 0.000000 0.000000
0.282269 0.773156 0.800000 1.103035 1.309296 0.000000 0.000000 0.000000
0.293393 0.786170 0.800000 1.121767 1.293615 0.000000 0.000000 0.000000
0.304703 0.799027 0.800000 1.140278 1.277663 0.000000 0.000000 0.000000
0.316198 0.811723 0.800000 1.158565 1.261443 0.000000 0.000000 0.000000
0.327874 0.824255 0.800000 1.176624 1.244960 0.000000 0.000000 0.000000
0.339730 0.836621 0.800000 1.194451 1.228215 0.000000 0.000000 0.000000
0.351762 0.848818 0.800000 1.212042 1.211213 0.000000 0.000000 0.000000
0.363970 0.860844 0.800000 1.229394 1.193956 0.000000 0.000000 0.000000
0.376349 0.872697 0.800000 1.246502 1.176448 0.000000 0.000000 0.000000
0.388899 0.884373 0.800000 1.263363 1.158692 0.000000 0.000000 0.000000
0.401616 0.895870 0.800000 1.279974 1.140691 0.000000 0.000000 0.000000
0.414497 0.907186 0.800000 1.296330 1.122450 0.000000 0.000000 0.000000
0.427542 0.918318 0.800000 1.312429 1.103972 0.000000 0.000000 0.000000
0.440745 0.929264 0.800000 1.328267 1.085260 0.000000 0.000000 0.000000
0.454106 0.940022 0.800000 1.343840 1.066318 0.000000 0.000000 0.000000
0.467621 0.950590 0.800000 1.359146 1.047149 0.000000 0.000000 0.000000
0.481288 0.960965 0.800000 1.374179 1.027758 0.000000 0.000000 0.000000
0.495104 0.971144 0.800000 1.388939 1.008148 0.000000 0.000000 0.000000
0.509066 0.981127 0.800000 1.403420 0.988324 0.000000 0.000000 0.000000
0.523171 0.990910 0.800000 1.417621 0.968288 0.000000 0.000000 0.000000
0.537417 1.000492 0.800000 1.431537 0.948045 0.000000 0.000000 0.000000
0.551801 1.009870 0.800000 1.445167 0.927600 0.000000 0.000000 0.000000
0.566320 1.019043 0.800000 1.458506 0.906955 0.000000 0.000000 0.000000
0.580970 1.028009 0.800000 1.471552 0.886115 0.000000 0.000000 0.000000
0.595750 1.036765 0.800000 1.484302 0.865085 0.000000 0.000000 0.000000
0.610655 1.045310 0.800000 1.496753 0.843868 0.000000 0.000000 0.000000
0.625684 1.053642 0.800000 1.508903 0.822469 0.000000 0.000000 0.000000
0.640832 1.061759 0.800000 1.520748 0.800891 0.000000 0.000000 0.000000
0.656098 1.069659 0.800000 1.532286 0.779140 0.000000 0.000000 0.000000
0.671477 1.077341 0.800000 1.543515 0.757219 0.000000 0.000000 0.000000
0.686967 1.084803 0.800000 1.554432 0.735134 0.000000 0.000000 0.000000
0.702565 1.092043 0.800000 1.565034 0.712887 0.000000 0.000000 0.000000
0.718267 1.099060 0.800000 1.575319 0.690485 0.000000 0.000000 0.000000
0.734070 1.105852 0.800000 1.585285 0.667930 0.000000 0.000000 0.000000
0.749971 1.112418 0.800000 1.594929 0.645229 0.000000 0.000000 0.000000
0.765967 1.118756 0.800000 1.604250 0.622385 0.000000 0.000000 0.000000
0.782055 1.124865 0.800000 1.613244 0.599403 0.000000 0.000000 0.000000
0.798231 1.130744 0.800000 1.621911 0.576287 0.000000 0.000000 0.000000
0.814492 1.136391 0.800000 1.630247 0.553043 0.000000 0.000000 0.000000
0.830835 1.141804 0.800000 1.638251 0.529675 0.000000 0.000000 0.000000
0.847256 1.146984 0.800000 1.645922 0.506187 0.000000 0.000000 0.000000
0.863752 1.151928 0.800000 1.653256 0.482585 0.000000 0.000000 0.000000
0.880320 1.156635 0.800000 1.660253 0.458874 0.000000 0.000000 0.000000
0.896956 1.161105 0.800000 1.666911 0.435057 0.000000 0.000000 0.000000
0.913657 1.165336 0.800000 1.673228 0.411140 0.000000 0.000000 0.000000
0.930420 1.169327 0.800000 1.679203 0.387129 0.000000 0.000000 0.000000
0.947240 1.173078 0.800000 1.684834 0.363026 0.000000 0.000000 0.000000
0.964115 1.176588 0.800000 1.690119 0.338839 0.000000 0.000000 0.000000
0.981041 1.179855 0.800000 1.695058 0.314571 0.000000 0.000000 0.000000
0.998015 1.182879 0.800000 1.699649 0.290227 0.000000 0.000000 0.000000
1.015033 1.185659 0.800000 1.703891 0.265813 0.000000 0.000000 0.000000
1.032092 1.188195 0.800000 1.707782 0.241333 0.000000 0.000000 0.000000
1.049188 1.190485 0.800000 1.711323 0.216793 0.000000 0.000000 0.000000
1.066317 1.192530 0.800000 1.714511 0.192197 0.000000 0.000000 0.000000
1.083477 1.194329 0.800000 1.717346 0.167551 0.000000 0.000000 0.000000
1.100663 1.195881 0.800000 1.719827 0.142859 0.000000 0.000000 0.000000
1.117872 1.197186 0.800000 1.721953 0.118127 0.000000 0.000000 0.000000
1.135101 1.198244 0.800000 1.723724 0.093360 0.000000 0.000000 0.000000
1.152345 1.199053 0.800000 1.725138 0.068563 0.000000 0.000000 0.000000
1.169602 1.199615 0.800000 1.726196 0.043741 0.000000 0.000000 0.000000
1.186868 1.199928 0.800000 1.726897 0.018899 0.000000 0.000000 0.000000
1.204139 1.199993 0.800000 1.727240 -0.005958 0.000000 0.000000 0.000000
1.221412 1.199809 0.800000 1.727225 -0.030824 0.000000 0.000000 0.000000
1.238682 1.199376 0.800000 1.726852 -0.055695 0.000000 0.000000 0.000000
1.255948 1.198695 0.800000 1.726121 -0.080564 0.000000 0.000000 0.000000
1.273204 1.197765 0.800000 1.725031 -0.105428 0.000000 0.000000 0.000000
1.290447 1.196587 0.800000 1.723583 -0.130281 0.000000 0.000000 0.000000
1.307674 1.195160 0.800000 1.721777 -0.155118 0.000000 0.000000 0.000000
1.324881 1.193484 0.800000 1.719612 -0.179933 0.000000 0.000000 0.000000
1.342065 1.191561 0.800000 1.717089 -0.204722 0.000000 0.000000 0.000000
1.359222 1.189390 0.800000 1.714208 -0.229479 0.000000 0.000000 0.000000
1.376348 1.186972 0.800000 1.710970 -0.254198 0.000000 0.000000 0.000000
1.393440 1.184306 0.800000 1.707375 -0.278876 0.000000 0.000000 0.000000
1.410494 1.181394 0.800000 1.703423 -0.303507 0.000000 0.000000 0.000000
1.427507 1.178236 0.800000 1.699115 -0.328085 0.000000 0.000000 0.000000
1.444475 1.174833 0.800000 1.694451 -0.352605 0.000000 0.000000 0.000000
1.461395 1.171184 0.800000 1.689433 -0.377063 0.000000 0.000000 0.000000
1.478263 1.167292 0.800000 1.684061 -0.401452 0.000000 0.000000 0.000000
1.495075 1.163155 0.800000 1.678336 -0.425769 0.000000 0.000000 0.000000
1.511829 1.158776 0.800000 1.672259 -0.450008 0.000000 0.000000 0.000000
1.528519 1.154156 0.800000 1.665831 -0.474163 0.000000 0.000000 0.000000
1.545144 1.149294 0.800000 1.659053 -0.498230 0.000000 0.000000 0.000000
1.561699 1.144191 0.800000 1.651926 -0.522203 0.000000 0.000000 0.000000
1.578181 1.138850 0.800000 1.644452 -0.546078 0.000000 0.000000 0.000000
1.594587 1.133270 0.800000 1.636631 -0.569849 0.000000 0.000000 0.000000
1.610913 1.127453 0.800000 1.628465 -0.593512 0.000000 0.000000 0.000000
1.627155 1.121400 0.800000 1.619956 -0.617061 0.000000 0.000000 0.000000
1.643311 1.115112 0.800000 1.611105 -0.640492 0.000000 0.000000 0.000000
1.659376 1.108591 0.800000 1.601914 -0.663799 0.000000 0.000000 0.000000
1.675348 1.101837 0.800000 1.592384 -0.686977 0.000000 0.000000 0.000000
1.691223 1.094852 0.800000 1.582517 -0.710022 0.000000 0.000000 0.000000
1.706997 1.087637 0.800000 1.572315 -0.732928 0.000000 0.000000 0.000000
1.722668 1.080194 0.800000 1.561780 -0.755691 0.000000 0.000000 0.000000
1.738232 1.072524 0.800000 1.550914 -0.778305 0.000000 0.000000 0.000000
1.753685 1.064628 0.800000 1.539718 -0.800767 0.000000 0.000000 0.000000
1.769025 1.056509 0.800000 1.528196 -0.823071 0.000000 0.000000 0.000000
1.784248 1.048167 0.800000 1.516348 -0.845212 0.000000 0.000000 0.000000
1.799351 1.039605 0.800000 1.504178 -0.867186 0.000000 0.000000 0.000000
1.814330 1.030824 0.800000 1.491688 -0.888987 0.000000 0.000000 0.000000
1.829184 1.021826 0.800000 1.478880 -0.910612 0.000000 0.000000 0.000000
1.843907 1.012612 0.800000 1.465756 -0.932055 0.000000 0.000000 0.000000
1.858498 1.003185 0.800000 1.452320 -0.953313 0.000000 0.000000 0.000000
1.872952 0.993547 0.800000 1.438573 -0.974379 0.000000 0.000000 0.000000
1.887268 0.983698 0.800000 1.424518 -0.995250 0.000000 0.000000 0.000000
1.901442 0.973642 0.800000 1.410159 -1.015921 0.000000 0.000000 0.000000
1.915470 0.963381 0.800000 1.395497 -1.036388 0.000000 0.000000 0.000000
1.929351 0.952915 0.800000 1.380536 -1.056647 0.000000 0.000000 0.000000
1.943080 0.942248 0.800000 1.365279 -1.076692 0.000000 0.000000 0.000000
1.956655 0.931382 0.800000 1.349728 -1.096520 0.000000 0.000000 0.000000
1.970074 0.920319 0.800000 1.333887 -1.116125 0.000000 0.000000 0.000000
1.983332 0.909060 0.800000 1.317759 -1.135505 0.000000 0.000000 0.000000
1.996428 0.897609 0.800000 1.301347 -1.154654 0.000000 0.000000 0.000000
2.009358 0.885968 0.800000 1.284654 -1.173569 0.000000 0.000000 0.000000
2.022120 0.874139 0.800000 1.267684 -1.192245 0.000000 0.000000 0.000000
2.034711 0.862124 0.800000 1.250439 -1.210678 0.000000 0.000000 0.000000
2.047128 0.849926 0.800000 1.232924 -1.228865 0.000000 0.000000 0.000000
2.059368 0.837548 0.800000 1.215142 -1.246800 0.000000 0.000000 0.000000
2.071430 0.824991 0.800000 1.197096 -1.264481 0.000000 0.000000 0.000000
2.083309 0.812259 0.800000 1.178791 -1.281903 0.000000 0.000000 0.000000
2.095005 0.799354 0.800000 1.160229 -1.299062 0.000000 0.000000 0.000000
2.106513 0.786279 0.800000 1.141414 -1.315955 0.000000 0.000000 0.000000
2.117832 0.773036 0.800000 1.122351 -1.332578 0.000000 0.000000 0.000000
2.128959 0.759628 0.800000 1.103043 -1.348926 0.000000 0.000000 0.000000
2.139892 0.746058 0.800000 1.083494 -1.364998 0.000000 0.000000 0.000000
2.150628 0.732329 0.800000 1.063708 -1.380788 0.000000 0.000000 0.000000
2.161166 0.718443 0.800000 1.043688 -1.396293 0.000000 0.000000 0.000000
2.171501 0.704404 0.800000 1.023440 -1.411511 0.000000 0.000000 0.000000
2.181634 0.690214 0.800000 1.002967 -1.426436 0.000000 0.000000 0.000000
2.191560 0.675876 0.800000 0.982273 -1.441067 0.000000 0.000000 0.000000
2.201278 0.661394 0.800000 0.961363 -1.455400 0.000000 0.000000 0.000000
2.210787 0.646769 0.800000 0.940241 -1.469431 0.000000 0.000000 0.000000
2.220083 0.632006 0.800000 0.918910 -1.483158 0.000000 0.000000 0.000000
2.229164 0.617107 0.800000 0.897377 -1.496576 0.000000 0.000000 0.000000
2.238029 0.602076 0.800000 0.875644 -1.509684 0.000000 0.000000 0.000000
2.246676 0.586914 0.800000 0.853716 -1.522478 0.000000 0.000000 0.000000
2.255103 0.571627 0.800000 0.831598 -1.534955 0.000000 0.000000 0.000000
2.263308 0.556216 0.800000 0.809295 -1.547113 0.000000 0.000000 0.000000
2.271288 0.540686 0.800000 0.786811 -1.558948 0.000000 0.000000 0.000000
2.279043 0.525039 0.800000 0.764150 -1.570458 0.000000 0.000000 0.000000
2.286571 0.509278 0.800000 0.741317 -1.581640 0.000000 0.000000 0.000000
2.293869 0.493407 0.800000 0.718318 -1.592491 0.000000 0.000000 0.000000
2.300937 0.477429 0.800000 0.695157 -1.603010 0.000000 0.000000 0.000000
2.307772 0.461348 0.800000 0.671838 -1.613193 0.000000 0.000000 0.000000
2.314373 0.445166 0.800000 0.648366 -1.623038 0.000000 0.000000 0.000000
2.320739 0.428888 0.800000 0.624747 -1.632543 0.000000 0.000000 0.000000
2.326867 0.412517 0.800000 0.600985 -1.641705 0.000000 0.000000 0.000000
2.332758 0.396055 0.800000 0.577085 -1.650523 0.000000 0.000000 0.000000
2.338409 0.379507 0.800000 0.553053 -1.658993 0.000000 0.000000 0.000000
2.343818 0.362876 0.800000 0.528892 -1.667115 0.000000 0.000000 0.000000
2.348986 0.346166 0.800000 0.504609 -1.674887 0.000000 0.000000 0.000000
2.353910 0.329380 0.800000 0.480209 -1.682305 0.000000 0.000000 0.000000
2.358590 0.312521 0.800000 0.455695 -1.689369 0.000000 0.000000 0.000000
2.363024 0.295594 0.800000 0.431074 -1.696076 0.000000 0.000000 0.000000
2.367211 0.278601 0.800000 0.406351 -1.702426 0.000000 0.000000 0.000000
2.371150 0.261546 0.800000 0.381531 -1.708416 0.000000 0.000000 0.000000
2.374841 0.244434 0.800000 0.356619 -1.714045 0.000000 0.000000 0.000000
2.378283 0.227267 0.800000 0.331620 -1.719311 0.000000 0.000000 0.000000
2.381473 0.210049 0.800000 0.306540 -1.724213 0.000000 0.000000 0.000000
2.384413 0.192784 0.800000 0.281384 -1.728750 0.000000 0.000000 0.000000
2.387101 0.175475 0.800000 0.256157 -1.732920 0.000000 0.000000 0.000000
2.389536 0.158127 0.800000 0.230865 -1.736723 0.000000 0.000000 0.000000
2.391718 0.140742 0.800000 0.205512 -1.740157 0.000000 0.000000 0.000000
2.393646 0.123325 0.800000 0.180105 -1.743221 0.000000 0.000000 0.000000
2.395320 0.105879 0.800000 0.154649 -1.745914 0.000000 0.000000 0.000000
2.396739 0.088408 0.800000 0.129149 -1.748236 0.000000 0.000000 0.000000
2.397903 0.070915 0.800000 0.103610 -1.750186 0.000000 0.000000 0.000000
2.398811 0.053405 0.800000 0.078038 -1.751763 0.000000 0.000000 0.000000
2.399463 0.035881 0.800000 0.052439 -1.752966 0.000000 0.000000 0.000000
2.399860 0.018347 0.800000 0.026817 -1.753795 0.000000 0.000000 0.000000
2.400000 0.000807 0.800000 0.001179 -1.754250 0.000000 0.000000 0.000000
2.399883 -0.016737 0.800000 -0.024470 -1.754329 0.000000 0.000000 0.000000
2.399510 -0.034279 0.800000 -0.050126 -1.754034 0.000000 0.000000 0.000000
2.398881 -0.051816 0.800000 -0.075781 -1.753363 0.000000 0.000000 0.000000
2.397995 -0.069345 0.800000 -0.101431 -1.752317 0.000000 0.000000 0.000000
2.396852 -0.086861 0.800000 -0.127071 -1.750895 0.000000 0.000000 0.000000
2.395453 -0.104361 0.800000 -0.152694 -1.749098 0.000000 0.000000 0.000000
2.393798 -0.121842 0.800000 -0.178295 -1.746925 0.000000 0.000000 0.000000
2.391888 -0.139299 0.800000 -0.203869 -1.744377 0.000000 0.000000 0.000000
2.389721 -0.156728 0.800000 -0.229411 -1.741454 0.000000 0.000000 0.000000
2.387299 -0.174127 0.800000 -0.254914 -1.738157 0.000000 0.000000 0.000000
2.384623 -0.191490 0.800000 -0.280373 -1.734485 0.000000 0.000000 0.000000
2.381692 -0.208815 0.800000 -0.305784 -1.730440 0.000000 0.000000 0.000000
2.378507 -0.226098 0.800000 -0.331139 -1.726022 0.000000 0.000000 0.000000
2.375070 -0.243334 0.800000 -0.356434 -1.721232 0.000000 0.000000 0.000000
2.371379 -0.260521 0.800000 -0.381663 -1.716070 0.000000 0.000000 0.000000
2.367437 -0.277654 0.800000 -0.406822 -1.710538 0.000000 0.000000 0.000000
2.363243 -0.294731 0.800000 -0.431903 -1.704635 0.000000 0.000000 0.000000
2.358799 -0.311746 0.800000 -0.456903 -1.698364 0.000000 0.000000 0.000000
2.354105 -0.328697 0.800000 -0.481814 -1.691726 0.000000 0.000000 0.000000
2.349163 -0.345579 0.800000 -0.506633 -1.684720 0.000000 0.000000 0.000000
2.343973 -0.362390 0.800000 -0.531354 -1.677350 0.000000 0.000000 0.000000
2.338536 -0.379125 0.800000 -0.555971 -1.669616 0.000000 0.000000 0.000000
2.332854 -0.395781 0.800000 -0.580479 -1.661519 0.000000 0.000000 0.000000
2.326927 -0.412354 0.800000 -0.604872 -1.653061 0.000000 0.000000 0.000000
2.320757 -0.428841 0.800000 -0.629145 -1.644243 0.000000 0.000000 0.000000
2.314344 -0.445238 0.800000 -0.653294 -1.635068 0.000000 0.000000 0.000000
2.307691 -0.461541 0.800000 -0.677312 -1.625537 0.000000 0.000000 0.000000
2.300799 -0.477747 0.800000 -0.701194 -1.615651 0.000000 0.000000 0.000000
2.293668 -0.493853 0.800000 -0.724935 -1.605413 0.000000 0.000000 0.000000
2.286300 -0.509854 0.800000 -0.748530 -1.594825 0.000000 0.000000 0.000000
2.278698 -0.525748 0.800000 -0.771974 -1.583888 0.000000 0.000000 0.000000
2.270861 -0.541531 0.800000 -0.795261 -1.572605 0.000000 0.000000 0.000000
2.262793 -0.557199 0.800000 -0.818386 -1.560977 0.000000 0.000000 0.000000
2.254494 -0.572749 0.800000 -0.841345 -1.549008 0.000000 0.000000 0.000000
2.245967 -0.588178 0.800000 -0.864132 -1.536699 0.000000 0.000000 0.000000
2.237212 -0.603482 0.800000 -0.886742 -1.524054 0.000000 0.000000 0.000000
2.228232 -0.618658 0.800000 -0.909170 -1.511073 0.000000 0.000000 0.000000
2.219029 -0.633703 0.800000 -0.931411 -1.497761 0.000000 0.000000 0.000000
2.209605 -0.648612 0.800000 -0.953460 -1.484119 0.000000 0.000000 0.000000
2.199961 -0.663384 0.800000 -0.975313 -1.470151 0.000000 0.000000 0.000000
2.190099 -0.678014 0.800000 -0.996964 -1.455859 0.000000 0.000000 0.000000
2.180022 -0.692500 0.800000 -1.018408 -1.441245 0.000000 0.000000 0.000000
2.169732 -0.706838 0.800000 -1.039641 -1.426314 0.000000 0.000000 0.000000
2.159230 -0.721025 0.800000 -1.060658 -1.411068 0.000000 0.000000 0.000000
2.148519 -0.735058 0.800000 -1.081455 -1.395509 0.000000 0.000000 0.000000
2.137602 -0.748934 0.800000 -1.102026 -1.379642 0.000000 0.000000 0.000000
2.126480 -0.762650 0.800000 -1.122367 -1.363469 0.000000 0.000000 0.000000
2.115155 -0.776203 0.800000 -1.142474 -1.346994 0.000000 0.000000 0.000000
2.103631 -0.789589 0.800000 -1.162341 -1.330220 0.000000 0.000000 0.000000
2.091909 -0.802806 0.800000 -1.181965 -1.313151 0.000000 0.000000 0.000000
2.079993 -0.815851 0.800000 -1.201341 -1.295789 0.000000 0.000000 0.000000
2.067883 -0.828721 0.800000 -1.220464 -1.278139 0.000000 0.000000 0.000000
2.055584 -0.841413 0.800000 -1.239331 -1.260204 0.000000 0.000000 0.000000
2.043098 -0.853924 0.800000 -1.257937 -1.241988 0.000000 0.000000 0.000000
2.030426 -0.866252 0.800000 -1.276278 -1.223495 0.000000 0.000000 0.000000
2.017573 -0.878393 0.800000 -1.294349 -1.204728 0.000000 0.000000 0.000000
2.004540 -0.890346 0.800000 -1.312147 -1.185691 0.000000 0.000000 0.000000
1.991331 -0.902106 0.800000 -1.329667 -1.166389 0.000000 0.000000 0.000000
1.977948 -0.913672 0.800000 -1.346905 -1.146825 0.000000 0.000000 0.000000
1.964394 -0.925042 0.800000 -1.363858 -1.127003 0.000000 0.000000 0.000000
1.950672 -0.936212 0.800000 -1.380522 -1.106928 0.000000 0.000000 0.000000
1.936784 -0.947179 0.800000 -1.396892 -1.086603 0.000000 0.000000 0.000000
1.922735 -0.957943 0.800000 -1.412966 -1.066034 0.000000 0.000000 0.000000
1.908526 -0.968499 0.800000 -1.428738 -1.045223 0.000000 0.000000 0.000000
1.894161 -0.978847 0.800000 -1.444207 -1.024177 0.000000 0.000000 0.000000
1.879643 -0.988982 0.800000 -1.459367 -1.002898 0.000000 0.000000 0.000000
1.864975 -0.998904 0.800000 -1.474215 -0.981392 0.000000 0.000000 0.000000
1.850160 -1.008609 0.800000 -1.488749 -0.959663 0.000000 0.000000 0.000000
1.835201 -1.018096 0.800000 -1.502965 -0.937715 0.000000 0.000000 0.000000
1.820101 -1.027363 0.800000 -1.516858 -0.915554 0.000000 0.000000 0.000000
1.804865 -1.036407 0.800000 -1.530427 -0.893183 0.000000 0.000000 0.000000
1.789494 -1.045226 0.800000 -1.543668 -0.870609 0.000000 0.000000 0.000000
1.773992 -1.053818 0.800000 -1.556577 -0.847835 0.000000 0.000000 0.000000
1.758363 -1.062182 0.800000 -1.569152 -0.824866 0.000000 0.000000 0.000000
1.742610 -1.070315 0.800000 -1.581390 -0.801707 0.000000 0.000000 0.000000
1.726737 -1.078215 0.800000 -1.593288 -0.778363 0.000000 0.000000 0.000000
1.710746 -1.085882 0.800000 -1.604842 -0.754840 0.000000 0.000000 0.000000
1.694641 -1.093312 0.800000 -1.616051 -0.731141 0.000000 0.000000 0.000000
1.678426 -1.100504 0.800000 -1.626911 -0.707273 0.000000 0.000000 0.000000
1.662104 -1.107456 0.800000 -1.637421 -0.683240 0.000000 0.000000 0.000000
1.645679 -1.114168 0.800000 -1.647576 -0.659047 0.000000 0.000000 0.000000
1.629154 -1.120637 0.800000 -1.657375 -0.634700 0.000000 0.000000 0.000000
1.612532 -1.126862 0.800000 -1.666816 -0.610204 0.000000 0.000000 0.000000
1.595819 -1.132841 0.800000 -1.675896 -0.585564 0.000000 0.000000 0.000000
1.579016 -1.138572 0.800000 -1.684613 -0.560785 0.000000 0.000000 0.000000
1.562128 -1.144056 0.800000 -1.692964 -0.535873 0.000000 0.000000 0.000000
1.545158 -1.149289 0.800000 -1.700948 -0.510833 0.000000 0.000000 0.000000
1.528110 -1.154272 0.800000 -1.708563 -0.485671 0.000000 0.000000 0.000000
1.510988 -1.159002 0.800000 -1.715807 -0.460391 0.000000 0.000000 0.000000
1.493795 -1.163479 0.800000 -1.722677 -0.435000 0.000000 0.000000 0.000000
1.476535 -1.167702 0.800000 -1.729172 -0.409503 0.000000 0.000000 0.000000
1.459213 -1.171669 0.800000 -1.735291 -0.383905 0.000000 0.000000 0.000000
1.441831 -1.175380 0.800000 -1.741031 -0.358212 0.000000 0.000000 0.000000
1.424393 -1.178833 0.800000 -1.746392 -0.332429 0.000000 0.000000 0.000000
1.406904 -1.182028 0.800000 -1.751372 -0.306563 0.000000 0.000000 0.000000
1.389367 -1.184964 0.800000 -1.755969 -0.280619 0.000000 0.000000 0.000000
1.371786 -1.187640 0.800000 -1.760182 -0.254601 0.000000 0.000000 0.000000
1.354165 -1.190056 0.800000 -1.764010 -0.228517 0.000000 0.000000 0.000000
1.336507 -1.192210 0.800000 -1.767452 -0.202372 0.000000 0.000000 0.000000
1.318817 -1.194103 0.800000 -1.770507 -0.176171 0.000000 0.000000 0.000000
1.301098 -1.195734 0.800000 -1.773173 -0.149920 0.000000 0.000000 0.000000
1.283355 -1.197101 0.800000 -1.775451 -0.123626 0.000000 0.000000 0.000000
1.265591 -1.198206 0.800000 -1.777339 -0.097293 0.000000 0.000000 0.000000
1.247809 -1.199047 0.800000 -1.778837 -0.070927 0.000000 0.000000 0.000000
1.230015 -1.199625 0.800000 -1.779943 -0.044535 0.000000 0.000000 0.000000
1.212212 -1.199938 0.800000 -1.780658 -0.018122 0.000000 0.000000 0.000000
1.194403 -1.199987 0.800000 -1.780981 0.008306 0.000000 0.000000 0.000000
1.176594 -1.199772 0.800000 -1.780911 0.034744 0.000000 0.000000 0.000000
1.158786 -1.199292 0.800000 -1.780449 0.061185 0.000000 0.000000 0.000000
1.140986 -1.198548 0.800000 -1.779594 0.087624 0.000000 0.000000 0.000000
1.123196 -1.197540 0.800000 -1.778346 0.114054 0.000000 0.000000 0.000000
1.105420 -1.196267 0.800000 -1.776706 0.140471 0.000000 0.000000 0.000000
1.087663 -1.194730 0.800000 -1.774672 0.166867 0.000000 0.000000 0.000000
1.069928 -1.192930 0.800000 -1.772246 0.193238 0.000000 0.000000 0.000000
1.052219 -1.190866 0.800000 -1.769428 0.219577 0.000000 0.000000 0.000000
1.034541 -1.188538 0.800000 -1.766217 0.245879 0.000000 0.000000 0.000000
1.016896 -1.185948 0.800000 -1.762615 0.272138 0.000000 0.000000 0.000000
0.999290 -1.183096 0.800000 -1.758622 0.298347 0.000000 0.000000 0.000000
0.981725 -1.179981 0.800000 -1.754239 0.324502 0.000000 0.000000 0.000000
0.964206 -1.176606 0.800000 -1.749466 0.350596 0.000000 0.000000 0.000000
0.946737 -1.172970 0.800000 -1.744304 0.376623 0.000000 0.000000 0.000000
0.929322 -1.169074 0.800000 -1.738754 0.402578 0.000000 0.000000 0.000000
0.911963 -1.164918 0.800000 -1.732816 0.428454 0.000000 0.000000 0.000000
0.894667 -1.160505 0.800000 -1.726493 0.454247 0.000000 0.000000 0.000000
0.877435 -1.155834 0.800000 -1.719784 0.479950 0.000000 0.000000 0.000000
0.860272 -1.150906 0.800000 -1.712692 0.505557 0.000000 0.000000 0.000000
0.843182 -1.145723 0.800000 -1.705218 0.531064 0.000000 0.000000 0.000000
0.826169 -1.140285 0.800000 -1.697362 0.556463 0.000000 0.000000 0.000000
0.809236 -1.134594 0.800000 -1.689127 0.581749 0.000000 0.000000 0.000000
0.792388 -1.128651 0.800000 -1.680514 0.606918 0.000000 0.000000 0.000000
0.775627 -1.122456 0.800000 -1.671524 0.631962 0.000000 0.000000 0.000000
0.758959 -1.116012 0.800000 -1.662160 0.656876 0.000000 0.000000 0.000000
0.742385 -1.109319 0.800000 -1.652423 0.681655 0.000000 0.000000 0.000000
0.725911 -1.102379 0.800000 -1.642315 0.706293 0.000000 0.000000 0.000000
0.709540 -1.095194 0.800000 -1.631839 0.730785 0.000000 0.000000 0.000000
0.693276 -1.087764 0.800000 -1.620995 0.755125 0.000000 0.000000 0.000000
0.677122 -1.080092 0.800000 -1.609787 0.779307 0.000000 0.000000 0.000000
0.661081 -1.072178 0.800000 -1.598216 0.803326 0.000000 0.000000 0.000000
0.645158 -1.064026 0.800000 -1.586285 0.827176 0.000000 0.000000 0.000000
0.629357 -1.055636 0.800000 -1.573997 0.850853 0.000000 0.000000 0.000000
0.613680 -1.047009 0.800000 -1.561353 0.874350 0.000000 0.000000 0.000000
0.598131 -1.038149 0.800000 -1.548356 0.897663 0.000000 0.000000 0.000000
0.582714 -1.029057 0.800000 -1.535010 0.920785 0.000000 0.000000 0.000000
0.567432 -1.019734 0.800000 -1.521316 0.943713 0.000000 0.000000 0.000000
0.552289 -1.010183 0.800000 -1.507277 0.966439 0.000000 0.000000 0.000000
0.537287 -1.000406 0.800000 -1.492897 0.988960 0.000000 0.000000 0.000000
0.522432 -0.990405 0.800000 -1.478179 1.011271 0.000000 0.000000 0.000000
0.507725 -0.980181 0.800000 -1.463125 1.033365 0.000000 0.000000 0.000000
0.493170 -0.969738 0.800000 -1.447738 1.055238 0.000000 0.000000 0.000000
0.478771 -0.959077 0.800000 -1.432022 1.076885 0.000000 0.000000 0.000000
0.464531 -0.948201 0.800000 -1.415980 1.098300 0.000000 0.000000 0.000000
0.450453 -0.937112 0.800000 -1.399616 1.119480 0.000000 0.000000 0.000000
0.436540 -0.925812 0.800000 -1.382932 1.140419 0.000000 0.000000 0.000000
0.422795 -0.914305 0.800000 -1.365933 1.161112 0.000000 0.000000 0.000000
0.409222 -0.902591 0.800000 -1.348621 1.181554 0.000000 0.000000 0.000000
0.395824 -0.890674 0.800000 -1.331001 1.201741 0.000000 0.000000 0.000000
0.382603 -0.878557 0.800000 -1.313077 1.221668 0.000000 0.000000 0.000000
0.369563 -0.866242 0.800000 -1.294851 1.241330 0.000000 0.000000 0.000000
0.356707 -0.853731 0.800000 -1.276328 1.260723 0.000000 0.000000 0.000000
0.344038 -0.841028 0.800000 -1.257512 1.279842 0.000000 0.000000 0.000000
0.331558 -0.828135 0.800000 -1.238407 1.298683 0.000000 0.000000 0.000000
0.319270 -0.815056 0.800000 -1.219017 1.317241 0.000000 0.000000 0.000000
0.307178 -0.801792 0.800000 -1.199347 1.335512 0.000000 0.000000 0.000000
0.295284 -0.788346 0.800000 -1.179399 1.353492 0.000000 0.000000 0.000000
0.283591 -0.774723 0.800000 -1.159179 1.371176 0.000000 0.000000 0.000000
0.272102 -0.760924 0.800000 -1.138691 1.388561 0.000000 0.000000 0.000000
0.260818 -0.746952 0.800000 -1.117939 1.405642 0.000000 0.000000 0.000000
0.249744 -0.732812 0.800000 -1.096928 1.422415 0.000000 0.000000 0.000000
0.238881 -0.718505 0.800000 -1.075662 1.438876 0.000000 0.000000 0.000000
0.228231 -0.704035 0.800000 -1.054146 1.455021 0.000000 0.000000 0.000000
0.217799 -0.689406 0.800000 -1.032385 1.470847 0.000000 0.000000 0.000000
0.207585 -0.674620 0.800000 -1.010383 1.486349 0.000000 0.000000 0.000000
0.197592 -0.659680 0.800000 -0.988146 1.501524 0.000000 0.000000 0.000000
0.187822 -0.644590 0.800000 -0.965677 1.516369 0.000000 0.000000 0.000000
0.178279 -0.629354 0.800000 -0.942982 1.530879 0.000000 0.000000 0.000000
0.168964 -0.613974 0.800000 -0.920065 1.545051 0.000000 0.000000 0.000000
0.159878 -0.598454 0.800000 -0.896933 1.558882 0.000000 0.000000 0.000000
0.151026 -0.582797 0.800000 -0.873589 1.572369 0.000000 0.000000 0.000000
0.142407 -0.567008 0.800000 -0.850039 1.585508 0.000000 0.000000 0.000000
0.134025 -0.551088 0.800000 -0.826288 1.598296 0.000000 0.000000 0.000000
0.125882 -0.535043 0.800000 -0.802341 1.610729 0.000000 0.000000 0.000000
0.117979 -0.518875 0.800000 -0.778204 1.622806 0.000000 0.000000 0.000000
0.110319 -0.502588 0.800000 -0.753882 1.634522 0.000000 0.000000 0.000000
0.102902 -0.486186 0.800000 -0.729380 1.645875 0.000000 0.000000 0.000000
0.095732 -0.469672 0.800000 -0.704703 1.656863 0.000000 0.000000 0.000000
0.088809 -0.453050 0.800000 -0.679858 1.667481 0.000000 0.000000 0.000000
0.082135 -0.436323 0.800000 -0.654849 1.677729 0.000000 0.000000 0.000000
0.075712 -0.419496 0.800000 -0.629681 1.687603 0.000000 0.000000 0.000000
0.069542 -0.402573 0.800000 -0.604362 1.697100 0.000000 0.000000 0.000000
0.063626 -0.385556 0.800000 -0.578896 1.706219 0.000000 0.000000 0.000000
0.057965 -0.368449 0.800000 -0.553288 1.714957 0.000000 0.000000 0.000000
0.052560 -0.351258 0.800000 -0.527545 1.723311 0.000000 0.000000 0.000000
0.047414 -0.333984 0.800000 -0.501672 1.731280 0.000000 0.000000 0.000000
0.042527 -0.316633 0.800000 -0.475676 1.738862 0.000000 0.000000 0.000000
0.037901 -0.299209 0.800000 -0.449561 1.746054 0.000000 0.000000 0.000000
0.033536 -0.281714 0.800000 -0.423333 1.752855 0.000000 0.000000 0.000000
0.029435 -0.264153 0.800000 -0.397000 1.759262 0.000000 0.000000 0.000000
0.025597 -0.246530 0.800000 -0.370565 1.765275 0.000000 0.000000 0.000000
0.022024 -0.228849 0.800000 -0.344036 1.770891 0.000000 0.000000 0.000000
0.018716 -0.211113 0.800000 -0.317418 1.776109 0.000000 0.000000 0.000000
0.015676 -0.193328 0.800000 -0.290717 1.780928 0.000000 0.000000 0.000000
0.012902 -0.175496 0.800000 -0.263939 1.785346 0.000000 0.000000 0.000000
0.010397 -0.157622 0.800000 -0.237090 1.789361 0.000000 0.000000 0.000000
0.008161 -0.139710 0.800000 -0.210176 1.792973 0.000000 0.000000 0.000000
0.006194 -0.121764 0.800000 -0.183204 1.796181 0.000000 0.000000 0.000000
0.004497 -0.103788 0.800000 -0.156179 1.798983 0.000000 0.000000 0.000000
0.003070 -0.085786 0.800000 -0.129107 1.801379 0.000000 0.000000 0.000000
0.001915 -0.067762 0.800000 -0.101995 1.803368 0.000000 0.000000 0.000000
0.001030 -0.049720 0.800000 -0.074849 1.804949 0.000000 0.000000 0.000000
0.000418 -0.031664 0.800000 -0.047674 1.806121 0.000000 0.000000 0.000000
0.000077 -0.013599 0.800000 -0.020477 1.806884 0.000000 0.000000 0.000000
0.000008 0.004472 0.800000 0.006735 1.807237 0.000000 0.000000 0.000000
0.000212 0.022545 0.800000 0.033958 1.807181 0.000000 0.000000 0.000000
0.000688 0.040615 0.800000 0.061184 1.806714 0.000000 0.000000 0.000000
0.001435 0.058678 0.800000 0.088408 1.805837 0.000000 0.000000 0.000000
0.002456 0.076730 0.800000 0.115622 1.804550 0.000000 0.000000 0.000000
0.003748 0.094767 0.800000 0.142822 1.802852 0.000000 0.000000 0.000000
0.005312 0.112786 0.800000 0.170001 1.800743 0.000000 0.000000 0.000000
0.007148 0.130781 0.800000 0.197152 1.798225 0.000000 0.000000 0.000000
0.009255 0.148749 0.800000 0.224270 1.795296 0.000000 0.000000 0.000000
0.011633 0.166685 0.800000 0.251348 1.791958 0.000000 0.000000 0.000000
0.014282 0.184587 0.800000 0.278380 1.788211 0.000000 0.000000 0.000000
0.017200 0.202448 0.800000 0.305359 1.784056 0.000000 0.000000 0.000000
0.020389 0.220266 0.800000 0.332281 1.779493 0.000000 0.000000 0.000000
0.023846 0.238037 0.800000 0.359138 1.774523 0.000000 0.000000 0.000000
0.027571 0.255755 0.800000 0.385924 1.769146 0.000000 0.000000 0.000000
0.031564 0.273418 0.800000 0.412634 1.763365 0.000000 0.000000 0.000000
0.035824 0.291021 0.800000 0.439260 1.757179 0.000000 0.000000 0.000000
0.040349 0.308560 0.800000 0.465798 1.750590 0.000000 0.000000 0.000000
0.045139 0.326032 0.800000 0.492240 1.743599 0.000000 0.000000 0.000000
0.050193 0.343431 0.800000 0.518581 1.736208 0.000000 0.000000 0.000000
0.055511 0.360755 0.800000 0.544815 1.728418 0.000000 0.000000 0.000000
0.061089 0.377998 0.800000 0.570935 1.720230 0.000000 0.000000 0.000000
0.066929 0.395158 0.800000 0.596935 1.711646 0.000000 0.000000 0.000000
0.073028 0.412230 0.800000 0.622810 1.702667 0.000000 0.000000 0.000000
0.079385 0.429210 0.800000 0.648554 1.693297 0.000000 0.000000 0.000000
0.085998 0.446094 0.800000 0.674160 1.683535 0.000000 0.000000 0.000000
0.092867 0.462879 0.800000 0.699623 1.673385 0.000000 0.000000 0.000000
0.099990 0.479561 0.800000 0.724936 1.662848 0.000000 0.000000 0.000000
0.107366 0.496135 0.800000 0.750094 1.651927 0.000000 0.000000 0.000000
0.114992 0.512598 0.800000 0.775091 1.640623 0.000000 0.000000 0.000000
0.122867 0.528946 0.800000 0.799921 1.628940 0.000000 0.000000 0.000000
0.130989 0.545176 0.800000 0.824578 1.616878 0.000000 0.000000 0.000000
0.139358 0.561283 0.800000 0.849057 1.604442 0.000000 0.000000 0.000000
0.147970 0.577263 0.800000 0.873351 1.591634 0.000000 0.000000 0.000000
0.156824 0.593114 0.800000 0.897456 1.578455 0.000000 0.000000 0.000000
0.165918 0.608831 0.800000 0.921364 1.564910 0.000000 0.000000 0.000000
0.175251 0.624411 0.800000 0.945072 1.551001 0.000000 0.000000 0.000000
0.184819 0.639850 0.800000 0.968573 1.536730 0.000000 0.000000 0.000000
0.194622 0.655144 0.800000 0.991861 1.522101 0.000000 0.000000 0.000000
0.204656 0.670291 0.800000 1.014932 1.507117 0.000000 0.000000 0.000000
0.214919 0.685286 0.800000 1.037779 1.491781 0.000000 0.000000 0.000000
0.225410 0.700125 0.800000 1.060398 1.476097 0.000000 0.000000 0.000000
0.236127 0.714806 0.800000 1.082783 1.460067 0.000000 0.000000 0.000000
0.247065 0.729325 0.800000 1.104928 1.443696 0.000000 0.000000 0.000000
0.258224 0.743679 0.800000 1.126829 1.426986 0.000000 0.000000 0.000000
0.269601 0.757864 0.800000 1.148480 1.409942 0.000000 0.000000 0.000000
0.281193 0.771877 0.800000 1.169876 1.392567 0.000000 0.000000 0.000000
0.292998 0.785714 0.800000 1.191012 1.374864 0.000000 0.000000 0.000000
0.305012 0.799373 0.800000 1.211883 1.356838 0.000000 0.000000 0.000000
0.317234 0.812850 0.800000 1.232484 1.338493 0.000000 0.000000 0.000000
0.329661 0.826142 0.800000 1.252810 1.319833 0.000000 0.000000 0.000000
0.342290 0.839246 0.800000 1.272856 1.300861 0.000000 0.000000 0.000000
0.355117 0.852158 0.800000 1.292617 1.281581 0.000000 0.000000 0.000000
0.368141 0.864876 0.800000 1.312089 1.261999 0.000000 0.000000 0.000000
0.381358 0.877397 0.800000 1.331267 1.242118 0.000000 0.000000 0.000000
0.394765 0.889718 0.800000 1.350146 1.221943 0.000000 0.000000 0.000000
0.408360 0.901835 0.800000 1.368722 1.201478 0.000000 0.000000 0.000000
0.422139 0.913746 0.800000 1.386991 1.180728 0.000000 0.000000 0.000000
0.436099 0.925449 0.800000 1.404947 1.159697 0.000000 0.000000 0.000000
0.450237 0.936939 0.800000 1.422586 1.138390 0.000000 0.000000 0.000000
0.464550 0.948215 0.800000 1.439905 1.116812 0.000000 0.000000 0.000000
0.479034 0.959275 0.800000 1.456898 1.094967 0.000000 0.000000 0.000000
0.493686 0.970114 0.800000 1.473563 1.072861 0.000000 0.000000 0.000000
0.508504 0.980731 0.800000 1.489894 1.050498 0.000000 0.000000 0.000000
0.523483 0.991123 0.800000 1.505888 1.027883 0.000000 0.000000 0.000000
0.538621 1.001288 0.800000 1.521540 1.005021 0.000000 0.000000 0.000000
0.553913 1.011223 0.800000 1.536848 0.981918 0.000000 0.000000 0.000000
0.569356 1.020925 0.800000 1.551807 0.958578 0.000000 0.000000 0.000000
0.584948 1.030393 0.800000 1.566413 0.935008 0.000000 0.000000 0.000000
0.600683 1.039625 0.800000 1.580663 0.911211 0.000000 0.000000 0.000000
0.616560 1.048617 0.800000 1.594553 0.887194 0.000000 0.000000 0.000000
0.632573 1.057368 0.800000 1.608080 0.862961 0.000000 0.000000 0.000000
0.648720 1.065875 0.800000 1.621241 0.838520 0.000000 0.000000 0.000000
0.664997 1.074138 0.800000 1.634032 0.813874 0.000000 0.000000 0.000000
0.681400 1.082152 0.800000 1.646450 0.789029 0.000000 0.000000 0.000000
0.697925 1.089918 0.800000 1.658491 0.763991 0.000000 0.000000 0.000000
0.714568 1.097432 0.800000 1.670154 0.738767 0.000000 0.000000 0.000000
0.731326 1.104692 0.800000 1.681434 0.713360 0.000000 0.000000 0.000000
0.748196 1.111698 0.800000 1.692329 0.687778 0.000000 0.000000 0.000000
0.765172 1.118447 0.800000 1.702836 0.662026 0.000000 0.000000 0.000000
0.782251 1.124938 0.800000 1.712953 0.636110 0.000000 0.000000 0.000000
0.799429 1.131169 0.800000 1.722676 0.610036 0.000000 0.000000 0.000000
0.816703 1.137138 0.800000 1.732004 0.583809 0.000000 0.000000 0.000000
0.834068 1.142845 0.800000 1.740933 0.557436 0.000000 0.000000 0.000000
0.851520 1.148287 0.800000 1.749462 0.530923 0.000000 0.000000 0.000000
0.869056 1.153463 0.800000 1.757589 0.504276 0.000000 0.000000 0.000000
0.886671 1.158372 0.800000 1.765310 0.477500 0.000000 0.000000 0.000000
0.904361 1.163012 0.800000 1.772625 0.450603 0.000000 0.000000 0.000000
0.922122 1.167383 0.800000 1.779530 0.423590 0.000000 0.000000 0.000000
0.939950 1.171484 0.800000 1.786025 0.396468 0.000000 0.000000 0.000000
0.957841 1.175312 0.800000 1.792106 0.369242 0.000000 0.000000 0.000000
0.975791 1.178868 0.800000 1.797774 0.341919 0.000000 0.000000 0.000000
0.993795 1.182150 0.800000 1.803026 0.314505 0.000000 0.000000 0.000000
1.011850 1.185158 0.800000 1.807860 0.287007 0.000000 0.000000 0.000000
1.029951 1.187890 0.800000 1.812275 0.259431 0.000000 0.000000 0.000000
1.048094 1.190346 0.800000 1.816270 0.231783 0.000000 0.000000 0.000000
1.066275 1.192526 0.800000 1.819844 0.204070 0.000000 0.000000 0.000000
1.084490 1.194428 0.800000 1.822995 0.176298 0.000000 0.000000 0.000000
1.102734 1.196052 0.800000 1.825723 0.148473 0.000000 0.000000 0.000000
1.121003 1.197397 0.800000 1.828026 0.120603 0.000000 0.000000 0.000000
1.139293 1.198463 0.800000 1.829904 0.092693 0.000000 0.000000 0.000000
1.157599 1.199251 0.800000 1.831356 0.064749 0.000000 0.000000 0.000000
1.175918 1.199758 0.800000 1.832381 0.036780 0.000000 0.000000 0.000000
1.194245 1.199986 0.800000 1.832979 0.008790 0.000000 0.000000 0.000000
1.212576 1.199934 0.800000 1.833149 -0.019213 0.000000 0.000000 0.000000
1.230907 1.199602 0.800000 1.832892 -0.047223 0.000000 0.000000 0.000000
1.249233 1.198990 0.800000 1.832206 -0.075234 0.000000 0.000000 0.000000
1.267550 1.198097 0.800000 1.831092 -0.103239 0.000000 0.000000 0.000000
1.285853 1.196925 0.800000 1.829550 -0.131230 0.000000 0.000000 0.000000
1.304139 1.195473 0.800000 1.827579 -0.159203 0.000000 0.000000 0.000000
1.322403 1.193741 0.800000 1.825180 -0.187150 0.000000 0.000000 0.000000
1.340641 1.191730 0.800000 1.822354 -0.215064 0.000000 0.000000 0.000000
1.358849 1.189440 0.800000 1.819099 -0.242940 0.000000 0.000000 0.000000
1.377022 1.186871 0.800000 1.815418 -0.270770 0.000000 0.000000 0.000000
1.395156 1.184025 0.800000 1.811311 -0.298548 0.000000 0.000000 0.000000
1.413247 1.180900 0.800000 1.806778 -0.326268 0.000000 0.000000 0.000000
1.431290 1.177499 0.800000 1.801819 -0.353922 0.000000 0.000000 0.000000
1.449282 1.173822 0.800000 1.796437 -0.381505 0.000000 0.000000 0.000000
1.467218 1.169870 0.800000 1.790632 -0.409010 0.000000 0.000000 0.000000
1.485093 1.165642 0.800000 1.784404 -0.436430 0.000000 0.000000 0.000000
1.502904 1.161141 0.800000 1.777756 -0.463759 0.000000 0.000000 0.000000
1.520647 1.156367 0.800000 1.770688 -0.490990 0.000000 0.000000 0.000000
1.538317 1.151322 0.800000 1.763201 -0.518118 0.000000 0.000000 0.000000
1.555909 1.146005 0.800000 1.755298 -0.545135 0.000000 0.000000 0.000000
1.573421 1.140420 0.800000 1.746980 -0.572034 0.000000 0.000000 0.000000
1.590848 1.134565 0.800000 1.738248 -0.598811 0.000000 0.000000 0.000000
1.608185 1.128444 0.800000 1.729105 -0.625458 0.000000 0.000000 0.000000
1.625428 1.122056 0.800000 1.719552 -0.651969 0.000000 0.000000 0.000000
1.642574 1.115405 0.800000 1.709590 -0.678337 0.000000 0.000000 0.000000
1.659619 1.108490 0.800000 1.699223 -0.704557 0.000000 0.000000 0.000000
1.676558 1.101314 0.800000 1.688452 -0.730622 0.000000 0.000000 0.000000
1.693387 1.093878 0.800000 1.677280 -0.756526 0.000000 0.000000 0.000000
1.710102 1.086184 0.800000 1.665709 -0.782262 0.000000 0.000000 0.000000
1.726699 1.078234 0.800000 1.653741 -0.807825 0.000000 0.000000 0.000000
1.743175 1.070028 0.800000 1.641379 -0.833208 0.000000 0.000000 0.000000
1.759526 1.061570 0.800000 1.628625 -0.858406 0.000000 0.000000 0.000000
1.775747 1.052861 0.800000 1.615483 -0.883411 0.000000 0.000000 0.000000
1.791834 1.043903 0.800000 1.601955 -0.908219 0.000000 0.000000 0.000000
1.807784 1.034697 0.800000 1.588045 -0.932822 0.000000 0.000000 0.000000
1.823594 1.025247 0.800000 1.573754 -0.957216 0.000000 0.000000 0.000000
1.839258 1.015554 0.800000 1.559086 -0.981394 0.000000 0.000000 0.000000
1.854774 1.005620 0.800000 1.544045 -1.005351 0.000000 0.000000 0.000000
1.870138 0.995447 0.800000 1.528634 -1.029080 0.000000 0.000000 0.000000
1.885346 0.985039 0.800000 1.512855 -1.052577 0.000000 0.000000 0.000000
1.900394 0.974397 0.800000 1.496714 -1.075834 0.000000 0.000000 0.000000
1.915279 0.963523 0.800000 1.480212 -1.098847 0.000000 0.000000 0.000000
1.929997 0.952420 0.800000 1.463354 -1.121610 0.000000 0.000000 0.000000
1.944545 0.941092 0.800000 1.446144 -1.144117 0.000000 0.000000 0.000000
1.958918 0.929539 0.800000 1.428585 -1.166363 0.000000 0.000000 0.000000
1.973115 0.917765 0.800000 1.410682 -1.188342 0.000000 0.000000 0.000000
1.987131 0.905773 0.800000 1.392437 -1.210050 0.000000 0.000000 0.000000
2.000963 0.893565 0.800000 1.373856 -1.231480 0.000000 0.000000 0.000000
2.014607 0.881144 0.800000 1.354943 -1.252628 0.000000 0.000000 0.000000
2.028061 0.868514 0.800000 1.335701 -1.273488 0.000000 0.000000 0.000000
2.041320 0.855676 0.800000 1.316136 -1.294055 0.000000 0.000000 0.000000
2.054382 0.842633 0.800000 1.296251 -1.314325 0.000000 0.000000 0.000000
2.067244 0.829390 0.800000 1.276051 -1.334291 0.000000 0.000000 0.000000
2.079902 0.815949 0.800000 1.255541 -1.353949 0.000000 0.000000 0.000000
2.092354 0.802312 0.800000 1.234725 -1.373295 0.000000 0.000000 0.000000
2.104596 0.788484 0.800000 1.213608 -1.392323 0.000000 0.000000 0.000000
2.116625 0.774467 0.800000 1.192195 -1.411029 0.000000 0.000000 0.000000
2.128439 0.760264 0.800000 1.170490 -1.429409 0.000000 0.000000 0.000000
2.140034 0.745880 0.800000 1.148499 -1.447456 0.000000 0.000000 0.000000
2.151408 0.731316 0.800000 1.126227 -1.465168 0.000000 0.000000 0.000000
2.162557 0.716577 0.800000 1.103679 -1.482539 0.000000 0.000000 0.000000
2.173480 0.701667 0.800000 1.080859 -1.499565 0.000000 0.000000 0.000000
2.184174 0.686587 0.800000 1.057774 -1.516243 0.000000 0.000000 0.000000
2.194635 0.671343 0.800000 1.034428 -1.532567 0.000000 0.000000 0.000000
2.204861 0.655937 0.800000 1.010827 -1.548533 0.000000 0.000000 0.000000
2.214851 0.640374 0.800000 0.986976 -1.564138 0.000000 0.000000 0.000000
2.224600 0.624656 0.800000 0.962881 -1.579378 0.000000 0.000000 0.000000
2.234107 0.608787 0.800000 0.938547 -1.594249 0.000000 0.000000 0.000000
2.243370 0.592772 0.800000 0.913980 -1.608746 0.000000 0.000000 0.000000
2.252386 0.576614 0.800000 0.889186 -1.622867 0.000000 0.000000 0.000000
2.261153 0.560316 0.800000 0.864170 -1.636608 0.000000 0.000000 0.000000
2.269669 0.543883 0.800000 0.838939 -1.649964 0.000000 0.000000 0.000000
2.277931 0.527318 0.800000 0.813498 -1.662934 0.000000 0.000000 0.000000
2.285938 0.510625 0.800000 0.787852 -1.675512 0.000000 0.000000 0.000000
2.293688 0.493809 0.800000 0.762009 -1.687697 0.000000 0.000000 0.000000
2.301178 0.476873 0.800000 0.735973 -1.699484 0.000000 0.000000 0.000000
2.308407 0.459821 0.800000 0.709752 -1.710872 0.000000 0.000000 0.000000
2.315372 0.442657 0.800000 0.683351 -1.721856 0.000000 0.000000 0.000000
2.322073 0.425385 0.800000 0.656776 -1.732434 0.000000 0.000000 0.000000
2.328507 0.408009 0.800000 0.630034 -1.742603 0.000000 0.000000 0.000000
2.334673 0.390534 0.800000 0.603131 -1.752361 0.000000 0.000000 0.000000
2.340569 0.372963 0.800000 0.576073 -1.761704 0.000000 0.000000 0.000000
2.346194 0.355301 0.800000 0.548867 -1.770631 0.000000 0.000000 0.000000
2.351546 0.337552 0.800000 0.521518 -1.779139 0.000000 0.000000 0.000000
2.356624 0.319720 0.800000 0.494034 -1.787225 0.000000 0.000000 0.000000
2.361426 0.301809 0.800000 0.466421 -1.794888 0.000000 0.000000 0.000000
2.365952 0.283824 0.800000 0.438685 -1.802125 0.000000 0.000000 0.000000
2.370200 0.265768 0.800000 0.410833 -1.808934 0.000000 0.000000 0.000000
2.374168 0.247646 0.800000 0.382872 -1.815313 0.000000 0.000000 0.000000
2.377857 0.229463 0.800000 0.354808 -1.821261 0.000000 0.000000 0.000000
2.381264 0.211223 0.800000 0.326647 -1.826776 0.000000 0.000000 0.000000
2.384389 0.192929 0.800000 0.298397 -1.831856 0.000000 0.000000 0.000000
2.387232 0.174587 0.800000 0.270064 -1.836499 0.000000 0.000000 0.000000
2.389790 0.156201 0.800000 0.241655 -1.840705 0.000000 0.000000 0.000000
2.392065 0.137774 0.800000 0.213177 -1.844472 0.000000 0.000000 0.000000
2.394054 0.119313 0.800000 0.184636 -1.847798 0.000000 0.000000 0.000000
2.395757 0.100820 0.800000 0.156040 -1.850683 0.000000 0.000000 0.000000
2.397174 0.082300 0.800000 0.127394 -1.853126 0.000000 0.000000 0.000000
2.398305 0.063759 0.800000 0.098707 -1.855126 0.000000 0.000000 0.000000
2.399148 0.045199 0.800000 0.069984 -1.856682 0.000000 0.000000 0.000000
2.399705 0.026627 0.800000 0.041233 -1.857792 0.000000 0.000000 0.000000
2.399973 0.008045 0.800000 0.012460 -1.858458 0.000000 0.000000 0.000000
2.399954 -0.010541 0.800000 -0.016328 -1.858678 0.000000 0.000000 0.000000
2.399646 -0.029127 0.800000 -0.045123 -1.858452 0.000000 0.000000 0.000000
2.399051 -0.047709 0.800000 -0.073918 -1.857780 0.000000 0.000000 0.000000
2.398168 -0.066281 0.800000 -0.102708 -1.856661 0.000000 0.000000 0.000000
2.396997 -0.084840 0.800000 -0.131485 -1.855096 0.000000 0.000000 0.000000
2.395538 -0.103382 0.800000 -0.160241 -1.853085 0.000000 0.000000 0.000000
2.393792 -0.121900 0.800000 -0.188971 -1.850627 0.000000 0.000000 0.000000
2.391759 -0.140393 0.800000 -0.217667 -1.847723 0.000000 0.000000 0.000000
2.389439 -0.158853 0.800000 -0.246322 -1.844374 0.000000 0.000000 0.000000
2.386833 -0.177279 0.800000 -0.274930 -1.840580 0.000000 0.000000 0.000000
2.383941 -0.195664 0.800000 -0.303482 -1.836341 0.000000 0.000000 0.000000
2.380763 -0.214004 0.800000 -0.331974 -1.831659 0.000000 0.000000 0.000000
2.377302 -0.232295 0.800000 -0.360396 -1.826534 0.000000 0.000000 0.000000
2.373556 -0.250533 0.800000 -0.388744 -1.820967 0.000000 0.000000 0.000000
2.369527 -0.268713 0.800000 -0.417009 -1.814960 0.000000 0.000000 0.000000
2.365216 -0.286831 0.800000 -0.445185 -1.808512 0.000000 0.000000 0.000000
2.360624 -0.304882 0.800000 -0.473266 -1.801626 0.000000 0.000000 0.000000
2.355751 -0.322862 0.800000 -0.501243 -1.794303 0.000000 0.000000 0.000000
2.350599 -0.340767 0.800000 -0.529111 -1.786545 0.000000 0.000000 0.000000
2.345169 -0.358591 0.800000 -0.556863 -1.778352 0.000000 0.000000 0.000000
2.339462 -0.376332 0.800000 -0.584491 -1.769727 0.000000 0.000000 0.000000
2.333480 -0.393985 0.800000 -0.611989 -1.760672 0.000000 0.000000 0.000000
2.327223 -0.411544 0.800000 -0.639351 -1.751188 0.000000 0.000000 0.000000
2.320693 -0.429007 0.800000 -0.666569 -1.741277 0.000000 0.000000 0.000000
2.313892 -0.446368 0.800000 -0.693638 -1.730942 0.000000 0.000000 0.000000
2.306821 -0.463624 0.800000 -0.720549 -1.720184 0.000000 0.000000 0.000000
2.299482 -0.480771 0.800000 -0.747298 -1.709007 0.000000 0.000000 0.000000
2.291876 -0.497803 0.800000 -0.773876 -1.697411 0.000000 0.000000 0.000000
2.284005 -0.514717 0.800000 -0.800278 -1.685401 0.000000 0.000000 0.000000
2.275871 -0.531510 0.800000 -0.826498 -1.672979 0.000000 0.000000 0.000000
2.267475 -0.548176 0.800000 -0.852527 -1.660146 0.000000 0.000000 0.000000
2.258821 -0.564711 0.800000 -0.878361 -1.646907 0.000000 0.000000 0.000000
2.249909 -0.581112 0.800000 -0.903993 -1.633264 0.000000 0.000000 0.000000
2.240742 -0.597375 0.800000 -0.929416 -1.619220 0.000000 0.000000 0.000000
2.231321 -0.613496 0.800000 -0.954625 -1.604779 0.000000 0.000000 0.000000
2.221650 -0.629469 0.800000 -0.979612 -1.589942 0.000000 0.000000 0.000000
2.211730 -0.645293 0.800000 -1.004372 -1.574715 0.000000 0.000000 0.000000
2.201563 -0.660962 0.800000 -1.028898 -1.559100 0.000000 0.000000 0.000000
2.191152 -0.676474 0.800000 -1.053185 -1.543101 0.000000 0.000000 0.000000
2.180500 -0.691823 0.800000 -1.077226 -1.526721 0.000000 0.000000 0.000000
2.169609 -0.707007 0.800000 -1.101016 -1.509964 0.000000 0.000000 0.000000
2.158481 -0.722021 0.800000 -1.124548 -1.492834 0.000000 0.000000 0.000000
2.147119 -0.736862 0.800000 -1.147817 -1.475335 0.000000 0.000000 0.000000
2.135525 -0.751527 0.800000 -1.170816 -1.457470 0.000000 0.000000 0.000000
2.123703 -0.766011 0.800000 -1.193540 -1.439245 0.000000 0.000000 0.000000
2.111655 -0.780310 0.800000 -1.215984 -1.420663 0.000000 0.000000 0.000000
2.099385 -0.794423 0.800000 -1.238141 -1.401728 0.000000 0.000000 0.000000
2.086894 -0.808344 0.800000 -1.260006 -1.382445 0.000000 0.000000 0.000000
2.074185 -0.822070 0.800000 -1.281574 -1.362819 0.000000 0.000000 0.000000
2.061263 -0.835599 0.800000 -1.302838 -1.342853 0.000000 0.000000 0.000000
2.048130 -0.848926 0.800000 -1.323795 -1.322552 0.000000 0.000000 0.000000
2.034788 -0.862049 0.800000 -1.344437 -1.301922 0.000000 0.000000 0.000000
2.021242 -0.874964 0.800000 -1.364761 -1.280966 0.000000 0.000000 0.000000
2.007494 -0.887667 0.800000 -1.384761 -1.259691 0.000000 0.000000 0.000000
1.993548 -0.900156 0.800000 -1.404432 -1.238100 0.000000 0.000000 0.000000
1.979407 -0.912428 0.800000 -1.423768 -1.216199 0.000000 0.000000 0.000000
1.965074 -0.924479 0.800000 -1.442766 -1.193993 0.000000 0.000000 0.000000
1.950552 -0.936307 0.800000 -1.461419 -1.171487 0.000000 0.000000 0.000000
1.935846 -0.947908 0.800000 -1.479724 -1.148687 0.000000 0.000000 0.000000
1.920959 -0.959280 0.800000 -1.497676 -1.125597 0.000000 0.000000 0.000000
1.905894 -0.970419 0.800000 -1.515269 -1.102224 0.000000 0.000000 0.000000
1.890655 -0.981323 0.800000 -1.532500 -1.078573 0.000000 0.000000 0.000000
1.875245 -0.991990 0.800000 -1.549364 -1.054649 0.000000 0.000000 0.000000
1.859669 -1.002416 0.800000 -1.565857 -1.030458 0.000000 0.000000 0.000000
1.843929 -1.012598 0.800000 -1.581974 -1.006006 0.000000 0.000000 0.000000
1.828031 -1.022535 0.800000 -1.597711 -0.981298 0.000000 0.000000 0.000000
1.811977 -1.032223 0.800000 -1.613064 -0.956341 0.000000 0.000000 0.000000
1.795771 -1.041661 0.800000 -1.628029 -0.931140 0.000000 0.000000 0.000000
1.779417 -1.050845 0.800000 -1.642602 -0.905702 0.000000 0.000000 0.000000
1.762920 -1.059774 0.800000 -1.656780 -0.880032 0.000000 0.000000 0.000000
1.746283 -1.068445 0.800000 -1.670558 -0.854136 0.000000 0.000000 0.000000
1.729510 -1.076856 0.800000 -1.683934 -0.828022 0.000000 0.000000 0.000000
1.712606 -1.085005 0.800000 -1.696902 -0.801694 0.000000 0.000000 0.000000
1.695574 -1.092889 0.800000 -1.709461 -0.775160 0.000000 0.000000 0.000000
1.678418 -1.100507 0.800000 -1.721606 -0.748425 0.000000 0.000000 0.000000
1.661143 -1.107857 0.800000 -1.733335 -0.721496 0.000000 0.000000 0.000000
1.643753 -1.114937 0.800000 -1.744644 -0.694380 0.000000 0.000000 0.000000
1.626251 -1.121744 0.800000 -1.755530 -0.667083 0.000000 0.000000 0.000000
1.608643 -1.128278 0.800000 -1.765990 -0.639612 0.000000 0.000000 0.000000
1.590933 -1.134536 0.800000 -1.776021 -0.611973 0.000000 0.000000 0.000000
1.573124 -1.140517 0.800000 -1.785621 -0.584173 0.000000 0.000000 0.000000
1.555222 -1.146219 0.800000 -1.794787 -0.556218 0.000000 0.000000 0.000000
1.537230 -1.151641 0.800000 -1.803517 -0.528116 0.000000 0.000000 0.000000
1.519153 -1.156781 0.800000 -1.811808 -0.499874 0.000000 0.000000 0.000000
1.500995 -1.161638 0.800000 -1.819657 -0.471497 0.000000 0.000000 0.000000
1.482761 -1.166210 0.800000 -1.827062 -0.442993 0.000000 0.000000 0.000000
1.464456 -1.170497 0.800000 -1.834022 -0.414369 0.000000 0.000000 0.000000
1.446082 -1.174497 0.800000 -1.840535 -0.385632 0.000000 0.000000 0.000000
1.427646 -1.178209 0.800000 -1.846598 -0.356788 0.000000 0.000000 0.000000
1.409152 -1.181633 0.800000 -1.852209 -0.327846 0.000000 0.000000 0.000000
1.390604 -1.184766 0.800000 -1.857367 -0.298811 0.000000 0.000000 0.000000
1.372006 -1.187608 0.800000 -1.862071 -0.269691 0.000000 0.000000 0.000000
1.353364 -1.190159 0.800000 -1.866319 -0.240494 0.000000 0.000000 0.000000
1.334681 -1.192418 0.800000 -1.870109 -0.211225 0.000000 0.000000 0.000000
1.315963 -1.194384 0.800000 -1.873441 -0.181893 0.000000 0.000000 0.000000
1.297214 -1.196056 0.800000 -1.876313 -0.152505 0.000000 0.000000 0.000000
1.278439 -1.197434 0.800000 -1.878724 -0.123067 0.000000 0.000000 0.000000
1.259641 -1.198517 0.800000 -1.880673 -0.093587 0.000000 0.000000 0.000000
1.240827 -1.199305 0.800000 -1.882160 -0.064072 0.000000 0.000000 0.000000
1.221999 -1.199798 0.800000 -1.883183 -0.034530 0.000000 0.000000 0.000000
1.203164 -1.199996 0.800000 -1.883743 -0.004968 0.000000 0.000000 0.000000
1.184326 -1.199898 0.800000 -1.883839 0.024608 0.000000 0.000000 0.000000
1.165489 -1.199504 0.800000 -1.883471 0.054189 0.000000 0.000000 0.000000
1.146658 -1.198814 0.800000 -1.882637 0.083769 0.000000 0.000000 0.000000
1.127838 -1.197828 0.800000 -1.881339 0.113339 0.000000 0.000000 0.000000
1.109033 -1.196547 0.800000 -1.879576 0.142894 0.000000 0.000000 0.000000
1.090248 -1.194971 0.800000 -1.877348 0.172425 0.000000 0.000000 0.000000
1.071488 -1.193099 0.800000 -1.874656 0.201925 0.000000 0.000000 0.000000
1.052756 -1.190932 0.800000 -1.871500 0.231387 0.000000 0.000000 0.000000
1.034059 -1.188471 0.800000 -1.867880 0.260804 0.000000 0.000000 0.000000
1.015400 -1.185716 0.800000 -1.863798 0.290167 0.000000 0.000000 0.000000
0.996785 -1.182668 0.800000 -1.859253 0.319471 0.000000 0.000000 0.000000
0.978217 -1.179327 0.800000 -1.854246 0.348708 0.000000 0.000000 0.000000
0.959701 -1.175694 0.800000 -1.848779 0.377870 0.000000 0.000000 0.000000
0.941243 -1.171770 0.800000 -1.842852 0.406950 0.000000 0.000000 0.000000
0.922846 -1.167555 0.800000 -1.836467 0.435940 0.000000 0.000000 0.000000
0.904515 -1.163051 0.800000 -1.829625 0.464835 0.000000 0.000000 0.000000
0.886255 -1.158259 0.800000 -1.822328 0.493626 0.000000 0.000000 0.000000
0.868070 -1.153179 0.800000 -1.814576 0.522306 0.000000 0.000000 0.000000
0.849965 -1.147813 0.800000 -1.806371 0.550868 0.000000 0.000000 0.000000
0.831944 -1.142162 0.800000 -1.797716 0.579305 0.000000 0.000000 0.000000
0.814012 -1.136228 0.800000 -1.788612 0.607609 0.000000 0.000000 0.000000
0.796173 -1.130011 0.800000 -1.779060 0.635775 0.000000 0.000000 0.000000
0.778432 -1.123513 0.800000 -1.769064 0.663793 0.000000 0.000000 0.000000
0.760794 -1.116735 0.800000 -1.758625 0.691659 0.000000 0.000000 0.000000
0.743261 -1.109680 0.800000 -1.747746 0.719363 0.000000 0.000000 0.000000
0.725840 -1.102349 0.800000 -1.736429 0.746901 0.000000 0.000000 0.000000
0.708534 -1.094743 0.800000 -1.724676 0.774263 0.000000 0.000000 0.000000
0.691348 -1.086864 0.800000 -1.712490 0.801445 0.000000 0.000000 0.000000
0.674286 -1.078714 0.800000 -1.699874 0.828438 0.000000 0.000000 0.000000
0.657352 -1.070296 0.800000 -1.686831 0.855236 0.000000 0.000000 0.000000
0.640551 -1.061610 0.800000 -1.673363 0.881832 0.000000 0.000000 0.000000
0.623886 -1.052660 0.800000 -1.659474 0.908220 0.000000 0.000000 0.000000
0.607363 -1.043447 0.800000 -1.645167 0.934392 0.000000 0.000000 0.000000
0.590984 -1.033973 0.800000 -1.630446 0.960342 0.000000 0.000000 0.000000
0.574755 -1.024241 0.800000 -1.615313 0.986064 0.000000 0.000000 0.000000
0.558679 -1.014252 0.800000 -1.599772 1.011550 0.000000 0.000000 0.000000
0.542761 -1.004010 0.800000 -1.583826 1.036795 0.000000 0.000000 0.000000
0.527004 -0.993517 0.800000 -1.567480 1.061791 0.000000 0.000000 0.000000
0.511413 -0.982775 0.800000 -1.550738 1.086534 0.000000 0.000000 0.000000
0.495991 -0.971787 0.800000 -1.533602 1.111015 0.000000 0.000000 0.000000
0.480742 -0.960556 0.800000 -1.516077 1.135229 0.000000 0.000000 0.000000
0.465670 -0.949084 0.800000 -1.498168 1.159170 0.000000 0.000000 0.000000
0.450780 -0.937373 0.800000 -1.479878 1.182831 0.000000 0.000000 0.000000
0.436074 -0.925428 0.800000 -1.461212 1.206207 0.000000 0.000000 0.000000
0.421557 -0.913250 0.800000 -1.442174 1.229292 0.000000 0.000000 0.000000
0.407232 -0.900843 0.800000 -1.422769 1.252078 0.000000 0.000000 0.000000
0.393103 -0.888210 0.800000 -1.403001 1.274562 0.000000 0.000000 0.000000
0.379173 -0.875353 0.800000 -1.382875 1.296736 0.000000 0.000000 0.000000
0.365446 -0.862276 0.800000 -1.362396 1.318595 0.000000 0.000000 0.000000
0.351926 -0.848982 0.800000 -1.341569 1.340133 0.000000 0.000000 0.000000
0.338616 -0.835475 0.800000 -1.320398 1.361346 0.000000 0.000000 0.000000
0.325519 -0.821756 0.800000 -1.298889 1.382226 0.000000 0.000000 0.000000
0.312639 -0.807831 0.800000 -1.277046 1.402769 0.000000 0.000000 0.000000
0.299979 -0.793702 0.800000 -1.254876 1.422970 0.000000 0.000000 0.000000
0.287543 -0.779373 0.800000 -1.232383 1.442823 0.000000 0.000000 0.000000
0.275333 -0.764847 0.800000 -1.209573 1.462323 0.000000 0.000000 0.000000
0.263352 -0.750128 0.800000 -1.186452 1.481464 0.000000 0.000000 0.000000
0.251605 -0.735219 0.800000 -1.163024 1.500243 0.000000 0.000000 0.000000
0.240093 -0.720124 0.800000 -1.139296 1.518653 0.000000 0.000000 0.000000
0.228820 -0.704847 0.800000 -1.115273 1.536690 0.000000 0.000000 0.000000
0.217788 -0.689391 0.800000 -1.090962 1.554350 0.000000 0.000000 0.000000
0.207002 -0.673761 0.800000 -1.066368 1.571627 0.000000 0.000000 0.000000
0.196462 -0.657960 0.800000 -1.041496 1.588517 0.000000 0.000000 0.000000
0.186173 -0.641992 0.800000 -1.016354 1.605016 0.000000 0.000000 0.000000
0.176136 -0.625861 0.800000 -0.990947 1.621118 0.000000 0.000000 0.000000
0.166355 -0.609571 0.800000 -0.965281 1.636821 0.000000 0.000000 0.000000
0.156831 -0.593126 0.800000 -0.939364 1.652119 0.000000 0.000000 0.000000
0.147568 -0.576530 0.800000 -0.913200 1.667008 0.000000 0.000000 0.000000
0.138568 -0.559787 0.800000 -0.886796 1.681485 0.000000 0.000000 0.000000
0.129833 -0.542902 0.800000 -0.860160 1.695546 0.000000 0.000000 0.000000
0.121365 -0.525878 0.800000 -0.833297 1.709186 0.000000 0.000000 0.000000
0.113168 -0.508720 0.800000 -0.806214 1.722403 0.000000 0.000000 0.000000
0.105242 -0.491431 0.800000 -0.778918 1.735192 0.000000 0.000000 0.000000
0.097590 -0.474017 0.800000 -0.751416 1.747549 0.000000 0.000000 0.000000
0.090214 -0.456482 0.800000 -0.723714 1.759473 0.000000 0.000000 0.000000
0.083116 -0.438829 0.800000 -0.695818 1.770959 0.000000 0.000000 0.000000
0.076298 -0.421064 0.800000 -0.667737 1.782003 0.000000 0.000000 0.000000
0.069762 -0.403191 0.800000 -0.639477 1.792604 0.000000 0.000000 0.000000
0.063509 -0.385213 0.800000 -0.611045 1.802758 0.000000 0.000000 0.000000
0.057542 -0.367137 0.800000 -0.582447 1.812462 0.000000 0.000000 0.000000
0.051861 -0.348966 0.800000 -0.553692 1.821714 0.000000 0.000000 0.000000
0.046469 -0.330704 0.800000 -0.524786 1.830510 0.000000 0.000000 0.000000
0.041366 -0.312357 0.800000 -0.495737 1.838849 0.000000 0.000000 0.000000
0.036554 -0.293929 0.800000 -0.466551 1.846728 0.000000 0.000000 0.000000
0.032035 -0.275424 0.800000 -0.437235 1.854144 0.000000 0.000000 0.000000
0.027810 -0.256847 0.800000 -0.407799 1.861096 0.000000 0.000000 0.000000
0.023880 -0.238204 0.800000 -0.378247 1.867581 0.000000 0.000000 0.000000
0.020245 -0.219497 0.800000 -0.348589 1.873598 0.000000 0.000000 0.000000
0.016908 -0.200733 0.800000 -0.318831 1.879144 0.000000 0.000000 0.000000
0.013869 -0.181916 0.800000 -0.288981 1.884218 0.000000 0.000000 0.000000
0.011129 -0.163050 0.800000 -0.259046 1.888819 0.000000 0.000000 0.000000
0.008688 -0.144141 0.800000 -0.229034 1.892944 0.000000 0.000000 0.000000
0.006548 -0.125193 0.800000 -0.198953 1.896593 0.000000 0.000000 0.000000
0.004710 -0.106211 0.800000 -0.168809 1.899765 0.000000 0.000000 0.000000
0.003172 -0.087199 0.800000 -0.138611 1.902457 0.000000 0.000000 0.000000
0.001937 -0.068163 0.800000 -0.108366 1.904670 0.000000 0.000000 0.000000
0.001005 -0.049108 0.800000 -0.078081 1.906402 0.000000 0.000000 0.000000
0.000376 -0.030037 0.800000 -0.047765 1.907652 0.000000 0.000000 0.000000
0.000050 -0.010956 0.800000 -0.017425 1.908420 0.000000 0.000000 0.000000
0.000028 0.008130 0.800000 0.012932 1.908706 0.000000 0.000000 0.000000
0.000309 0.027216 0.800000 0.043297 1.908509 0.000000 0.000000 0.000000
0.000893 0.046298 0.800000 0.073663 1.907828 0.000000 0.000000 0.000000
0.001782 0.065371 0.800000 0.104022 1.906665 0.000000 0.000000 0.000000
0.002974 0.084430 0.800000 0.134367 1.905017 0.000000 0.000000 0.000000
0.004469 0.103470 0.800000 0.164690 1.902887 0.000000 0.000000 0.000000
0.006268 0.122486 0.800000 0.194983 1.900273 0.000000 0.000000 0.000000
0.008369 0.141474 0.800000 0.225238 1.897176 0.000000 0.000000 0.000000
0.010772 0.160428 0.800000 0.255448 1.893598 0.000000 0.000000 0.000000
0.013477 0.179344 0.800000 0.285606 1.889537 0.000000 0.000000 0.000000
0.016484 0.198217 0.800000 0.315702 1.884996 0.000000 0.000000 0.000000
0.019791 0.217043 0.800000 0.345731 1.879974 0.000000 0.000000 0.000000
0.023398 0.235815 0.800000 0.375683 1.874473 0.000000 0.000000 0.000000
0.027305 0.254530 0.800000 0.405552 1.868495 0.000000 0.000000 0.000000
0.031509 0.273183 0.800000 0.435329 1.862039 0.000000 0.000000 0.000000
0.036011 0.291770 0.800000 0.465008 1.855108 0.000000 0.000000 0.000000
0.040809 0.310284 0.800000 0.494580 1.847702 0.000000 0.000000 0.000000
0.045902 0.328722 0.800000 0.524038 1.839824 0.000000 0.000000 0.000000
0.051289 0.347079 0.800000 0.553374 1.831476 0.000000 0.000000 0.000000
0.056969 0.365350 0.800000 0.582581 1.822658 0.000000 0.000000 0.000000
0.062941 0.383531 0.800000 0.611651 1.813373 0.000000 0.000000 0.000000
0.069202 0.401616 0.800000 0.640577 1.803623 0.000000 0.000000 0.000000
0.075752 0.419601 0.800000 0.669352 1.793411 0.000000 0.000000 0.000000
0.082588 0.437483 0.800000 0.697967 1.782737 0.000000 0.000000 0.000000
0.089710 0.455255 0.800000 0.726416 1.771606 0.000000 0.000000 0.000000
0.097116 0.472913 0.800000 0.754691 1.760019 0.000000 0.000000 0.000000
0.104804 0.490454 0.800000 0.782784 1.747979 0.000000 0.000000 0.000000
0.112771 0.507871 0.800000 0.810690 1.735489 0.000000 0.000000 0.000000
0.121017 0.525162 0.800000 0.838399 1.722552 0.000000 0.000000 0.000000
0.129538 0.542321 0.800000 0.865906 1.709170 0.000000 0.000000 0.000000
0.138334 0.559344 0.800000 0.893202 1.695348 0.000000 0.000000 0.000000
0.147402 0.576226 0.800000 0.920281 1.681087 0.000000 0.000000 0.000000
0.156739 0.592964 0.800000 0.947137 1.666392 0.000000 0.000000 0.000000
0.166344 0.609553 0.800000 0.973761 1.651266 0.000000 0.000000 0.000000
0.176213 0.625988 0.800000 1.000146 1.635712 0.000000 0.000000 0.000000
0.186346 0.642266 0.800000 1.026287 1.619735 0.000000 0.000000 0.000000
0.196738 0.658381 0.800000 1.052176 1.603338 0.000000 0.000000 0.000000
0.207388 0.674331 0.800000 1.077806 1.586524 0.000000 0.000000 0.000000
0.218294 0.690110 0.800000 1.103170 1.569299 0.000000 0.000000 0.000000
0.229451 0.705716 0.800000 1.128263 1.551665 0.000000 0.000000 0.000000
0.240858 0.721142 0.800000 1.153077 1.533628 0.000000 0.000000 0.000000
0.252511 0.736387 0.800000 1.177605 1.515192 0.000000 0.000000 0.000000
0.264409 0.751445 0.800000 1.201842 1.496361 0.000000 0.000000 0.000000
0.276547 0.766313 0.800000 1.225781 1.477139 0.000000 0.000000 0.000000
0.288924 0.780986 0.800000 1.249416 1.457532 0.000000 0.000000 0.000000
0.301535 0.795462 0.800000 1.272739 1.437545 0.000000 0.000000 0.000000
0.314377 0.809736 0.800000 1.295746 1.417181 0.000000 0.000000 0.000000
0.327448 0.823804 0.800000 1.318430 1.396446 0.000000 0.000000 0.000000
0.340745 0.837664 0.800000 1.340786 1.375345 0.000000 0.000000 0.000000
0.354263 0.851310 0.800000 1.362806 1.353884 0.000000 0.000000 0.000000
0.368000 0.864740 0.800000 1.384485 1.332067 0.000000 0.000000 0.000000
0.381952 0.877950 0.800000 1.405818 1.309900 0.000000 0.000000 0.000000
0.396115 0.890937 0.800000 1.426799 1.287388 0.000000 0.000000 0.000000
0.410486 0.903697 0.800000 1.447421 1.264538 0.000000 0.000000 0.000000
0.425062 0.916227 0.800000 1.467681 1.241353 0.000000 0.000000 0.000000
0.439839 0.928523 0.800000 1.487571 1.217842 0.000000 0.000000 0.000000
0.454812 0.940582 0.800000 1.507087 1.194008 0.000000 0.000000 0.000000
0.469979 0.952402 0.800000 1.526224 1.169858 0.000000 0.000000 0.000000
0.485336 0.963979 0.800000 1.544977 1.145399 0.000000 0.000000 0.000000
0.500877 0.975309 0.800000 1.563339 1.120635 0.000000 0.000000 0.000000
0.516601 0.986390 0.800000 1.581307 1.095574 0.000000 0.000000 0.000000
0.532502 0.997220 0.800000 1.598875 1.070221 0.000000 0.000000 0.000000
0.548577 1.007794 0.800000 1.616039 1.044584 0.000000 0.000000 0.000000
0.564822 1.018110 0.800000 1.632794 1.018667 0.000000 0.000000 0.000000
0.581232 1.028166 0.800000 1.649136 0.992479 0.000000 0.000000 0.000000
0.597803 1.037959 0.800000 1.665059 0.966024 0.000000 0.000000 0.000000
0.614531 1.047486 0.800000 1.680560 0.939311 0.000000 0.000000 0.000000
0.631413 1.056744 0.800000 1.695634 0.912346 0.000000 0.000000 0.000000
0.648443 1.065732 0.800000 1.710278 0.885134 0.000000 0.000000 0.000000
0.665617 1.074446 0.800000 1.724486 0.857685 0.000000 0.000000 0.000000
0.682931 1.082885 0.800000 1.738256 0.830003 0.000000 0.000000 0.000000
0.700381 1.091046 0.800000 1.751583 0.802097 0.000000 0.000000 0.000000
0.717961 1.098926 0.800000 1.764463 0.773974 0.000000 0.000000 0.000000
0.735668 1.106524 0.800000 1.776894 0.745639 0.000000 0.000000 0.000000
0.753498 1.113838 0.800000 1.788871 0.717102 0.000000 0.000000 0.000000
0.771444 1.120866 0.800000 1.800391 0.688368 0.000000 0.000000 0.000000
0.789504 1.127605 0.800000 1.811450 0.659445 0.000000 0.000000 0.000000
0.807672 1.134054 0.800000 1.822047 0.630341 0.000000 0.000000 0.000000
0.825943 1.140211 0.800000 1.832177 0.601063 0.000000 0.000000 0.000000
0.844314 1.146075 0.800000 1.841838 0.571618 0.000000 0.000000 0.000000
0.862778 1.151643 0.800000 1.851026 0.542014 0.000000 0.000000 0.000000
0.881333 1.156914 0.800000 1.859740 0.512258 0.000000 0.000000 0.000000
0.899972 1.161888 0.800000 1.867976 0.482358 0.000000 0.000000 0.000000
0.918691 1.166561 0.800000 1.875733 0.452322 0.000000 0.000000 0.000000
0.937485 1.170934 0.800000 1.883008 0.422158 0.000000 0.000000 0.000000
0.956349 1.175004 0.800000 1.889798 0.391872 0.000000 0.000000 0.000000
0.975279 1.178771 0.800000 1.896102 0.361473 0.000000 0.000000 0.000000
0.994269 1.182233 0.800000 1.901917 0.330969 0.000000 0.000000 0.000000
1.013316 1.185390 0.800000 1.907243 0.300367 0.000000 0.000000 0.000000
1.032413 1.188240 0.800000 1.912076 0.269676 0.000000 0.000000 0.000000
1.051556 1.190783 0.800000 1.916416 0.238903 0.000000 0.000000 0.000000
1.070739 1.193018 0.800000 1.920262 0.208056 0.000000 0.000000 0.000000
1.089959 1.194944 0.800000 1.923611 0.177143 0.000000 0.000000 0.000000
1.109210 1.196561 0.800000 1.926462 0.146172 0.000000 0.000000 0.000000
1.128487 1.197867 0.800000 1.928816 0.115151 0.000000 0.000000 0.000000
1.147785 1.198863 0.800000 1.930670 0.084089 0.000000 0.000000 0.000000
1.167098 1.199549 0.800000 1.932023 0.052992 0.000000 0.000000 0.000000
1.186423 1.199923 0.800000 1.932876 0.021870 0.000000 0.000000 0.000000
1.205754 1.199986 0.800000 1.933228 -0.009270 0.000000 0.000000 0.000000
1.225086 1.199738 0.800000 1.933077 -0.040420 0.000000 0.000000 0.000000
1.244414 1.199178 0.800000 1.932425 -0.071572 0.000000 0.000000 0.000000
1.263733 1.198306 0.800000 1.931270 -0.102716 0.000000 0.000000 0.000000
1.283038 1.197124 0.800000 1.929613 -0.133847 0.000000 0.000000 0.000000
1.302324 1.195629 0.800000 1.927454 -0.164954 0.000000 0.000000 0.000000
1.321585 1.193825 0.800000 1.924793 -0.196031 0.000000 0.000000 0.000000
1.340818 1.191709 0.800000 1.921631 -0.227069 0.000000 0.000000 0.000000
1.360016 1.189283 0.800000 1.917967 -0.258060 0.000000 0.000000 0.000000
1.379176 1.186548 0.800000 1.913803 -0.288995 0.000000 0.000000 0.000000
1.398291 1.183504 0.800000 1.909139 -0.319868 0.000000 0.000000 0.000000
1.417357 1.180151 0.800000 1.903977 -0.350669 0.000000 0.000000 0.000000
1.436369 1.176491 0.800000 1.898316 -0.381391 0.000000 0.000000 0.000000
1.455321 1.172523 0.800000 1.892160 -0.412025 0.000000 0.000000 0.000000
1.474210 1.168250 0.800000 1.885507 -0.442564 0.000000 0.000000 0.000000
1.493030 1.163672 0.800000 1.878361 -0.472999 0.000000 0.000000 0.000000
1.511776 1.158791 0.800000 1.870723 -0.503323 0.000000 0.000000 0.000000
1.530443 1.153606 0.800000 1.862594 -0.533527 0.000000 0.000000 0.000000
1.549026 1.148121 0.800000 1.853976 -0.563604 0.000000 0.000000 0.000000
1.567521 1.142335 0.800000 1.844871 -0.593546 0.000000 0.000000 0.000000
1.585922 1.136250 0.800000 1.835281 -0.623344 0.000000 0.000000 0.000000
1.604225 1.129868 0.800000 1.825208 -0.652991 0.000000 0.000000 0.000000
1.622424 1.123191 0.800000 1.814655 -0.682479 0.000000 0.000000 0.000000
1.640516 1.116219 0.800000 1.803624 -0.711801 0.000000 0.000000 0.000000
1.658495 1.108955 0.800000 1.792118 -0.740947 0.000000 0.000000 0.000000
1.676357 1.101401 0.800000 1.780139 -0.769912 0.000000 0.000000 0.000000
1.694096 1.093558 0.800000 1.767691 -0.798686 0.000000 0.000000 0.000000
1.711709 1.085428 0.800000 1.754775 -0.827263 0.000000 0.000000 0.000000
1.729190 1.077013 0.800000 1.741396 -0.855635 0.000000 0.000000 0.000000
1.746536 1.068316 0.800000 1.727556 -0.883793 0.000000 0.000000 0.000000
1.763740 1.059338 0.800000 1.713259 -0.911732 0.000000 0.000000 0.000000
1.780799 1.050082 0.800000 1.698508 -0.939443 0.000000 0.000000 0.000000
1.797709 1.040550 0.800000 1.683306 -0.966918 0.000000 0.000000 0.000000
1.814464 1.030745 0.800000 1.667659 -0.994151 0.000000 0.000000 0.000000
1.831060 1.020668 0.800000 1.651568 -1.021134 0.000000 0.000000 0.000000
1.847494 1.010323 0.800000 1.635039 -1.047861 0.000000 0.000000 0.000000
1.863760 0.999712 0.800000 1.618075 -1.074323 0.000000 0.000000 0.000000
1.879854 0.988837 0.800000 1.600680 -1.100513 0.000000 0.000000 0.000000
1.895772 0.977702 0.800000 1.582859 -1.126426 0.000000 0.000000 0.000000
1.911510 0.966310 0.800000 1.564616 -1.152053 0.000000 0.000000 0.000000
1.927063 0.954662 0.800000 1.545956 -1.177387 0.000000 0.000000 0.000000
1.942427 0.942763 0.800000 1.526883 -1.202423 0.000000 0.000000 0.000000
1.957599 0.930615 0.800000 1.507402 -1.227153 0.000000 0.000000 0.000000
1.972574 0.918221 0.800000 1.487518 -1.251570 0.000000 0.000000 0.000000
1.987348 0.905584 0.800000 1.467235 -1.275668 0.000000 0.000000 0.000000
2.001917 0.892709 0.800000 1.446560 -1.299440 0.000000 0.000000 0.000000
2.016278 0.879597 0.800000 1.425496 -1.322880 0.000000 0.000000 0.000000
2.030426 0.866252 0.800000 1.404050 -1.345982 0.000000 0.000000 0.000000
2.044358 0.852678 0.800000 1.382227 -1.368739 0.000000 0.000000 0.000000
2.058069 0.838878 0.800000 1.360032 -1.391145 0.000000 0.000000 0.000000
2.071557 0.824856 0.800000 1.337470 -1.413194 0.000000 0.000000 0.000000
2.084818 0.810616 0.800000 1.314549 -1.434879 0.000000 0.000000 0.000000
2.097847 0.796160 0.800000 1.291272 -1.456195 0.000000 0.000000 0.000000
2.110642 0.781493 0.800000 1.267647 -1.477137 0.000000 0.000000 0.000000
2.123199 0.766619 0.800000 1.243679 -1.497698 0.000000 0.000000 0.000000
2.135514 0.751540 0.800000 1.219374 -1.517872 0.000000 0.000000 0.000000
2.147585 0.736262 0.800000 1.194739 -1.537654 0.000000 0.000000 0.000000
2.159408 0.720789 0.800000 1.169780 -1.557039 0.000000 0.000000 0.000000
2.170980 0.705123 0.800000 1.144503 -1.576021 0.000000 0.000000 0.000000
2.182297 0.689270 0.800000 1.118914 -1.594595 0.000000 0.000000 0.000000
2.193357 0.673233 0.800000 1.093021 -1.612756 0.000000 0.000000 0.000000
2.204156 0.657016 0.800000 1.066830 -1.630499 0.000000 0.000000 0.000000
2.214693 0.640624 0.800000 1.040347 -1.647818 0.000000 0.000000 0.000000
2.224962 0.624061 0.800000 1.013579 -1.664710 0.000000 0.000000 0.000000
2.234963 0.607331 0.800000 0.986534 -1.681168 0.000000 0.000000 0.000000
2.244692 0.590439 0.800000 0.959217 -1.697189 0.000000 0.000000 0.000000
2.254147 0.573389 0.800000 0.931637 -1.712769 0.000000 0.000000 0.000000
2.263324 0.556185 0.800000 0.903801 -1.727902 0.000000 0.000000 0.000000
2.272222 0.538832 0.800000 0.875715 -1.742584 0.000000 0.000000 0.000000
2.280838 0.521335 0.800000 0.847387 -1.756811 0.000000 0.000000 0.000000
2.289169 0.503698 0.800000 0.818824 -1.770580 0.000000 0.000000 0.000000
2.297213 0.485925 0.800000 0.790033 -1.783886 0.000000 0.000000 0.000000
2.304969 0.468021 0.800000 0.761022 -1.796725 0.000000 0.000000 0.000000
2.312433 0.449992 0.800000 0.731799 -1.809094 0.000000 0.000000 0.000000
2.319604 0.431841 0.800000 0.702372 -1.820989 0.000000 0.000000 0.000000
2.326480 0.413574 0.800000 0.672747 -1.832407 0.000000 0.000000 0.000000
2.333058 0.395195 0.800000 0.642932 -1.843344 0.000000 0.000000 0.000000
2.339338 0.376709 0.800000 0.612936 -1.853798 0.000000 0.000000 0.000000
2.345316 0.358120 0.800000 0.582766 -1.863764 0.000000 0.000000 0.000000
2.350993 0.339435 0.800000 0.552430 -1.873240 0.000000 0.000000 0.000000
2.356365 0.320657 0.800000 0.521936 -1.882224 0.000000 0.000000 0.000000
2.361431 0.301792 0.800000 0.491292 -1.890713 0.000000 0.000000 0.000000
2.366190 0.282845 0.800000 0.460506 -1.898703 0.000000 0.000000 0.000000
2.370641 0.263820 0.800000 0.429586 -1.906193 0.000000 0.000000 0.000000
2.374781 0.244722 0.800000 0.398541 -1.913180 0.000000 0.000000 0.000000
2.378611 0.225558 0.800000 0.367377 -1.919663 0.000000 0.000000 0.000000
2.382128 0.206331 0.800000 0.336104 -1.925638 0.000000 0.000000 0.000000
2.385333 0.187047 0.800000 0.304730 -1.931104 0.000000 0.000000 0.000000
2.388223 0.167710 0.800000 0.273263 -1.936060 0.000000 0.000000 0.000000
2.390798 0.148327 0.800000 0.241712 -1.940504 0.000000 0.000000 0.000000
2.393057 0.128902 0.800000 0.210084 -1.944434 0.000000 0.000000 0.000000
2.394999 0.109440 0.800000 0.178388 -1.947849 0.000000 0.000000 0.000000
2.396624 0.089947 0.800000 0.146632 -1.950747 0.000000 0.000000 0.000000
2.397932 0.070427 0.800000 0.114825 -1.953128 0.000000 0.000000 0.000000
2.398921 0.050886 0.800000 0.082976 -1.954990 0.000000 0.000000 0.000000
2.399591 0.031329 0.800000 0.051092 -1.956333 0.000000 0.000000 0.000000
2.399942 0.011761 0.800000 0.019183 -1.957156 0.000000 0.000000 0.000000
2.399975 -0.007812 0.800000 -0.012744 -1.957459 0.000000 0.000000 0.000000
2.399687 -0.027386 0.800000 -0.044680 -1.957240 0.000000 0.000000 0.000000
2.399081 -0.046956 0.800000 -0.076616 -1.956500 0.000000 0.000000 0.000000
2.398155 -0.066515 0.800000 -0.108544 -1.955239 0.000000 0.000000 0.000000
2.396910 -0.086059 0.800000 -0.140455 -1.953457 0.000000 0.000000 0.000000
2.395346 -0.105582 0.800000 -0.172341 -1.951154 0.000000 0.000000 0.000000
2.393463 -0.125080 0.800000 -0.204193 -1.948329 0.000000 0.000000 0.000000
2.391262 -0.144547 0.800000 -0.236003 -1.944984 0.000000 0.000000 0.000000
2.388744 -0.163978 0.800000 -0.267762 -1.941119 0.000000 0.000000 0.000000
2.385907 -0.183368 0.800000 -0.299462 -1.936735 0.000000 0.000000 0.000000
2.382755 -0.202711 0.800000 -0.331094 -1.931832 0.000000 0.000000 0.000000
2.379286 -0.222002 0.800000 -0.362650 -1.926412 0.000000 0.000000 0.000000
2.375502 -0.241237 0.800000 -0.394122 -1.920476 0.000000 0.000000 0.000000
2.371404 -0.260410 0.800000 -0.425500 -1.914025 0.000000 0.000000 0.000000
2.366992 -0.279516 0.800000 -0.456776 -1.907060 0.000000 0.000000 0.000000
2.362268 -0.298550 0.800000 -0.487942 -1.899583 0.000000 0.000000 0.000000
2.357234 -0.317506 0.800000 -0.518990 -1.891595 0.000000 0.000000 0.000000
2.351889 -0.336380 0.800000 -0.549911 -1.883099 0.000000 0.000000 0.000000
2.346236 -0.355166 0.800000 -0.580697 -1.874096 0.000000 0.000000 0.000000
2.340276 -0.373860 0.800000 -0.611339 -1.864588 0.000000 0.000000 0.000000
2.334010 -0.392456 0.800000 -0.641830 -1.854578 0.000000 0.000000 0.000000
2.327440 -0.410950 0.800000 -0.672160 -1.844068 0.000000 0.000000 0.000000
2.320567 -0.429336 0.800000 -0.702322 -1.833061 0.000000 0.000000 0.000000
2.313394 -0.447610 0.800000 -0.732308 -1.821559 0.000000 0.000000 0.000000
2.305921 -0.465766 0.800000 -0.762109 -1.809564 0.000000 0.000000 0.000000
2.298152 -0.483799 0.800000 -0.791717 -1.797080 0.000000 0.000000 0.000000
2.290088 -0.501706 0.800000 -0.821125 -1.784110 0.000000 0.000000 0.000000
2.281730 -0.519480 0.800000 -0.850324 -1.770657 0.000000 0.000000 0.000000
2.273082 -0.537117 0.800000 -0.879306 -1.756725 0.000000 0.000000 0.000000
2.264145 -0.554613 0.800000 -0.908063 -1.742316 0.000000 0.000000 0.000000
2.254922 -0.571962 0.800000 -0.936588 -1.727434 0.000000 0.000000 0.000000
2.245414 -0.589160 0.800000 -0.964872 -1.712083 0.000000 0.000000 0.000000
2.235625 -0.606202 0.800000 -0.992908 -1.696267 0.000000 0.000000 0.000000
2.225557 -0.623084 0.800000 -1.020689 -1.679990 0.000000 0.000000 0.000000
2.215212 -0.639800 0.800000 -1.048206 -1.663256 0.000000 0.000000 0.000000
2.204594 -0.656347 0.800000 -1.075452 -1.646068 0.000000 0.000000 0.000000
2.193704 -0.672720 0.800000 -1.102420 -1.628432 0.000000 0.000000 0.000000
2.182546 -0.688915 0.800000 -1.129102 -1.610352 0.000000 0.000000 0.000000
2.171123 -0.704926 0.800000 -1.155491 -1.591832 0.000000 0.000000 0.000000
2.159437 -0.720750 0.800000 -1.181579 -1.572877 0.000000 0.000000 0.000000
2.147492 -0.736382 0.800000 -1.207360 -1.553493 0.000000 0.000000 0.000000
2.135291 -0.751818 0.800000 -1.232825 -1.533683 0.000000 0.000000 0.000000
2.122837 -0.767054 0.800000 -1.257969 -1.513452 0.000000 0.000000 0.000000
2.110133 -0.782086 0.800000 -1.282784 -1.492807 0.000000 0.000000 0.000000
2.097182 -0.796909 0.800000 -1.307263 -1.471753 0.000000 0.000000 0.000000
2.083989 -0.811520 0.800000 -1.331399 -1.450294 0.000000 0.000000 0.000000
2.070556 -0.825914 0.800000 -1.355186 -1.428436 0.000000 0.000000 0.000000
2.056886 -0.840087 0.800000 -1.378618 -1.406186 0.000000 0.000000 0.000000
2.042984 -0.854036 0.800000 -1.401686 -1.383548 0.000000 0.000000 0.000000
2.028854 -0.867757 0.800000 -1.424386 -1.360529 0.000000 0.000000 0.000000
2.014498 -0.881245 0.800000 -1.446711 -1.337134 0.000000 0.000000 0.000000
1.999921 -0.894498 0.800000 -1.468654 -1.313370 0.000000 0.000000 0.000000
1.985126 -0.907511 0.800000 -1.490209 -1.289242 0.000000 0.000000 0.000000
1.970118 -0.920282 0.800000 -1.511371 -1.264758 0.000000 0.000000 0.000000
1.954900 -0.932805 0.800000 -1.532133 -1.239923 0.000000 0.000000 0.000000
1.939477 -0.945079 0.800000 -1.552489 -1.214744 0.000000 0.000000 0.000000
1.923852 -0.957099 0.800000 -1.572434 -1.189228 0.000000 0.000000 0.000000
1.908029 -0.968863 0.800000 -1.591962 -1.163381 0.000000 0.000000 0.000000
1.892014 -0.980366 0.800000 -1.611068 -1.137209 0.000000 0.000000 0.000000
1.875809 -0.991606 0.800000 -1.629745 -1.110721 0.000000 0.000000 0.000000
1.859420 -1.002579 0.800000 -1.647989 -1.083922 0.000000 0.000000 0.000000
1.842851 -1.013283 0.800000 -1.665795 -1.056820 0.000000 0.000000 0.000000
1.826106 -1.023715 0.800000 -1.683157 -1.029422 0.000000 0.000000 0.000000
1.809189 -1.033871 0.800000 -1.700071 -1.001736 0.000000 0.000000 0.000000
1.792106 -1.043748 0.800000 -1.716531 -0.973768 0.000000 0.000000 0.000000
1.774860 -1.053345 0.800000 -1.732533 -0.945525 0.000000 0.000000 0.000000
1.757457 -1.062658 0.800000 -1.748072 -0.917017 0.000000 0.000000 0.000000
1.739900 -1.071684 0.800000 -1.763144 -0.888249 0.000000 0.000000 0.000000
1.722196 -1.080422 0.800000 -1.777744 -0.859229 0.000000 0.000000 0.000000
1.704347 -1.088868 0.800000 -1.791869 -0.829966 0.000000 0.000000 0.000000
1.686360 -1.097021 0.800000 -1.805513 -0.800467 0.000000 0.000000 0.000000
1.668238 -1.104877 0.800000 -1.818673 -0.770740 0.000000 0.000000 0.000000
1.649988 -1.112435 0.800000 -1.831346 -0.740793 0.000000 0.000000 0.000000
1.631613 -1.119692 0.800000 -1.843526 -0.710633 0.000000 0.000000 0.000000
1.613119 -1.126647 0.800000 -1.855211 -0.680269 0.000000 0.000000 0.000000
1.594511 -1.133297 0.800000 -1.866398 -0.649710 0.000000 0.000000 0.000000
1.575793 -1.139640 0.800000 -1.877082 -0.618962 0.000000 0.000000 0.000000
1.556971 -1.145675 0.800000 -1.887261 -0.588035 0.000000 0.000000 0.000000
1.538049 -1.151400 0.800000 -1.896932 -0.556936 0.000000 0.000000 0.000000
1.519034 -1.156814 0.800000 -1.906091 -0.525674 0.000000 0.000000 0.000000
1.499929 -1.161913 0.800000 -1.914736 -0.494258 0.000000 0.000000 0.000000
1.480741 -1.166698 0.800000 -1.922864 -0.462696 0.000000 0.000000 0.000000
1.461474 -1.171167 0.800000 -1.930473 -0.430996 0.000000 0.000000 0.000000
1.442133 -1.175318 0.800000 -1.937560 -0.399166 0.000000 0.000000 0.000000
1.422724 -1.179150 0.800000 -1.944123 -0.367216 0.000000 0.000000 0.000000
1.403252 -1.182662 0.800000 -1.950160 -0.335154 0.000000 0.000000 0.000000
1.383723 -1.185852 0.800000 -1.955668 -0.302989 0.000000 0.000000 0.000000
1.364141 -1.188721 0.800000 -1.960647 -0.270729 0.000000 0.000000 0.000000
1.344511 -1.191267 0.800000 -1.965094 -0.238384 0.000000 0.000000 0.000000
1.324841 -1.193489 0.800000 -1.969007 -0.205961 0.000000 0.000000 0.000000
1.305133 -1.195386 0.800000 -1.972386 -0.173470 0.000000 0.000000 0.000000
1.285395 -1.196958 0.800000 -1.975230 -0.140919 0.000000 0.000000 0.000000
1.265630 -1.198204 0.800000 -1.977536 -0.108317 0.000000 0.000000 0.000000
1.245846 -1.199124 0.800000 -1.979304 -0.075674 0.000000 0.000000 0.000000
1.226046 -1.199717 0.800000 -1.980533 -0.042998 0.000000 0.000000 0.000000
1.206237 -1.199984 0.800000 -1.981223 -0.010297 0.000000 0.000000 0.000000
1.186423 -1.199923 0.800000 -1.981373 0.022418 0.000000 0.000000 0.000000
1.166611 -1.199535 0.800000 -1.980983 0.055140 0.000000 0.000000 0.000000
1.146806 -1.198820 0.800000 -1.980052 0.087860 0.000000 0.000000 0.000000
1.127012 -1.197778 0.800000 -1.978580 0.120567 0.000000 0.000000 0.000000
1.107236 -1.196409 0.800000 -1.976568 0.153254 0.000000 0.000000 0.000000
1.087482 -1.194713 0.800000 -1.974015 0.185912 0.000000 0.000000 0.000000
1.067757 -1.192691 0.800000 -1.970922 0.218531 0.000000 0.000000 0.000000
1.048066 -1.190343 0.800000 -1.967289 0.251103 0.000000 0.000000 0.000000
1.028413 -1.187669 0.800000 -1.963118 0.283619 0.000000 0.000000 0.000000
1.008805 -1.184671 0.800000 -1.958409 0.316069 0.000000 0.000000 0.000000
0.989247 -1.181348 0.800000 -1.953162 0.348445 0.000000 0.000000 0.000000
0.969744 -1.177702 0.800000 -1.947379 0.380738 0.000000 0.000000 0.000000
0.950301 -1.173734 0.800000 -1.941062 0.412940 0.000000 0.000000 0.000000
0.930924 -1.169444 0.800000 -1.934211 0.445040 0.000000 0.000000 0.000000
0.911619 -1.164833 0.800000 -1.926828 0.477031 0.000000 0.000000 0.000000
0.892389 -1.159903 0.800000 -1.918915 0.508903 0.000000 0.000000 0.000000
0.873242 -1.154655 0.800000 -1.910474 0.540648 0.000000 0.000000 0.000000
0.854182 -1.149091 0.800000 -1.901506 0.572257 0.000000 0.000000 0.000000
0.835214 -1.143211 0.800000 -1.892014 0.603721 0.000000 0.000000 0.000000
0.816343 -1.137017 0.800000 -1.882000 0.635032 0.000000 0.000000 0.000000
0.797575 -1.130511 0.800000 -1.871466 0.666180 0.000000 0.000000 0.000000
0.778916 -1.123694 0.800000 -1.860416 0.697158 0.000000 0.000000 0.000000
0.760369 -1.116568 0.800000 -1.848851 0.727956 0.000000 0.000000 0.000000
0.741940 -1.109135 0.800000 -1.836774 0.758566 0.000000 0.000000 0.000000
0.723635 -1.101397 0.800000 -1.824190 0.788979 0.000000 0.000000 0.000000
0.705458 -1.093356 0.800000 -1.811099 0.819188 0.000000 0.000000 0.000000
0.687415 -1.085014 0.800000 -1.797507 0.849183 0.000000 0.000000 0.000000
0.669510 -1.076374 0.800000 -1.783416 0.878956 0.000000 0.000000 0.000000
0.651748 -1.067436 0.800000 -1.768831 0.908499 0.000000 0.000000 0.000000
0.634135 -1.058204 0.800000 -1.753753 0.937804 0.000000 0.000000 0.000000
0.616675 -1.048681 0.800000 -1.738188 0.966862 0.000000 0.000000 0.000000
0.599373 -1.038868 0.800000 -1.722140 0.995665 0.000000 0.000000 0.000000
0.582233 -1.028768 0.800000 -1.705612 1.024206 0.000000 0.000000 0.000000
0.565262 -1.018385 0.800000 -1.688609 1.052475 0.000000 0.000000 0.000000
0.548463 -1.007720 0.800000 -1.671135 1.080466 0.000000 0.000000 0.000000
0.531841 -0.996776 0.800000 -1.653195 1.108170 0.000000 0.000000 0.000000
0.515400 -0.985557 0.800000 -1.634793 1.135580 0.000000 0.000000 0.000000
0.499146 -0.974066 0.800000 -1.615935 1.162687 0.000000 0.000000 0.000000
0.483083 -0.962305 0.800000 -1.596624 1.189484 0.000000 0.000000 0.000000
0.467215 -0.950277 0.800000 -1.576866 1.215964 0.000000 0.000000 0.000000
0.451547 -0.937987 0.800000 -1.556667 1.242119 0.000000 0.000000 0.000000
0.436084 -0.925436 0.800000 -1.536031 1.267942 0.000000 0.000000 0.000000
0.420828 -0.912629 0.800000 -1.514964 1.293425 0.000000 0.000000 0.000000
0.405786 -0.899569 0.800000 -1.493471 1.318561 0.000000 0.000000 0.000000
0.390960 -0.886259 0.800000 -1.471559 1.343343 0.000000 0.000000 0.000000
0.376356 -0.872703 0.800000 -1.449232 1.367764 0.000000 0.000000 0.000000
0.361977 -0.858905 0.800000 -1.426498 1.391817 0.000000 0.000000 0.000000
0.347827 -0.844868 0.800000 -1.403361 1.415494 0.000000 0.000000 0.000000
0.333911 -0.830596 0.800000 -1.379828 1.438790 0.000000 0.000000 0.000000
0.320232 -0.816093 0.800000 -1.355905 1.461698 0.000000 0.000000 0.000000
0.306794 -0.801363 0.800000 -1.331599 1.484210 0.000000 0.000000 0.000000
0.293601 -0.786410 0.800000 -1.306916 1.506321 0.000000 0.000000 0.000000
0.280657 -0.771238 0.800000 -1.281862 1.528025 0.000000 0.000000 0.000000
0.267965 -0.755851 0.800000 -1.256445 1.549314 0.000000 0.000000 0.000000
0.255529 -0.740254 0.800000 -1.230671 1.570182 0.000000 0.000000 0.000000
0.243353 -0.724449 0.800000 -1.204548 1.590625 0.000000 0.000000 0.000000
0.231440 -0.708442 0.800000 -1.178081 1.610635 0.000000 0.000000 0.000000
0.219793 -0.692238 0.800000 -1.151278 1.630208 0.000000 0.000000 0.000000
0.208415 -0.675840 0.800000 -1.124147 1.649336 0.000000 0.000000 0.000000
0.197311 -0.659253 0.800000 -1.096694 1.668016 0.000000 0.000000 0.000000
0.186482 -0.642481 0.800000 -1.068928 1.686240 0.000000 0.000000 0.000000
0.175933 -0.625529 0.800000 -1.040855 1.704005 0.000000 0.000000 0.000000
0.165666 -0.608402 0.800000 -1.012483 1.721304 0.000000 0.000000 0.000000
0.155684 -0.591105 0.800000 -0.983820 1.738133 0.000000 0.000000 0.000000
0.145991 -0.573641 0.800000 -0.954874 1.754486 0.000000 0.000000 0.000000
0.136588 -0.556017 0.800000 -0.925652 1.770360 0.000000 0.000000 0.000000
0.127479 -0.538236 0.800000 -0.896163 1.785748 0.000000 0.000000 0.000000
0.118665 -0.520303 0.800000 -0.866414 1.800647 0.000000 0.000000 0.000000
0.110151 -0.502224 0.800000 -0.836413 1.815052 0.000000 0.000000 0.000000
0.101938 -0.484004 0.800000 -0.806169 1.828959 0.000000 0.000000 0.000000
0.094029 -0.465647 0.800000 -0.775690 1.842364 0.000000 0.000000 0.000000
0.086425 -0.447158 0.800000 -0.744985 1.855262 0.000000 0.000000 0.000000
0.079130 -0.428543 0.800000 -0.714060 1.867650 0.000000 0.000000 0.000000
0.072144 -0.409807 0.800000 -0.682926 1.879524 0.000000 0.000000 0.000000
0.065472 -0.390955 0.800000 -0.651591 1.890880 0.000000 0.000000 0.000000
